Víctor,UDI,4,6,1,1,1,4,8,7,4,2,2,5,3,3,3,1,5,9,7,9,5,5,8,9,3,5,3,2,1,9,1,1,1,5,4,6,5,2,6,8,5,6,3,2,4,9,5,7,9,2,5,3,7,7,3,2,9,9
Jorge,DC,2,3,3,6,1,1,6,4,1,6,6,8,3,5,3,7,4,3,5,5,2,7,2,3,5,3,5,7,4,8,2,9,8,2,6,5,8,9,3,5,2,3,2,9,2,5,6,1,9,9,1,6,9,5,5,6,8,2
Sergio,DC,8,4,2,3,3,2,5,4,4,9,2,8,7,1,3,8,7,6,7,2,5,3,2,9,6,3,1,4,9,5,8,7,4,2,2,7,1,3,9,6,9,1,2,5,1,7,1,1,1,7,4,5,5,8,2,1,9,1
José Alfonso,RN,3,6,6,3,8,9,9,9,6,5,8,5,6,9,3,4,6,1,1,2,8,2,1,6,8,1,2,5,4,4,5,8,4,2,6,1,6,3,7,2,1,2,4,1,5,4,4,6,6,2,5,6,3,7,4,5,5,9
David,UDI,8,2,1,8,3,5,9,3,9,3,5,8,7,4,8,4,1,7,5,2,3,4,9,1,5,2,6,5,3,6,9,4,5,1,7,6,3,9,2,2,9,5,3,3,4,2,8,2,2,5,1,1,6,3,3,9,8,6
Pedro,IND,1,8,9,7,8,1,9,5,5,8,8,6,4,1,5,8,1,1,6,2,7,2,9,5,4,6,3,3,5,4,7,5,8,2,4,5,8,2,5,2,9,2,3,2,2,8,2,7,8,2,9,2,1,5,9,5,6,4
Pedro,RN,4,8,5,8,1,1,8,2,2,7,7,9,1,4,6,3,4,9,6,2,3,8,4,6,1,7,4,2,3,2,8,3,2,3,7,1,4,9,3,2,3,1,8,5,7,3,5,8,6,6,2,1,3,7,5,9,2,6
Aldo,DC,8,6,8,2,7,2,8,8,8,5,6,1,3,9,5,8,5,7,3,7,9,2,4,2,4,7,8,5,6,5,9,3,3,7,3,2,7,9,4,5,4,5,5,7,8,4,4,8,8,7,3,1,8,7,6,2,4,7
Gustavo,UDI,7,4,2,5,9,1,3,5,7,2,9,1,3,3,4,7,3,8,1,6,2,1,9,4,9,1,9,2,3,9,8,2,2,1,2,5,7,5,6,8,5,6,7,4,7,4,7,1,7,4,2,3,4,7,1,1,5,2
Andrea,UDI,7,5,3,8,6,5,2,2,2,5,7,3,8,7,8,5,4,6,1,6,5,6,7,4,8,5,2,4,7,9,4,9,4,7,7,6,3,1,5,8,4,4,9,8,5,2,9,5,7,4,1,9,2,3,6,3,3,6
René,DC,4,8,2,1,1,8,7,2,8,6,2,8,7,8,9,8,7,7,2,9,7,2,6,5,5,7,6,4,8,7,6,2,1,9,3,7,8,2,1,4,7,3,8,5,4,3,1,3,8,1,6,1,4,2,1,4,1,9
Carlos,RN,6,2,7,2,7,9,5,1,4,1,6,9,8,5,4,7,6,8,9,1,1,3,3,8,7,3,4,5,1,1,4,9,8,6,4,3,6,5,4,8,8,3,1,1,2,6,3,9,1,7,5,5,3,9,8,6,6,9
Guillermo,PC,7,3,2,9,2,2,9,4,9,3,8,4,1,1,6,8,9,4,4,1,7,7,9,2,3,1,4,5,9,2,2,1,4,4,3,9,1,9,1,3,3,5,8,1,7,7,6,4,9,7,2,9,2,3,7,6,6,1
Pedro,IND,1,9,9,2,2,7,5,1,8,8,5,6,4,3,8,4,9,8,2,5,5,1,9,5,3,2,8,1,9,3,3,4,1,8,6,4,7,9,3,2,9,9,2,2,1,3,1,1,5,9,4,8,2,8,6,8,1,4
Enrique,PPD,9,6,5,7,4,3,3,5,2,3,9,8,8,4,2,4,8,2,4,1,8,9,1,9,7,8,4,3,8,5,4,2,5,2,7,4,4,8,8,5,7,5,8,1,4,9,6,6,2,7,6,4,8,7,1,5,3,4
Sergio,PS,7,3,2,8,1,5,5,7,6,6,1,1,3,5,1,1,3,6,8,3,6,2,2,9,5,7,8,2,2,1,8,2,6,4,3,4,8,5,8,5,3,6,3,2,1,2,6,7,6,8,6,2,2,3,7,3,8,3
Isabel,PS,2,6,9,9,3,6,8,7,4,6,7,5,8,8,9,4,8,6,5,8,3,4,2,8,5,7,8,7,9,1,1,3,4,5,9,3,9,2,4,8,9,2,9,8,6,6,3,5,4,3,1,2,2,4,9,8,9,9
Claudio,UDI,2,1,8,5,6,8,6,1,5,7,3,2,7,1,4,3,2,3,1,5,6,7,7,3,1,6,2,4,7,1,5,4,5,9,4,8,4,9,1,5,6,8,4,2,1,6,7,7,4,8,7,9,7,6,9,6,6,3
Rodrigo,UDI,8,5,2,3,9,8,5,8,7,2,7,4,8,9,2,7,8,2,9,3,4,2,2,5,7,6,2,3,1,3,4,6,4,6,3,4,8,9,1,4,1,9,6,6,5,5,3,4,3,5,4,5,3,2,7,9,4,9
Pedro Pablo,RN,1,9,2,7,7,2,8,6,5,7,5,1,7,6,9,7,5,4,1,6,2,1,6,9,5,5,1,6,5,1,8,3,3,2,2,9,9,4,5,2,3,2,5,7,5,5,2,5,8,9,2,7,4,9,1,7,6,5
Lily,RN,2,3,3,1,1,2,4,4,8,1,2,3,9,6,2,1,2,9,2,1,4,6,3,3,4,1,9,6,3,8,9,6,1,9,8,1,3,5,4,3,3,5,8,8,5,8,2,4,7,7,3,2,2,9,9,8,1,8
Gabriel,DC,9,5,3,7,1,2,3,8,7,2,9,7,4,1,3,2,8,9,2,1,2,8,8,8,9,6,6,4,6,6,3,4,3,4,4,6,1,2,9,4,9,7,7,5,6,4,7,1,2,4,6,3,7,5,6,3,8,7
Ramón,UDI,2,5,4,8,1,3,1,2,3,2,1,3,9,8,8,7,7,9,6,6,3,3,3,7,5,3,9,5,3,9,9,9,7,8,2,3,1,4,4,1,1,3,9,1,8,6,2,7,3,7,7,9,2,8,9,9,2,9
Eugenio,UDI,8,1,3,9,5,4,8,7,5,5,5,3,3,8,8,5,8,8,4,9,1,2,4,4,4,3,4,2,9,2,6,7,1,5,7,6,7,3,9,5,6,1,9,7,5,2,8,6,6,2,3,1,1,3,2,3,4,9
Germán,RN,8,1,8,9,1,1,6,3,6,1,1,1,7,3,7,3,4,8,4,9,4,7,4,5,8,8,6,9,5,4,8,5,7,9,1,8,8,3,5,9,4,7,6,2,1,3,1,6,7,4,4,2,4,3,7,6,5,7
Mario,RN,4,9,2,9,8,3,9,3,4,5,5,6,1,9,8,2,4,5,6,7,6,8,7,6,6,3,1,7,2,4,1,1,3,9,5,4,3,2,2,1,4,5,9,3,7,1,5,6,5,7,6,6,5,2,3,3,1,4
Jorge,DC,8,8,1,5,9,3,6,6,1,3,1,2,9,1,6,8,1,9,1,7,3,3,2,9,8,3,4,6,2,8,6,9,2,9,4,3,9,5,7,7,7,2,7,2,2,9,1,6,8,4,3,2,2,8,8,4,3,1
Juan,PS,7,1,4,7,7,5,1,4,8,5,6,7,2,4,3,6,9,6,3,8,9,8,5,7,6,9,4,6,5,7,4,4,6,2,6,7,9,3,2,4,3,1,8,5,4,8,2,5,9,2,6,3,5,3,7,8,5,2
Alberto,RN,4,1,1,1,5,3,1,3,8,4,9,8,8,5,4,1,5,5,6,2,3,3,7,6,7,7,4,2,6,8,1,4,6,7,2,9,4,7,6,9,3,2,9,3,8,7,7,1,3,9,1,7,1,3,1,4,3,7
Guillermo,PPD,2,1,4,3,7,8,4,3,6,6,7,1,7,7,7,1,9,9,1,7,8,2,8,9,9,7,5,8,9,7,9,9,2,8,5,2,6,4,1,5,3,9,3,2,1,4,9,8,1,6,2,9,2,9,4,1,8,7
Sergio,UDI,6,1,3,3,6,9,5,1,7,5,7,3,3,7,5,9,1,4,1,3,2,9,8,1,6,9,9,3,3,3,7,9,5,8,4,9,1,4,7,9,5,1,6,6,1,9,7,9,3,8,5,6,5,4,5,7,2,3
María Angélica,RN,3,4,2,6,1,9,8,6,4,5,1,4,2,5,4,4,4,7,9,7,9,7,2,7,7,3,5,7,6,1,7,5,5,5,1,1,8,2,9,4,8,3,7,1,4,9,6,9,6,4,2,1,6,4,5,1,8,9
Marcela,UDI,8,1,4,5,8,9,3,4,3,3,6,3,3,3,7,5,8,4,1,5,4,6,7,5,8,9,4,2,4,1,8,9,3,6,6,7,3,2,3,4,4,5,1,9,6,4,9,7,8,9,7,2,3,9,7,5,4,8
Roberto,RN,9,6,6,3,2,2,3,9,1,4,7,9,8,6,6,8,1,5,5,1,5,1,7,1,2,5,6,3,3,1,2,9,3,7,5,5,6,8,7,6,7,4,4,3,9,7,4,3,6,4,8,7,5,1,9,3,1,6
Eduardo,PRI,9,9,7,1,9,7,6,2,1,3,4,6,7,2,2,5,3,9,1,3,9,3,6,2,8,2,2,8,9,9,2,7,5,8,2,9,7,3,6,4,4,7,4,3,5,2,2,2,5,2,5,8,3,4,3,2,9,4
Julio,UDI,4,4,7,2,6,2,1,2,9,6,3,6,9,8,3,8,6,9,7,7,7,3,9,6,4,4,6,8,6,3,1,6,2,8,2,8,5,9,6,8,1,9,1,7,3,1,8,2,2,4,5,6,5,1,7,6,5,7
Andrés,UDI,6,5,9,2,6,2,8,8,9,7,6,9,4,5,7,8,3,7,4,1,2,2,8,7,7,5,3,3,2,4,3,4,3,2,2,4,6,9,7,1,6,3,9,9,1,2,4,8,7,4,8,2,8,7,9,8,1,1
Francisco,PS,5,9,3,8,2,6,4,5,3,5,6,6,4,4,7,8,7,8,1,5,3,4,3,2,7,4,9,1,7,7,3,9,8,9,7,6,7,2,7,3,8,6,1,4,8,5,6,5,8,6,6,6,2,5,5,9,3,7
Maximiano,RN,3,5,6,5,8,6,8,4,2,3,2,3,5,5,8,8,5,5,5,1,7,6,9,5,7,8,7,9,6,3,8,7,8,4,6,7,4,4,6,3,1,9,9,1,1,6,9,5,8,8,4,5,3,8,7,3,7,3
Fidel,PS,9,9,4,5,6,1,2,6,2,8,2,9,9,4,7,7,9,7,4,7,3,6,7,9,2,4,5,2,7,6,5,9,4,3,3,4,4,8,1,6,2,2,6,1,7,7,8,6,7,4,7,3,8,3,8,5,8,8
Marcelo,UDI,9,1,6,5,3,2,8,4,8,1,2,5,1,5,6,6,3,2,5,9,7,9,6,2,5,2,9,5,3,7,1,6,7,8,1,5,4,5,9,6,3,1,9,9,6,1,6,1,2,3,6,9,4,4,1,5,4,2
Pablo,RN,1,3,5,8,1,5,5,5,5,7,2,1,8,9,7,2,5,2,1,3,8,4,4,4,4,7,4,4,8,4,5,4,6,4,5,2,9,3,6,6,5,5,7,9,2,9,8,5,7,3,7,5,6,9,3,3,9,4
René Manuel,RN,9,6,8,2,8,1,3,6,6,1,2,4,2,6,4,7,3,1,1,4,9,2,3,5,9,9,5,5,6,6,3,9,6,3,6,2,2,8,9,9,7,3,2,1,9,6,1,3,4,7,3,9,9,4,1,7,1,1
Alejandro,UCCP,9,8,9,7,3,3,8,8,5,5,4,7,9,6,5,2,1,6,3,5,2,1,9,5,5,7,4,3,5,3,8,5,4,6,4,9,1,2,7,5,9,5,3,9,7,2,7,4,1,9,4,2,5,9,5,7,8,5
Rodrigo,PPD,7,3,5,6,3,7,8,5,8,2,2,7,9,8,4,9,4,8,8,2,5,8,7,3,5,9,5,4,4,3,7,4,6,7,7,6,2,9,1,3,6,8,6,3,6,3,2,1,1,6,5,8,3,3,7,9,7,3
Patricio,PPD,2,7,8,9,1,7,9,4,9,5,4,8,7,4,7,2,2,7,9,2,5,6,1,6,2,1,4,3,7,1,9,8,5,2,9,1,9,3,8,6,6,7,6,9,7,9,1,6,6,1,5,6,4,3,8,2,6,9
Javier,UDI,7,8,9,9,2,5,2,6,2,8,3,4,4,1,3,2,3,3,2,4,3,8,3,7,8,1,4,1,8,2,1,1,9,5,9,8,9,8,2,8,6,2,1,7,2,9,4,3,9,1,1,2,9,2,4,5,4,3
Enrique,PPD,1,7,6,6,1,8,2,5,3,3,3,8,5,7,9,8,4,3,8,4,6,9,1,3,8,6,5,4,1,8,4,1,9,3,5,5,8,3,9,5,8,8,1,3,3,4,7,9,6,3,2,4,9,9,9,8,6,3
Carlos Abel,PRSD,6,1,2,7,6,1,5,2,4,6,3,9,5,1,5,2,7,4,4,6,8,5,6,3,9,4,8,4,7,9,9,4,6,2,5,7,6,4,3,6,5,7,1,5,1,5,2,2,2,6,7,8,7,2,1,3,3,9
José Antonio,UDI,1,3,1,8,7,2,7,3,1,4,7,2,3,7,6,8,3,9,9,1,4,8,5,4,6,8,6,6,6,3,9,2,4,7,9,8,7,5,3,3,8,4,8,6,1,5,5,4,6,5,1,8,3,5,6,7,2,1
Antonio,PPD,9,2,8,2,3,8,8,7,6,5,4,6,4,1,4,3,7,1,1,6,4,6,9,4,2,1,5,4,9,3,5,4,4,8,3,1,7,3,9,3,6,7,7,6,6,5,5,6,3,6,7,6,4,5,2,4,8,4
Pablo,DC,2,6,2,5,8,8,8,7,6,6,1,1,5,5,1,4,5,1,3,1,9,3,4,7,9,9,9,9,9,4,5,4,9,7,5,8,1,7,9,2,2,1,3,6,2,7,7,4,8,1,1,3,1,7,4,1,7,1
Rosauro,RN,1,5,3,7,8,5,2,3,9,4,7,8,9,6,4,6,5,6,8,9,2,6,3,6,4,7,3,1,1,3,6,6,5,5,4,2,4,5,4,2,3,4,4,4,1,1,5,9,6,2,7,8,3,3,2,1,3,1
Juan,UDI,6,6,4,1,6,7,7,9,4,4,6,7,2,7,7,6,9,8,3,1,3,4,5,2,3,3,1,6,3,1,1,2,9,5,5,1,7,4,7,8,6,6,3,4,6,3,7,2,6,3,3,4,8,7,4,6,1,4
Patricio,UDI,9,2,3,9,6,3,1,9,6,1,7,4,3,3,4,4,1,2,8,7,6,9,3,3,1,7,1,6,3,8,5,8,2,8,2,9,7,9,6,8,1,7,9,5,8,2,8,6,7,2,4,3,2,2,3,4,9,1
Fernando,PRSD,8,8,2,4,6,5,6,9,9,1,6,4,7,4,9,3,4,4,1,2,3,8,3,9,2,9,3,5,4,7,2,7,5,9,2,4,5,1,8,9,2,6,2,4,4,2,8,6,4,3,7,8,5,1,1,1,1,9
Nicolás,RN,5,2,9,7,9,7,7,7,5,2,7,5,1,4,8,3,1,4,4,3,1,6,9,2,4,4,1,5,9,8,8,2,9,5,8,4,4,2,9,8,9,1,2,1,5,2,2,6,6,5,9,2,8,9,8,7,4,4
Carlos,PS,7,6,7,3,3,9,2,2,3,7,8,4,6,7,2,1,5,5,1,6,4,7,6,4,2,1,2,7,3,2,2,4,9,3,2,6,7,5,3,1,9,5,3,6,6,2,9,3,8,8,2,4,9,1,8,7,7,7
Iván,UDI,2,1,2,2,4,8,3,1,5,3,5,6,4,7,6,1,6,7,3,5,4,8,4,3,1,8,1,6,8,5,5,8,4,2,2,1,8,4,3,2,1,3,6,1,7,7,9,1,8,1,9,7,7,5,8,4,5,6
Jaime,PRI,8,3,1,4,3,9,5,3,8,1,7,3,2,2,8,4,6,3,4,5,7,1,9,6,9,8,2,8,7,7,9,2,1,7,8,5,6,2,4,6,5,3,1,7,6,5,7,6,9,1,2,6,5,9,6,5,7,6
Adriana,PS,7,4,5,8,2,2,9,7,9,8,6,9,6,5,9,6,7,2,9,4,7,4,1,4,2,3,9,8,4,8,3,4,4,4,3,5,8,7,2,2,5,6,8,6,4,2,9,5,5,1,2,6,8,6,4,7,7,4
Iván,UDI,3,1,9,1,6,9,7,3,3,8,8,8,4,1,5,1,6,3,4,2,2,7,3,4,2,2,3,7,4,7,8,2,8,5,9,1,3,9,9,5,8,8,5,4,8,1,7,6,6,5,2,6,8,2,9,7,1,6
Sergio,DC,7,2,3,8,2,1,3,8,4,7,5,3,4,2,9,3,3,9,2,8,2,4,2,2,1,5,6,9,6,4,9,1,7,1,5,4,6,9,7,2,7,7,3,4,6,4,3,8,9,3,7,7,6,6,3,7,2,5
Carlos,PRI,3,5,9,6,4,1,8,3,4,6,4,1,6,9,2,9,4,3,8,7,9,6,4,2,1,7,7,7,5,4,4,1,7,1,1,5,3,1,7,8,9,2,9,3,8,1,7,2,5,8,5,8,5,3,3,8,1,2
José Miguel,DC,4,4,4,6,7,6,9,7,1,4,9,9,9,3,6,4,3,4,5,9,6,3,7,2,4,5,6,3,4,2,3,3,4,1,6,2,1,8,8,9,7,4,1,9,4,4,1,2,7,5,2,2,1,6,3,3,7,8
Osvaldo,RN,3,2,6,6,4,2,6,4,5,9,6,5,6,6,8,3,7,5,5,2,4,2,7,4,5,8,9,1,3,5,5,7,7,9,4,5,5,3,7,5,4,1,2,3,2,9,5,6,7,3,2,8,5,7,1,5,5,1
Iván,PS,6,1,8,4,6,6,5,4,4,1,8,5,6,1,1,6,3,6,1,1,7,4,5,5,6,4,9,6,3,4,7,7,2,3,7,6,9,8,9,7,2,4,8,4,3,8,4,5,5,8,5,9,3,9,5,5,1,6
Darío,UDI,3,7,8,2,2,9,5,2,2,8,1,7,7,2,3,3,9,9,4,2,1,2,4,4,4,3,4,3,3,3,7,9,6,3,6,4,1,7,8,9,8,2,4,9,7,2,6,5,7,7,9,4,9,5,7,6,6,7
José,PRSD,1,5,9,5,8,8,8,4,3,9,1,3,6,3,6,5,9,6,9,3,2,7,6,8,3,8,1,4,4,4,3,4,7,4,2,9,5,2,3,7,2,3,8,7,5,7,5,5,9,5,7,2,3,3,7,7,4,4
Jaime,PPD,9,9,8,3,1,2,7,9,6,9,2,1,5,9,9,3,1,5,9,3,2,7,6,7,1,7,7,8,6,7,5,5,2,9,1,2,4,3,3,7,5,1,7,7,8,4,8,5,3,5,6,3,3,1,4,8,3,7
Carlos,UDI,9,3,9,6,8,3,3,7,3,2,1,2,5,1,4,3,1,3,1,5,3,6,7,3,3,8,5,8,9,9,7,9,1,5,2,6,1,2,3,7,8,1,7,7,6,4,9,2,8,8,6,7,1,6,6,2,1,9
Alberto,PRSD,1,5,9,3,2,1,9,9,1,9,6,4,9,5,8,2,8,3,9,7,9,4,2,5,9,7,7,2,7,9,4,9,8,4,8,5,2,4,5,6,3,9,6,8,7,3,4,1,4,7,2,4,5,7,6,3,1,4
Manuel,UDI,7,8,7,7,6,5,8,5,5,1,7,6,1,1,5,4,7,4,1,2,9,4,5,8,4,7,5,1,5,6,7,5,3,1,8,1,2,7,4,8,7,9,5,9,6,7,7,1,1,9,2,3,8,1,4,7,4,6
Fulvio,PS,2,2,6,8,9,7,6,3,1,4,7,8,4,3,1,5,3,4,4,6,9,1,9,9,8,8,3,6,3,1,2,3,4,7,1,9,4,4,6,3,2,8,1,8,2,6,7,6,3,9,2,4,5,7,2,2,8,9
María Antonieta,PPD,6,7,6,3,1,3,2,7,4,1,2,6,3,9,3,4,6,9,6,7,8,2,2,3,6,6,4,9,4,1,4,8,5,6,1,4,2,8,2,5,3,2,5,5,6,2,8,3,8,5,8,4,4,3,9,8,8,6
Eduardo,DC,2,6,9,3,2,1,5,8,5,5,8,5,4,9,7,4,1,3,3,7,8,3,9,3,2,4,3,8,6,5,3,3,6,8,8,2,5,7,7,6,7,3,7,7,4,5,1,1,1,1,7,4,2,7,3,2,9,8
Felipe,UDI,7,8,6,4,2,1,6,7,2,2,5,5,4,7,3,8,4,8,6,1,8,1,8,9,8,5,2,5,8,3,1,5,3,8,1,2,1,2,4,4,8,1,3,5,2,5,5,8,2,9,9,5,3,2,4,7,3,2
Alejandra,IND,1,7,8,1,9,8,7,2,6,2,8,5,1,9,8,6,5,7,5,1,9,4,1,4,7,3,4,5,8,3,7,2,3,7,3,2,8,1,5,1,4,9,4,7,3,2,5,2,2,4,8,5,4,3,4,4,1,6
Laura,PPD,2,1,3,4,9,4,9,7,7,5,4,8,7,3,2,5,2,2,2,4,4,9,4,2,3,2,2,7,1,3,4,9,3,8,7,7,3,6,7,8,5,6,4,6,4,5,6,4,2,2,8,4,8,4,6,9,9,8
Jorge,PPD,3,8,3,7,9,1,1,4,2,7,8,4,9,5,7,4,6,4,9,4,7,8,2,7,3,6,2,2,3,7,8,3,9,5,8,6,8,7,8,1,6,6,7,6,8,3,8,9,6,8,5,5,5,1,6,4,5,2
Carolina,PPD,8,7,3,2,6,5,2,7,9,7,6,4,4,9,6,7,5,4,5,7,2,8,8,2,2,4,4,7,8,5,4,6,9,5,7,5,6,4,2,5,1,2,3,4,1,9,3,8,8,6,2,4,6,7,8,8,9,6
Eugenio,PPD,8,3,4,8,8,1,7,6,8,5,6,9,9,1,4,3,9,3,5,5,3,4,4,4,2,4,2,3,9,6,9,4,5,7,7,4,3,3,6,5,6,7,2,2,1,3,7,5,7,4,5,7,4,5,4,2,6,4
Jorge,UDI,5,2,1,9,8,2,9,1,5,3,6,3,2,1,3,8,4,2,5,1,2,8,8,9,3,6,6,8,6,9,5,3,7,3,9,8,7,5,6,5,9,4,1,1,9,9,7,5,5,3,7,9,7,3,5,5,5,9
Gonzalo,UDI,4,7,2,1,4,5,8,7,3,5,7,6,4,9,1,6,4,2,8,4,1,8,8,4,5,8,9,1,9,8,3,2,2,9,5,8,2,7,7,5,8,2,4,4,1,7,1,1,5,5,7,4,3,3,7,3,6,5
Ignacio,UDI,8,5,4,9,8,8,2,1,8,5,2,4,6,8,6,8,1,8,2,2,4,5,3,6,9,9,2,2,1,8,2,7,1,2,9,6,2,6,7,9,5,9,7,4,1,5,8,7,1,2,5,3,4,1,3,9,4,4
Esteban,IND,3,3,5,5,8,2,2,7,9,8,2,9,1,8,5,5,9,3,1,1,6,3,8,1,1,4,8,9,5,4,8,9,9,8,6,7,8,6,4,7,3,3,4,2,8,3,3,2,3,2,1,2,5,3,1,3,9,2
Alfonso,RN,2,9,1,8,7,2,7,1,9,4,8,6,1,1,1,9,6,7,1,5,5,3,7,8,3,2,3,8,4,1,2,5,7,8,3,7,1,2,6,7,7,3,3,1,5,4,2,8,7,2,8,5,2,3,9,4,9,1
Samuel,RN,6,7,2,1,4,8,1,8,7,6,2,2,2,8,1,9,7,2,4,7,8,6,6,5,2,4,8,8,1,7,8,1,9,1,9,3,2,4,5,1,7,7,7,4,9,6,8,9,5,1,2,2,5,4,2,8,5,1
Ximena,PPD,9,9,8,1,8,8,3,6,6,4,6,8,8,6,9,6,4,1,3,1,4,2,9,2,1,5,8,3,4,8,9,7,6,8,5,2,1,8,5,3,3,8,7,5,2,9,5,1,9,7,8,2,3,2,3,8,1,7
Gastón,UDI,6,3,4,2,8,8,7,3,6,1,6,5,4,4,8,8,7,4,5,7,2,7,3,4,2,3,7,7,4,3,5,8,1,7,6,8,2,4,6,8,7,9,6,6,2,4,3,6,4,7,8,3,3,6,7,6,2,3
Patricio,DC,7,1,1,8,8,1,1,4,6,5,3,7,5,2,9,3,6,4,1,6,2,9,1,1,7,8,3,2,7,3,4,8,8,9,9,4,1,3,8,6,5,3,9,2,7,4,8,6,6,6,7,5,1,6,2,8,8,7
René,RN,3,9,3,6,3,9,5,1,8,1,4,6,1,2,9,9,5,5,7,1,5,7,3,6,1,7,2,6,3,1,7,9,4,7,4,4,3,2,5,1,9,1,2,9,2,5,7,1,3,6,5,8,9,1,1,1,4,1
René,PPD,6,8,5,5,2,9,3,1,4,3,3,6,3,4,6,2,6,9,3,9,2,2,1,9,7,3,8,4,7,6,3,3,1,5,4,3,1,1,6,2,1,1,1,8,3,6,1,9,6,9,1,3,3,7,7,5,1,1
Gonzalo,UDI,9,9,4,2,7,7,9,8,8,5,3,9,5,7,6,6,9,9,9,9,8,1,4,5,5,2,1,9,4,1,4,3,7,6,3,5,6,5,9,6,7,7,2,4,9,2,4,5,3,1,2,1,8,7,9,1,7,3
Sergio,UDI,4,8,9,1,4,7,7,3,2,8,3,3,4,3,7,8,9,1,2,6,5,8,4,6,3,7,5,4,4,3,5,8,6,4,9,6,2,1,1,7,4,6,6,9,9,9,8,9,8,1,7,8,9,9,9,6,2,4
Francisco,RN,6,2,8,5,6,3,1,5,3,7,1,4,7,7,7,8,4,8,8,6,1,4,3,6,7,4,3,6,9,9,6,1,1,2,3,3,2,6,2,9,5,4,8,1,3,5,5,8,3,8,2,8,5,2,9,6,3,1
Alfonso,PS,7,1,3,9,4,7,9,1,3,2,8,8,6,8,1,4,4,8,9,1,3,3,7,9,9,7,5,8,9,7,7,4,4,8,9,8,5,2,5,8,1,4,1,1,4,9,5,8,3,1,4,7,1,7,3,3,8,5
Marcelo,PS,4,9,4,7,4,7,7,7,8,5,4,9,6,6,9,2,7,7,3,7,9,7,8,7,1,4,7,5,6,4,3,8,4,8,3,9,5,3,5,6,7,4,1,2,8,3,7,5,9,5,4,1,2,1,6,3,2,7
Gonzalo,DC,5,3,6,5,1,9,9,4,4,8,9,9,8,4,4,9,5,1,8,7,3,6,2,6,4,2,6,4,9,1,1,9,3,5,6,7,6,8,4,2,9,1,9,6,9,1,9,7,1,3,1,8,1,4,1,7,9,6
Edmundo,UDI,3,8,6,9,7,8,1,7,7,6,3,8,5,8,6,8,1,6,2,3,4,3,7,9,7,3,5,2,2,9,5,2,1,7,5,2,4,7,2,8,3,8,4,8,3,1,6,6,6,8,7,2,3,6,2,8,5,8
Marco,IND,5,3,5,3,6,9,9,4,2,1,1,2,4,4,9,1,2,4,2,7,1,4,4,1,4,7,5,7,4,8,2,8,2,1,5,8,1,3,6,4,8,2,6,1,3,7,7,4,5,4,9,4,9,5,6,3,8,3
Alvaro,IND,5,2,3,1,7,8,6,7,6,8,9,1,6,7,5,9,5,7,8,7,3,1,9,8,2,8,7,8,9,6,5,1,4,4,5,7,8,1,1,4,5,1,7,4,8,5,2,1,3,7,8,9,6,4,9,4,8,5
Marcos,PRSD,7,4,6,1,7,2,2,9,8,8,5,8,3,8,3,9,1,9,3,3,4,3,6,6,8,3,2,8,3,6,1,1,3,2,5,8,8,2,3,9,7,5,9,9,9,2,2,2,7,1,5,9,5,4,3,9,1,8
Enrique,UDI,8,7,7,3,6,5,1,8,5,7,9,3,6,2,1,9,1,2,1,2,5,1,5,3,6,4,8,4,8,6,9,4,6,3,4,5,2,4,1,6,9,8,3,7,3,9,4,6,1,2,6,2,6,2,6,5,8,3
Ramón,PPD,2,7,2,5,3,5,1,3,6,6,5,2,6,9,3,2,2,4,8,8,1,2,1,4,2,2,2,2,6,6,6,8,8,1,7,3,3,1,3,4,3,2,2,2,5,6,5,8,6,8,6,3,8,5,4,6,9,9
Renán,DC,6,2,4,7,2,3,9,4,7,9,1,5,1,7,7,4,3,2,5,7,9,1,7,6,7,6,7,6,5,1,9,3,2,5,5,2,4,9,1,4,8,1,6,4,4,2,9,5,8,3,3,2,7,2,9,2,6,7
Guido,PPD,1,8,2,4,9,8,8,1,6,8,1,9,1,8,1,5,2,2,7,1,3,5,7,2,7,6,4,7,8,1,4,7,2,4,4,4,3,3,7,8,4,9,5,6,4,3,6,1,9,8,2,4,1,2,6,9,3,1
Joaquín,RN,8,9,7,9,3,7,8,2,1,1,7,4,6,4,5,2,4,6,3,7,4,3,3,5,7,8,6,1,1,7,8,6,5,5,5,1,1,2,4,9,7,3,9,8,3,3,3,8,8,8,6,9,6,6,3,1,6,7
Carolina,DC,6,7,3,5,2,8,6,8,5,3,4,5,7,3,9,7,2,3,6,6,2,2,7,3,2,9,9,1,8,9,7,4,8,2,1,4,7,4,5,8,5,7,6,5,8,9,6,2,3,3,6,2,2,4,8,3,6,8
Amelia,RN,9,6,7,5,5,8,6,5,6,6,6,9,6,8,5,6,5,8,5,6,1,6,1,8,7,3,1,3,9,5,6,8,6,6,4,8,1,5,5,7,8,3,5,1,8,3,2,3,4,2,6,6,5,9,5,7,9,2
Jorge,PPD,1,1,9,2,1,6,2,7,8,9,6,1,8,6,3,5,1,9,6,9,1,8,1,5,3,4,1,1,8,2,1,7,7,1,4,4,6,8,2,3,8,8,3,2,5,5,2,7,1,5,2,2,7,7,7,5,8,4
Marta,IND,2,3,4,5,8,1,6,7,7,4,9,5,7,4,8,1,8,8,3,4,2,3,2,4,1,9,5,3,2,9,6,9,1,7,6,5,3,4,9,6,7,1,1,4,5,1,7,1,4,9,3,9,1,4,8,7,6,2
Tucapel,PPD,5,3,2,7,8,5,4,2,3,1,4,6,5,8,9,1,1,7,8,5,7,2,8,1,1,5,2,9,5,1,7,4,3,7,1,6,5,1,8,9,9,5,8,7,9,4,2,3,5,9,3,4,6,2,3,6,5,6
Juan Carlos,DC,2,1,3,9,3,1,4,7,1,8,4,7,7,6,5,8,1,2,1,9,4,9,6,8,7,4,4,6,6,3,6,4,8,1,9,8,8,1,2,4,4,5,9,3,1,6,5,5,7,6,1,2,8,5,1,3,6,4
Roberto,DC,1,5,9,4,8,6,8,7,5,3,7,3,9,5,1,4,9,5,5,7,1,2,5,3,4,8,2,4,8,2,7,7,9,1,4,1,6,6,8,9,4,2,6,6,5,7,8,2,8,2,5,1,7,1,1,7,8,9
Juan,UDI,7,9,6,3,9,7,3,9,1,6,5,4,5,2,1,2,6,5,8,6,8,7,7,3,7,6,4,6,1,8,1,1,8,6,4,8,2,4,4,8,4,1,9,8,6,6,3,9,6,8,2,5,9,6,3,8,3,5
Cristián,RN,3,3,3,7,9,4,4,4,6,8,2,4,6,8,9,5,4,1,4,6,4,2,2,6,7,7,1,8,1,5,7,6,2,1,9,5,2,6,1,2,4,2,1,3,9,9,5,6,8,9,5,3,3,7,9,9,1,9
Manuel,PS,7,6,9,2,5,6,5,5,8,3,8,9,3,3,5,3,6,9,3,4,4,3,7,6,7,3,3,6,4,4,6,9,5,6,7,5,8,3,2,5,2,8,3,2,3,4,1,9,5,7,2,3,3,2,1,2,9,6
Claudia,UDI,7,6,2,4,1,3,5,2,9,5,1,6,7,6,8,1,5,2,9,4,4,4,4,6,6,1,2,6,6,1,2,9,7,9,2,6,1,5,3,5,4,4,6,3,6,3,5,2,6,4,5,3,1,4,5,6,2,7
Marco Antonio,PPD,9,8,2,7,8,7,8,3,9,3,3,6,6,2,8,3,5,7,7,4,7,5,1,6,5,1,3,5,1,9,3,7,2,8,8,5,6,2,4,6,6,4,7,6,4,7,7,1,2,9,4,4,3,8,8,3,3,3
Clemira,PS,4,7,8,4,9,9,4,9,4,9,9,7,4,4,4,4,5,2,2,5,8,5,6,6,1,8,2,6,6,5,9,5,3,3,1,5,7,1,5,1,9,7,9,7,9,3,6,8,4,9,9,7,6,6,5,8,4,2
Denise,PS,9,5,1,4,8,5,6,8,7,9,6,5,3,6,6,4,1,9,8,8,4,4,8,7,5,6,7,8,8,8,4,1,6,1,7,3,6,3,1,5,5,6,6,9,8,4,3,6,8,1,9,1,7,9,5,8,1,6
Karla,RN,4,9,3,8,6,1,8,7,5,6,8,2,3,9,5,6,4,9,6,4,9,2,3,2,6,5,3,3,6,1,3,9,4,3,9,8,4,8,3,8,4,6,2,2,8,2,1,2,6,7,1,5,8,1,3,7,3,7
Jorge,DC,7,2,4,3,1,4,4,9,6,2,3,6,4,3,4,7,6,6,2,9,2,2,7,3,8,4,2,1,7,8,5,5,1,5,5,2,4,9,9,8,8,7,5,5,8,5,9,9,8,3,6,3,3,8,6,7,8,8
Roberto,RN,6,7,2,4,1,9,3,1,3,6,2,3,8,9,4,5,6,4,7,7,4,6,1,5,7,7,9,4,8,4,7,1,4,5,6,2,9,7,7,4,2,1,7,4,8,1,2,4,6,2,7,9,8,3,6,4,5,1
Gabriel,DC,7,2,5,2,3,4,6,9,3,3,8,3,9,4,7,5,1,2,6,9,4,4,9,4,6,8,2,3,9,8,6,8,2,6,2,5,8,8,9,1,6,9,6,2,7,7,1,1,5,9,3,1,5,5,7,7,5,3
Alejandro,PRSD,1,3,6,8,4,7,6,4,5,3,3,1,7,5,2,1,3,5,9,9,8,8,9,6,8,7,9,6,4,4,5,9,1,1,6,2,2,4,6,1,8,9,3,1,1,2,3,4,3,8,5,9,9,6,8,3,3,6
Raúl,PS,1,3,7,3,4,4,9,1,9,2,4,5,2,4,3,7,4,2,1,5,7,7,7,1,4,5,5,1,2,1,2,7,2,7,9,2,9,8,3,3,5,2,4,7,9,1,5,3,9,4,1,4,1,2,3,5,8,9
Marisol,UDI,4,7,8,9,4,9,6,2,8,1,9,4,8,6,2,4,4,4,5,4,8,1,5,3,2,3,9,9,3,4,2,7,7,9,6,6,3,6,9,5,4,3,4,1,7,5,5,2,6,4,4,2,1,8,9,6,5,6
Ximena,RN,6,6,9,7,5,1,3,4,5,1,7,5,1,1,4,3,2,1,5,7,1,5,9,7,6,1,9,4,3,5,5,2,6,9,3,7,2,1,9,1,8,3,2,9,6,4,6,9,9,1,8,8,7,6,8,5,8,9
Patricio,DC,4,9,7,7,1,4,6,8,3,9,7,7,2,1,3,4,2,7,7,6,6,4,9,6,3,6,2,3,2,3,7,6,3,3,9,8,4,9,9,6,3,3,8,7,5,8,8,4,2,2,3,1,3,4,2,2,1,8
Mario,DC,1,8,2,8,1,3,8,2,5,2,2,8,8,2,4,5,2,2,4,9,4,6,6,3,4,2,7,8,5,4,8,1,1,4,7,1,3,3,9,9,6,2,6,2,7,4,6,2,1,2,8,4,1,5,8,1,3,3
Germán,RN,1,9,3,7,7,9,1,4,7,5,2,3,3,9,9,8,1,5,3,7,9,1,6,9,4,3,7,4,1,8,7,9,5,7,9,9,2,3,1,4,3,4,5,6,2,6,1,4,3,6,5,3,6,9,3,1,2,7
Felipe,UDI,9,1,9,8,1,8,2,1,7,1,5,9,4,5,2,8,7,7,4,6,2,9,5,6,4,5,5,5,5,1,8,9,3,1,7,9,3,5,4,8,9,4,3,2,3,9,6,8,8,5,6,9,6,2,2,1,6,4
Marcelo,PS,6,1,2,5,1,2,9,1,1,2,3,8,2,7,8,4,5,6,3,3,5,4,1,8,6,1,4,8,5,7,7,4,9,2,2,6,5,9,8,4,3,5,7,9,8,3,4,3,5,1,4,7,9,7,4,9,4,9
Felipe,PPD,1,6,7,3,5,2,2,2,7,4,2,1,8,6,7,7,1,4,8,5,9,1,6,6,5,3,2,4,7,9,6,3,4,4,5,6,8,2,9,3,7,7,7,4,9,7,7,9,9,8,4,2,9,1,6,5,5,3
Pedro Pablo,UDI,9,4,8,5,1,5,8,7,4,8,1,3,9,4,3,2,4,9,4,6,1,4,9,4,4,4,8,3,8,7,5,9,1,6,7,4,9,1,7,6,9,5,4,7,2,8,5,1,8,2,6,9,8,5,6,1,7,4
Osvaldo,PS,4,5,9,4,4,7,4,7,8,2,2,2,4,5,6,7,2,3,4,4,3,1,4,1,3,9,9,9,5,4,8,9,6,1,3,1,5,8,6,6,3,4,1,7,4,6,5,6,6,2,3,7,9,2,7,1,7,9
Pepe,PPD,7,4,4,4,3,3,6,9,3,8,6,4,7,4,8,2,3,7,4,5,4,7,6,3,3,9,1,2,3,8,1,3,3,2,9,5,5,7,7,3,4,2,9,9,8,9,5,1,1,5,2,4,4,9,3,6,1,2
Nino,UDI,2,9,7,2,2,8,5,2,5,4,3,8,9,3,9,4,2,8,4,3,5,4,9,9,7,5,6,7,3,4,1,3,6,5,9,5,6,9,2,1,7,2,5,6,8,8,4,8,9,6,9,6,9,2,7,7,9,6
Giovanni,UDI,7,3,5,4,1,7,9,4,7,7,3,6,4,9,8,6,9,5,1,1,9,2,5,7,5,4,6,7,3,6,5,6,7,3,8,9,8,8,8,3,8,7,1,5,8,5,4,7,1,4,6,7,2,3,2,3,9,9
Cristián,PPD,8,1,2,8,9,1,6,4,3,2,3,3,2,5,6,5,4,7,2,5,6,7,4,1,6,9,7,7,4,1,9,8,2,7,7,6,7,3,4,5,9,6,2,2,5,3,5,2,2,1,6,6,4,8,5,8,1,3
Lautaro,PC,2,5,8,8,3,9,1,3,6,3,4,2,3,2,2,4,1,2,8,5,8,7,7,9,6,7,3,7,5,8,4,4,9,1,9,3,4,3,7,3,3,8,7,3,2,1,7,3,1,5,9,6,6,7,7,8,4,3
Juan Luis,PS,2,2,5,4,5,7,5,3,2,1,1,5,1,2,6,5,4,5,5,3,3,4,1,1,9,2,5,5,8,6,4,4,2,5,2,3,4,4,4,1,8,4,8,1,9,7,1,7,2,3,2,6,8,2,3,1,2,3
Eduardo,DC,2,6,6,3,8,9,8,2,8,6,3,6,6,8,6,9,4,1,1,9,5,4,5,1,7,8,9,4,9,1,2,5,4,7,1,1,2,5,4,5,1,3,6,2,4,4,5,6,1,5,4,9,1,7,3,2,2,3
Fuad,DC,3,9,6,5,2,9,7,4,3,2,7,5,9,9,2,4,2,7,4,4,1,2,8,9,2,3,5,7,2,7,5,2,6,4,9,9,7,7,7,1,3,4,8,4,3,9,3,7,7,3,3,3,6,5,3,9,7,6
Rojo,RN,9,3,7,2,5,5,8,6,1,8,1,9,7,9,7,3,7,9,2,1,7,5,6,7,8,3,9,3,8,6,2,2,6,8,6,5,2,4,4,8,7,2,2,5,9,4,1,7,7,1,9,2,2,5,3,5,8,4
Cristina,PPD,9,9,6,2,9,5,8,3,1,7,1,9,1,9,9,6,7,4,3,8,8,1,2,7,7,1,4,3,2,5,3,9,7,4,5,7,7,1,9,5,1,9,5,5,2,1,1,8,2,6,1,8,1,2,7,1,6,9
Hugo,PC,6,2,9,6,2,5,3,8,4,1,1,3,3,4,8,3,9,6,1,6,5,1,6,8,9,8,5,9,2,9,6,9,7,7,5,7,1,7,3,4,5,6,9,3,2,5,2,5,6,3,6,1,3,8,7,2,3,1
Romilio,UDI,7,2,1,1,9,6,4,1,5,3,3,9,2,5,5,5,8,2,6,8,5,4,4,6,9,7,8,7,8,5,6,6,2,1,5,4,2,1,9,9,2,9,9,5,7,1,1,9,7,5,3,1,1,4,9,8,5,8
María José,UDI,3,1,1,8,8,2,3,2,3,5,6,5,4,1,2,4,4,9,2,6,8,6,9,2,6,2,5,2,7,6,5,2,4,1,9,3,1,8,7,5,7,1,2,3,3,4,7,9,4,9,4,4,7,3,6,7,2,3
Luis,PS,9,4,2,3,9,7,7,5,4,3,2,3,4,7,7,5,8,6,3,9,5,3,2,3,1,9,7,5,3,2,6,9,3,3,3,5,1,6,1,7,5,4,4,5,9,1,9,7,7,4,8,3,7,2,3,8,4,5
Javier,UDI,7,3,3,7,2,8,8,1,6,3,7,8,4,1,7,8,6,8,9,5,5,7,1,9,7,5,1,1,1,3,2,2,5,7,3,3,6,6,6,4,7,2,8,5,8,2,2,4,2,6,8,2,8,4,1,8,8,4
Miodrag,IND,6,4,5,4,3,1,7,5,9,2,7,2,4,7,9,7,6,1,7,4,2,5,1,1,9,7,4,2,6,4,5,5,8,8,4,8,2,7,1,6,3,1,6,9,7,8,3,8,2,5,1,2,8,5,3,5,8,9
Celso,UDI,8,2,6,7,7,8,1,4,6,6,7,3,9,2,9,1,5,8,6,2,7,6,5,7,5,1,8,6,9,2,9,6,6,9,9,8,8,8,8,9,1,2,3,2,7,6,4,2,9,4,6,8,3,5,7,7,5,7
Leopoldo,RN,1,3,9,3,6,6,7,2,6,8,5,3,8,6,7,5,5,2,7,8,2,8,4,2,3,9,6,8,2,9,4,2,2,8,4,4,7,5,9,7,7,3,2,6,7,8,2,9,7,3,7,3,1,4,6,6,9,7
Ricardo,DC,2,5,2,1,7,2,4,5,6,5,5,6,1,9,5,3,1,9,3,9,3,7,5,5,7,4,6,6,2,7,1,6,6,8,8,8,5,2,7,5,2,9,3,8,1,9,4,2,4,1,8,3,4,3,8,4,2,5
Gaspar,RN,6,9,8,6,9,5,8,2,2,2,5,8,6,1,6,2,1,2,5,2,2,5,8,7,9,3,6,3,4,8,9,4,8,8,5,6,3,3,5,6,8,9,2,5,1,8,6,8,1,3,8,6,9,1,6,3,6,6
Marcela,RN,7,6,2,4,9,1,6,8,9,1,4,8,1,1,2,2,8,5,4,6,8,3,6,7,4,5,6,2,6,4,9,9,1,2,1,1,2,9,7,8,5,5,6,9,1,7,8,9,9,3,2,1,6,1,3,9,5,3
Alejandro,RN,4,9,4,7,4,5,5,3,4,4,5,4,8,7,8,4,5,2,6,9,5,6,6,6,4,5,4,4,9,1,3,3,7,4,5,5,3,4,7,1,4,2,3,1,1,5,9,2,6,7,1,7,3,1,4,7,1,1
Frank,RN,1,9,7,5,9,4,1,7,2,1,9,6,4,4,9,6,9,6,5,8,6,2,4,7,5,8,9,8,6,1,1,9,2,8,3,4,8,5,3,5,3,1,8,6,6,6,6,6,1,2,6,5,1,4,4,7,2,4
Ernesto,UDI,6,3,9,9,7,1,1,9,2,2,2,2,6,6,6,1,2,7,6,1,9,7,2,9,4,5,9,9,5,2,5,8,8,8,9,2,3,4,1,8,7,8,9,4,7,9,4,9,2,6,2,8,9,9,2,9,9,9
Arturo,UDI,5,6,2,9,9,2,5,5,2,2,3,1,5,3,2,9,3,1,3,7,7,3,6,2,8,5,6,4,7,5,2,5,6,6,6,4,5,9,2,2,6,5,2,5,3,7,4,9,4,5,3,2,5,4,9,5,6,2
Víctor,DC,8,2,9,6,8,4,9,5,9,3,5,9,4,6,3,8,2,2,2,8,1,8,9,7,4,8,8,6,1,1,8,4,2,9,3,5,7,5,6,5,7,6,6,3,5,4,3,8,5,8,8,8,8,4,6,8,9,1
Joaquín,PPD,4,1,8,8,2,8,7,5,8,4,4,6,1,6,2,9,5,1,8,3,7,8,5,8,7,5,8,4,5,3,7,5,6,8,3,2,3,4,7,8,7,6,9,9,6,6,5,5,4,6,8,7,5,5,2,9,3,4
Enrique,UDI,9,2,2,6,3,4,6,6,5,7,6,8,4,7,2,2,9,1,1,7,4,3,3,6,3,4,2,4,5,1,6,8,1,2,1,3,8,2,3,2,1,8,8,2,7,2,8,3,1,9,7,6,9,4,5,9,3,7
Orlando,PPD,1,7,2,5,2,7,4,2,4,9,1,5,7,6,9,4,7,8,9,9,3,4,6,2,2,6,8,6,5,1,9,9,8,3,5,8,8,1,7,9,1,9,9,9,8,6,1,1,1,7,1,5,9,6,8,3,7,5
Matías,DC,2,3,8,5,6,8,4,1,5,8,5,5,9,9,4,4,1,6,4,5,2,1,4,4,5,1,4,9,9,2,3,5,3,6,7,2,3,8,5,5,3,2,2,7,7,6,8,5,3,8,8,9,3,2,6,7,9,5
Mónica,UDI,6,5,3,3,3,9,6,1,9,6,3,9,9,6,9,3,1,8,1,3,3,9,1,2,5,1,6,4,4,8,3,7,8,2,5,6,9,4,3,4,5,1,8,5,2,9,6,4,2,3,1,2,1,1,1,5,5,4
Mario,DC,6,6,5,7,6,6,7,1,1,6,5,7,3,4,8,3,4,5,5,6,8,1,4,8,8,1,6,5,7,4,8,2,2,4,2,7,8,3,3,1,5,9,1,8,7,5,8,6,6,6,4,1,6,3,3,2,9,2
Gustavo,RN,3,6,6,8,9,4,1,8,3,4,7,8,4,8,5,6,5,2,9,1,6,2,3,2,8,9,6,2,8,9,4,5,8,3,4,4,8,5,4,4,2,1,5,7,4,1,5,7,6,3,6,9,8,7,6,7,6,4
Nelson,PPD,2,6,5,2,9,8,2,5,8,4,6,5,8,3,5,9,7,8,8,7,8,6,2,9,6,8,1,1,5,2,7,2,8,8,8,5,8,9,9,9,8,4,8,8,3,8,2,4,8,8,5,6,4,6,1,6,2,9
Carlos,RN,9,6,3,6,7,6,3,6,3,1,8,1,6,7,7,6,3,9,1,4,3,6,5,7,1,8,2,9,9,5,7,6,3,4,6,3,9,1,7,1,8,7,9,5,9,7,2,9,5,1,6,2,9,4,1,4,2,5
Juan Antonio,UDI,2,3,8,7,8,3,7,6,9,4,7,5,5,2,7,8,5,1,4,9,5,7,2,2,2,8,3,6,1,5,6,7,2,4,5,2,4,4,9,2,7,7,7,4,4,9,1,8,8,6,1,8,1,6,8,6,6,7
Sergio,DC,5,2,4,6,1,1,8,2,9,8,5,7,7,3,3,4,7,2,3,3,4,4,6,3,3,4,6,4,4,6,9,2,1,8,7,1,3,9,4,5,9,9,9,7,9,6,5,8,1,7,2,5,2,9,3,9,6,6
Alberto,RN,5,5,9,6,8,5,5,7,8,4,1,7,3,7,8,1,8,6,2,4,7,6,1,3,4,7,8,8,7,1,9,9,5,3,6,2,3,4,8,4,4,4,3,4,4,3,8,4,3,4,7,4,5,5,9,9,1,4
José,RN,4,5,9,7,4,2,6,6,7,4,5,8,6,9,6,5,6,9,6,5,2,1,7,2,2,9,1,5,3,4,5,4,6,9,3,7,9,1,5,1,8,6,4,9,4,7,8,2,8,7,5,3,6,8,8,1,9,6
Enrique,DC,1,9,4,7,8,6,7,2,7,4,7,3,7,1,2,9,1,6,7,5,9,1,2,6,3,9,2,9,4,2,9,4,5,1,4,7,1,5,4,1,6,6,5,2,6,9,3,4,5,8,9,5,5,8,9,4,7,6
Iván,PRSD,4,6,6,3,6,5,8,4,5,8,4,6,2,6,6,4,1,4,9,7,8,2,1,4,2,7,3,9,2,6,5,4,8,4,8,2,8,4,9,5,7,5,7,8,3,4,1,1,2,9,7,8,7,8,5,3,3,9
Luis,DC,5,3,1,2,6,7,2,2,8,1,3,9,5,5,5,8,5,4,9,3,4,9,8,3,7,1,4,5,7,9,9,6,6,9,2,2,3,1,9,8,8,8,4,7,2,1,9,6,4,5,5,4,1,7,5,2,4,2
Marina,RN,2,7,7,9,9,7,9,9,7,1,4,6,5,6,9,4,2,6,7,7,1,4,9,8,8,6,8,5,4,2,3,8,8,2,8,2,3,6,4,4,4,6,4,9,1,5,4,5,1,5,9,2,7,4,3,6,8,1
Baldo,RN,8,3,8,4,5,4,5,8,3,2,3,7,2,7,2,9,5,2,1,3,6,9,3,5,5,3,5,7,7,9,9,4,6,7,2,9,8,9,5,3,1,6,8,7,5,5,1,6,5,5,2,1,5,8,5,7,5,2
Víctor,DC,9,4,5,1,8,4,6,1,1,2,7,4,3,6,5,4,5,6,9,2,7,7,1,7,6,7,3,3,9,7,1,5,4,4,9,6,8,5,7,5,6,9,8,9,7,3,8,1,8,6,3,2,4,1,6,5,3,6
Antonella,DC,8,3,3,4,1,8,2,5,3,8,7,8,3,5,8,9,3,3,9,4,7,9,5,7,3,6,8,6,3,3,6,8,6,4,7,8,8,4,2,4,6,1,4,7,1,3,9,9,9,8,1,1,7,2,2,4,5,7
Salvador,PPD,9,7,2,2,3,8,2,1,4,1,3,9,4,4,1,6,2,9,9,5,5,5,6,1,4,9,6,8,9,2,3,8,1,4,7,7,4,5,3,2,7,8,6,8,6,8,4,6,5,2,9,8,3,7,8,1,3,4
Enrique,UDI,1,4,2,8,3,7,2,9,4,1,9,9,2,8,6,9,9,5,2,6,9,2,7,9,5,4,2,6,4,4,7,1,1,4,3,8,7,5,3,2,8,5,9,1,7,1,8,4,1,9,9,1,1,2,5,4,7,2
Ignacio,DC,8,3,6,6,1,6,8,1,9,5,9,3,2,6,1,2,4,6,4,5,1,2,7,9,4,3,6,8,4,8,8,3,4,2,1,9,3,6,3,5,7,4,5,8,5,7,4,9,9,2,1,1,4,4,6,5,3,3
Rafael,DC,7,7,4,1,3,6,3,7,8,6,5,3,8,1,5,2,9,6,7,1,4,7,9,5,5,9,5,7,4,9,6,7,6,7,8,4,6,2,6,3,8,9,6,3,7,3,9,7,8,4,5,6,2,5,8,1,6,9
Manuel,DC,2,2,2,9,1,1,1,3,2,3,1,5,3,3,2,9,7,5,8,7,6,8,5,8,3,1,9,9,8,1,3,9,5,8,6,6,7,9,7,1,8,4,6,6,6,5,1,2,5,5,8,7,1,1,6,2,6,7
Haroldo,RN,6,8,1,2,9,9,5,1,3,9,5,1,6,8,9,2,4,2,1,3,4,1,5,4,4,3,5,3,9,1,2,4,4,5,6,9,8,9,2,3,7,2,2,3,7,5,7,8,8,1,5,7,4,5,6,5,9,3
Homero,DC,4,8,3,3,4,8,5,9,3,1,8,6,2,8,3,7,9,6,9,2,1,4,9,2,1,9,8,4,6,9,3,6,9,9,4,2,7,8,9,4,1,8,9,5,8,5,6,1,6,8,7,1,3,5,2,9,3,2
Francisco,DC,3,9,4,5,8,7,2,4,5,7,1,7,4,5,9,8,4,8,2,8,3,5,8,5,7,3,6,8,6,2,4,6,1,6,8,1,3,3,2,7,2,4,7,3,4,6,5,4,7,6,5,2,1,7,2,2,3,8
Tomás,DC,6,3,6,2,8,3,6,1,9,9,8,8,5,2,8,1,5,2,9,5,9,8,2,1,4,6,3,7,7,3,3,9,5,2,6,7,6,6,9,7,5,1,1,6,2,1,6,9,2,1,1,5,1,9,9,5,2,9
Gutenberg,DC,7,2,6,9,3,5,6,9,3,8,4,8,7,2,4,9,6,5,7,7,4,2,5,8,9,2,9,8,5,4,2,9,4,8,1,6,2,5,5,2,9,4,1,4,6,9,6,8,1,1,8,3,7,5,6,3,4,1
Jaime,PS,5,4,4,1,9,7,8,5,2,3,8,6,1,5,9,9,7,2,3,1,4,1,5,7,6,1,6,4,8,3,1,3,2,8,2,3,2,1,7,1,6,3,1,5,9,6,4,8,6,4,2,9,4,9,1,5,5,7
Joaquín,DC,1,5,4,9,3,7,4,9,8,4,6,9,8,7,9,4,2,7,4,3,2,5,2,4,7,8,3,6,5,8,6,9,4,2,4,1,7,2,2,3,3,1,1,2,4,8,8,4,7,3,1,1,1,6,1,9,2,9
Fanny,PS,9,2,1,2,3,6,7,3,3,3,7,2,7,9,4,9,7,2,5,6,6,4,7,1,8,8,7,4,4,3,5,4,1,3,9,5,7,1,7,1,8,2,3,8,3,5,9,5,4,6,3,5,9,7,9,4,1,3
Felipe,PS,6,3,8,7,4,9,4,4,8,5,5,9,7,3,6,9,5,5,5,5,5,8,2,5,2,7,8,8,4,4,4,9,7,1,6,2,8,3,6,2,9,6,5,9,3,7,1,9,6,5,1,2,4,3,2,8,1,4
Osvaldo,RN,8,9,5,6,7,5,3,3,9,2,4,3,2,8,1,3,7,2,2,6,7,8,3,4,9,4,7,1,4,4,7,5,7,4,4,6,2,1,2,5,2,4,4,3,4,7,5,4,7,4,2,1,2,4,5,1,9,9
Andrés,DC,9,2,7,2,9,3,5,5,4,5,4,1,9,2,2,7,7,2,2,1,8,9,3,3,1,8,4,4,2,5,3,2,2,3,1,5,9,3,4,7,6,7,3,9,9,9,2,4,5,6,6,3,2,2,8,8,3,5
Jaime,PRSD,2,4,7,6,5,5,9,8,9,7,2,4,4,6,4,2,6,1,5,4,6,5,9,7,3,7,6,7,8,9,8,3,9,1,8,6,1,5,9,9,5,6,1,5,8,2,6,9,8,1,7,8,2,5,4,6,9,6
Sergio,DC,6,8,7,4,9,9,2,8,1,5,7,3,5,7,4,1,2,1,8,2,3,2,3,3,8,7,4,3,6,5,9,7,4,9,8,8,7,2,1,1,7,3,3,6,9,9,4,7,4,4,6,5,5,5,9,6,9,3
Juan,DC,6,7,9,8,9,4,1,1,7,9,5,6,7,4,4,1,4,5,9,2,3,6,1,9,8,5,1,7,6,2,3,3,8,9,7,9,1,7,8,5,6,8,7,2,2,3,8,1,3,7,2,4,8,8,3,8,9,9
María,DC,1,6,1,2,4,9,3,8,9,5,7,7,4,8,1,9,1,7,5,4,3,6,5,7,1,9,4,7,4,4,1,9,2,6,6,2,9,2,1,5,4,7,5,8,8,4,1,2,8,2,8,1,8,4,5,3,5,4
Miguel,DC,6,8,6,9,2,4,5,9,2,3,4,8,5,3,9,6,3,8,7,8,5,2,7,5,9,6,6,9,3,1,3,9,1,8,7,5,7,8,4,4,7,5,1,8,9,2,5,6,1,6,4,6,8,9,8,4,7,3
Luis,IND,1,3,6,2,7,8,3,2,3,8,4,3,8,9,6,7,1,6,4,6,9,1,8,8,1,9,8,2,1,5,8,5,3,5,6,2,5,7,3,7,9,8,9,6,6,6,2,7,3,3,8,3,8,8,4,2,5,2
José María,RN,7,3,2,4,7,3,9,5,9,2,6,9,2,1,8,8,4,4,6,2,4,7,2,4,8,2,5,6,7,5,5,2,9,7,5,7,8,5,8,7,4,3,6,8,8,7,4,1,3,1,9,9,3,3,5,9,9,9
Octavio,PPD,7,3,9,2,4,4,4,5,7,7,3,9,3,6,2,9,6,6,9,8,1,2,8,3,2,7,2,3,8,1,3,6,8,8,1,3,5,5,4,8,7,2,3,3,6,3,3,3,8,2,1,8,3,6,1,8,2,7
Edmundo,DC,5,7,9,6,8,4,7,6,3,4,4,3,8,1,2,7,8,4,7,9,3,2,6,6,8,5,3,4,9,6,3,8,6,5,4,9,9,9,2,1,4,7,1,3,9,1,5,5,5,8,5,2,2,3,8,6,9,1
Evelyn,IND,7,6,3,3,1,2,9,5,7,2,7,9,6,3,8,2,9,4,2,2,7,9,3,5,7,8,6,3,3,2,2,4,1,5,3,1,8,2,8,6,2,1,8,9,1,4,8,2,1,6,1,4,3,3,6,7,4,5
Eugenio,RN,2,9,2,4,7,4,9,9,9,6,1,7,4,5,8,2,8,5,7,7,5,2,9,8,5,6,8,3,3,8,3,5,7,4,6,7,7,3,8,4,8,8,2,4,5,2,4,1,3,2,8,3,8,6,2,3,1,2
Armando,PS,7,2,5,2,2,8,3,5,5,1,4,7,4,7,4,7,3,8,9,1,2,2,1,3,7,1,2,5,3,4,5,5,2,6,2,4,8,3,8,6,3,1,4,1,4,2,4,9,2,8,2,9,4,3,7,3,9,5
Andrés,DC,6,1,4,6,1,8,5,7,6,1,3,1,2,2,5,2,5,2,5,1,1,5,6,1,7,7,8,5,3,4,6,5,1,1,2,8,5,4,7,1,2,9,6,1,6,4,5,3,8,1,9,4,2,1,4,6,4,8
Carlos,UDI,4,2,6,2,3,5,2,2,3,4,9,1,4,6,2,3,4,2,4,3,1,6,3,8,4,7,8,2,4,3,6,6,9,8,8,7,5,5,3,3,6,4,5,8,6,2,8,6,2,2,6,6,1,8,3,2,2,9
Carlos,RN,5,5,7,8,4,2,7,2,7,7,4,6,3,3,1,6,4,2,9,8,6,1,8,7,8,6,7,6,7,7,2,6,3,6,1,2,8,4,2,8,3,7,3,3,6,5,2,1,3,9,2,6,7,2,3,5,9,1
Carlos,DC,9,5,9,9,5,9,5,6,4,6,8,7,7,1,2,1,6,7,6,8,6,2,4,4,2,7,8,4,5,5,4,1,6,6,9,3,1,7,6,2,2,1,5,8,8,2,3,5,5,2,2,1,8,7,1,5,2,8
Ramón,DC,5,6,8,4,7,6,5,2,7,1,6,8,2,1,1,9,7,1,9,2,1,8,5,4,7,9,5,4,6,9,4,7,8,9,4,9,9,1,4,4,3,3,3,3,8,3,7,6,2,9,9,2,2,4,5,1,1,1
Jaime,PS,1,9,9,2,3,6,8,4,9,8,9,2,2,4,7,8,7,8,4,8,3,6,8,4,1,5,5,6,2,6,1,6,7,6,4,7,4,1,5,2,8,2,9,4,8,8,2,6,4,7,9,8,3,3,8,7,9,5
Miguel Angel,RN,8,3,4,9,6,6,6,2,6,8,4,1,3,4,2,6,8,3,3,5,9,3,9,1,5,2,9,3,6,4,2,4,1,9,4,8,7,9,9,7,1,7,2,5,6,1,4,3,1,4,5,8,4,3,6,1,8,1
Rubén,DC,4,3,1,2,2,5,4,8,1,3,5,4,8,5,1,2,7,1,1,7,7,3,7,9,5,4,3,8,9,9,1,7,9,9,5,3,1,3,6,7,1,2,4,1,3,5,9,9,7,3,4,9,9,2,6,8,2,6
Teodoro,RN,7,2,7,7,8,4,3,6,7,7,6,5,7,2,4,8,1,8,7,5,9,6,9,4,1,5,3,4,2,9,8,3,6,4,6,8,5,9,1,6,9,6,3,8,2,6,3,9,1,7,9,3,9,5,8,7,4,8
Claudio,RN,8,9,8,2,3,1,5,9,2,6,4,2,2,3,5,8,3,6,8,2,2,5,4,4,2,5,1,3,1,7,3,4,7,5,5,3,1,6,8,4,6,5,4,3,5,4,1,4,2,2,4,4,9,8,9,9,5,8
Hosain,DC,4,5,7,1,7,9,1,7,8,2,4,3,4,7,1,3,8,7,2,4,7,5,6,2,5,8,4,5,8,4,3,6,9,9,3,5,8,9,6,8,7,1,4,7,3,5,8,8,3,9,8,3,5,6,6,7,5,7
Jorge,PPD,2,7,7,8,7,2,7,3,2,2,9,2,6,9,2,8,2,7,2,6,4,2,5,6,4,6,8,9,6,1,2,6,6,6,5,7,9,7,7,4,9,9,9,6,8,8,3,4,1,1,9,9,3,7,1,9,1,4
Vicente,PPD,3,1,5,5,5,8,6,9,4,6,8,3,6,2,4,3,2,6,3,7,7,1,1,1,7,7,5,3,1,8,4,7,6,5,8,1,6,3,4,9,2,2,4,2,6,6,1,1,7,7,3,6,5,4,4,5,9,3
Juan Enrique,RN,9,4,2,5,7,5,6,8,9,4,2,7,7,5,2,7,2,2,5,9,4,8,3,7,2,9,1,1,7,4,5,7,3,2,3,2,6,2,1,3,2,1,7,1,7,4,9,6,4,9,3,2,8,8,4,3,1,7
Isidoro,PS,6,5,3,6,1,2,8,1,7,9,9,8,4,7,3,5,5,1,5,5,5,8,2,3,2,6,5,4,4,4,2,6,9,1,9,7,1,2,7,1,5,7,9,8,2,6,1,2,9,4,3,9,6,9,8,3,1,1
Raúl,RN,1,3,8,5,5,1,8,5,4,3,5,7,5,7,1,4,6,3,7,9,4,4,7,7,3,1,3,7,2,5,8,6,6,8,2,6,1,5,5,7,9,7,8,5,4,8,5,7,6,7,6,7,1,8,1,6,6,8
Carlos,RN,2,3,6,6,7,4,9,8,7,5,2,8,7,4,8,4,3,7,4,9,1,6,6,9,8,8,3,6,6,5,9,3,3,2,3,1,7,1,8,6,6,1,8,4,8,8,5,2,4,5,5,6,2,9,6,1,2,8
José Antonio,PS,3,1,6,8,8,4,3,2,7,5,1,1,1,6,6,2,4,6,1,1,8,9,2,5,7,6,2,5,9,7,7,2,1,7,1,2,5,9,9,8,3,7,9,5,3,3,6,1,3,9,5,5,9,5,9,7,7,2
Andrés,RN,3,3,8,4,7,6,1,7,6,9,4,8,1,1,4,8,4,5,9,6,4,6,8,1,3,3,6,7,5,8,5,8,1,6,3,2,7,8,7,8,4,4,8,9,7,4,6,2,5,1,3,3,5,2,1,2,4,1
Mariana,DC,8,3,4,8,4,2,7,2,8,3,3,3,7,9,1,7,3,3,2,2,9,9,2,7,7,6,6,7,1,7,2,7,3,1,1,5,4,5,4,9,4,9,3,3,7,2,2,9,5,6,4,7,3,5,6,7,7,5
Ignacio,DC,3,3,6,1,6,5,9,4,4,9,2,7,7,5,9,1,5,4,8,3,9,1,1,4,9,8,2,9,7,1,6,1,7,4,6,3,7,5,2,7,9,4,8,7,4,7,1,6,6,2,9,7,6,1,1,3,3,1
Iván,DC,2,7,5,1,5,1,8,9,5,6,8,2,8,9,5,6,5,7,6,6,3,9,9,1,9,1,3,1,2,6,5,9,9,4,1,7,5,2,6,3,5,3,4,5,8,4,4,5,2,9,3,7,1,8,3,7,9,1
Luis Valentín,RN,8,2,3,7,7,2,1,6,2,5,9,9,1,7,8,4,8,9,3,5,8,7,8,8,1,8,8,5,4,6,2,8,6,8,2,8,6,4,4,7,9,3,8,6,6,5,5,7,6,1,8,8,5,4,7,2,9,1
Harry,RN,6,5,8,8,2,7,4,2,6,6,9,7,8,6,2,4,6,9,4,5,6,3,2,9,9,8,6,3,8,2,1,2,8,3,9,4,1,7,4,2,3,2,8,6,5,7,5,5,7,9,2,2,4,3,1,4,8,5
José,DC,4,6,7,6,1,9,1,1,4,6,9,9,8,4,4,1,9,5,6,3,2,3,8,3,9,2,7,9,5,3,1,9,6,8,1,9,6,8,7,2,3,2,6,3,9,9,7,6,8,7,8,5,6,7,1,4,9,7
Valentín,RN,2,5,2,9,5,1,4,9,1,3,3,5,6,2,8,5,4,7,6,7,6,2,2,9,5,8,5,2,8,1,3,3,1,7,1,3,9,3,1,1,3,3,9,7,4,3,6,7,6,2,7,5,1,6,3,3,7,7
Erick,DC,2,6,1,3,2,1,4,4,7,2,7,4,4,2,3,6,8,7,2,3,6,9,8,7,9,8,9,5,6,9,5,8,7,9,8,7,6,9,7,9,1,5,3,1,3,4,4,1,3,4,3,1,9,6,7,6,5,3
Martita,PPD,8,5,7,5,6,8,2,8,5,5,3,9,5,6,5,3,6,2,5,1,2,6,4,5,8,8,9,8,2,5,3,7,5,1,4,6,6,9,7,6,2,4,2,5,2,2,4,7,4,3,4,4,5,7,3,1,7,1
Héctor,DC,7,5,9,1,1,7,3,5,7,8,1,8,1,7,4,7,2,5,4,4,3,6,8,9,7,1,3,1,1,7,7,5,9,3,7,7,3,3,3,4,2,7,7,5,4,4,1,7,4,9,6,7,3,4,1,5,6,8
Hugo,RN,7,9,5,4,1,4,3,5,9,8,8,3,3,5,1,7,4,8,9,4,9,6,6,7,1,3,5,5,5,5,7,5,8,6,9,1,3,1,9,9,4,7,2,6,8,7,8,6,4,1,5,6,8,8,5,9,2,6
Gustavo,RN,6,5,9,8,6,3,4,7,4,6,6,7,8,4,2,7,6,5,2,7,4,7,6,7,1,1,1,1,7,7,1,5,3,3,9,7,9,8,3,3,4,9,8,8,3,9,5,9,6,7,2,8,9,1,5,8,6,8
Hernán,DC,6,5,5,3,7,8,5,2,9,4,7,2,7,9,2,3,2,3,3,7,4,8,2,7,4,5,7,3,9,6,4,8,3,1,8,6,5,4,7,2,3,4,4,9,2,2,3,3,3,7,3,3,8,6,9,6,2,5
Jaime Alfonso,PRSD,5,5,9,9,4,2,4,3,4,3,2,5,3,1,4,3,4,8,7,9,8,5,9,7,2,1,5,1,4,7,2,4,2,7,3,9,3,4,2,1,4,7,4,9,9,3,8,2,2,5,6,6,8,9,8,5,9,3
Gustavo,DC,2,2,3,2,8,1,4,8,9,9,1,9,2,5,8,6,1,6,5,4,8,9,2,8,4,8,2,1,5,4,2,2,7,2,1,8,7,4,8,2,4,5,1,1,6,1,6,1,9,8,4,7,3,2,8,3,7,5
Baldemar,DC,2,4,3,7,9,2,7,4,9,4,3,5,9,2,2,1,8,4,8,8,8,4,8,8,2,3,3,8,3,5,3,9,7,5,2,6,8,9,3,4,7,9,9,4,4,7,3,1,8,5,6,4,9,3,2,1,6,7
Mario,PRSD,8,6,9,3,8,9,2,2,2,4,6,5,7,3,7,4,6,8,8,3,2,5,2,3,2,9,1,4,7,1,9,9,6,9,6,3,2,2,1,7,9,4,3,9,3,7,4,1,8,2,4,7,9,1,2,8,8,6
Dionisio,PRSD,1,6,4,1,6,2,9,3,3,6,8,6,6,3,4,5,7,8,5,2,8,2,4,4,2,2,4,6,5,8,9,7,8,7,1,8,3,8,3,7,7,3,4,1,6,8,6,5,7,5,4,6,2,3,3,9,4,8
Pedro,UDI,9,1,2,2,9,8,3,3,7,2,8,9,3,3,8,7,1,3,5,8,1,4,4,5,9,6,3,1,8,9,4,7,7,1,4,4,1,9,3,9,9,1,7,9,5,2,1,5,4,6,9,7,4,2,4,8,1,2
Antonio,IND,4,1,5,1,2,7,7,3,6,2,2,9,8,2,6,6,8,1,3,3,7,4,9,8,7,9,6,6,3,3,4,1,9,2,5,7,7,1,1,1,5,9,8,7,3,5,3,7,5,3,9,5,3,3,8,1,7,4
Claudio,DC,4,4,9,1,2,7,6,9,6,3,6,4,4,1,9,2,6,7,2,9,7,7,6,5,7,6,7,6,2,3,8,4,6,4,7,5,2,5,6,6,2,8,3,3,9,9,1,7,2,4,3,1,7,1,4,3,2,1
Sergio,DC,5,8,3,9,5,9,2,2,1,5,6,5,7,9,5,5,9,9,8,8,1,2,7,5,6,7,4,2,4,7,5,5,1,7,7,7,5,2,2,7,9,4,1,5,7,9,5,1,5,3,7,4,2,7,9,3,3,2
Vladislav,PS,8,7,5,2,3,4,7,7,2,2,3,5,6,2,3,1,9,6,9,4,3,9,4,2,8,8,4,3,6,2,9,2,9,7,4,4,8,8,8,9,7,8,7,9,5,9,3,9,7,4,2,2,5,2,9,8,8,8
María,PPD,7,7,3,8,5,1,7,3,9,3,7,3,7,3,4,4,7,5,3,5,9,2,7,8,8,1,7,1,7,2,7,6,7,5,3,6,6,1,2,9,1,3,9,8,9,8,2,2,7,9,4,6,9,4,9,6,1,1
Juan,PS,5,2,6,5,9,9,2,2,8,5,6,1,6,6,8,6,2,5,9,4,6,9,5,2,2,8,6,9,3,7,4,8,9,7,9,8,4,6,3,3,3,6,1,8,4,9,1,6,3,8,9,2,9,8,6,9,9,5
Manuel,DC,9,6,9,8,5,5,3,7,4,6,5,3,6,8,1,3,1,1,9,1,7,1,2,1,5,9,3,2,8,5,3,1,7,2,6,9,9,9,8,6,7,3,2,5,7,7,8,7,3,1,2,6,3,7,8,5,4,7
Federico,RN,6,5,7,4,4,5,3,2,4,9,8,3,8,5,4,9,4,1,2,9,4,2,9,3,2,1,9,3,8,2,5,6,4,2,6,2,1,4,1,7,9,4,3,5,5,4,3,4,6,7,9,2,8,9,1,9,7,5
Jorge,PPD,6,1,2,7,7,5,1,4,2,5,2,4,8,1,7,2,1,1,4,1,9,7,6,8,5,9,1,7,4,1,4,2,9,6,2,3,6,2,8,9,8,8,2,3,9,1,6,9,8,3,1,7,1,3,3,8,4,5
Jorge,RN,4,5,6,1,6,2,7,1,6,4,1,3,9,5,6,9,4,5,6,7,6,9,6,5,7,8,2,7,3,9,5,7,6,5,8,7,8,7,2,4,5,8,7,5,7,1,3,6,5,2,7,4,8,8,7,5,8,8
Roberto,PPD,3,5,7,8,8,5,2,6,9,5,3,5,6,1,8,2,9,3,3,7,6,6,9,7,4,3,5,4,3,6,2,2,9,6,5,3,4,6,4,3,1,8,7,8,1,2,7,9,4,7,5,8,6,6,6,3,5,6
Luis,RN,9,7,8,8,7,2,8,9,5,7,5,5,8,1,1,8,2,2,7,2,2,3,6,3,4,8,4,8,8,1,6,3,6,8,6,2,7,5,9,5,6,5,7,2,6,4,6,4,7,6,5,1,7,3,1,9,2,2
Héctor,PS,3,9,2,3,6,4,3,5,4,8,6,9,2,3,1,9,7,4,5,3,6,6,7,3,6,5,3,9,7,9,9,4,2,8,2,9,4,7,3,3,8,5,4,6,9,6,3,7,3,9,1,6,8,2,2,5,9,3
Eugenio,DC,4,7,3,4,1,5,4,9,5,2,4,4,8,2,5,5,7,1,2,6,4,4,2,1,7,1,1,7,3,8,5,5,6,9,4,3,5,7,7,6,4,7,6,9,7,8,8,6,7,4,6,4,3,5,6,6,3,7
Mario,PS,8,4,8,9,5,7,6,5,7,9,8,3,1,2,7,3,7,3,6,7,6,7,9,8,1,2,4,8,8,7,4,5,6,1,7,9,1,2,6,4,3,7,8,6,9,1,8,5,8,9,1,6,4,9,7,8,9,1
José Apolonio,PRSD,6,2,4,5,4,4,7,7,9,4,2,7,1,6,6,4,9,7,4,2,9,7,5,7,5,1,1,2,3,6,4,4,8,7,1,5,3,6,2,8,6,5,7,3,4,3,7,1,1,4,3,6,4,3,9,1,6,8
Juan Alberto,RN,5,3,8,9,6,2,9,1,8,5,3,3,4,7,2,9,8,8,3,6,9,4,2,7,7,7,8,5,4,1,8,6,6,2,8,6,8,9,8,8,3,3,2,5,8,2,4,5,2,6,3,4,7,2,3,2,8,8
Gustavo,DC,9,9,4,2,9,1,6,6,5,2,1,6,6,6,7,8,5,8,4,8,5,7,2,8,6,2,9,3,4,1,1,4,2,9,6,4,6,2,1,6,8,9,4,9,3,3,5,6,1,5,9,9,9,7,3,4,3,1
Federico,RN,4,9,8,3,1,8,3,8,7,3,3,4,9,5,6,7,7,5,8,1,2,4,7,6,9,2,4,9,5,3,2,4,8,5,7,6,4,9,9,3,9,5,4,8,2,5,3,5,2,2,2,4,7,1,9,1,4,4
Hugo,DC,8,3,3,9,3,8,7,5,8,1,2,2,3,2,3,8,7,8,4,1,9,7,8,4,4,6,1,9,7,9,7,8,1,1,6,3,2,9,9,1,6,3,2,7,9,4,1,7,8,3,6,5,3,4,1,6,1,2
Laura,Other,7,5,9,2,3,2,1,4,8,6,5,3,8,9,3,4,4,8,4,4,8,9,9,6,4,6,5,2,9,4,2,9,8,6,4,4,6,1,3,4,2,7,6,1,2,2,8,1,3,4,4,6,8,9,5,8,4,4
Hernán,DC,4,2,6,9,7,2,9,4,4,1,2,4,6,1,2,7,6,7,2,3,5,9,9,5,6,5,4,9,6,2,9,5,1,6,3,6,4,5,4,9,9,3,7,9,7,3,2,5,5,3,4,3,2,1,4,3,8,1
Julio,DC,2,2,3,5,3,7,1,2,7,4,8,4,3,9,1,8,6,2,1,3,6,9,6,5,5,4,1,6,3,1,6,2,6,2,8,8,5,9,6,7,4,5,8,5,1,6,1,9,7,7,2,1,9,7,7,3,9,2
Juan Akin,PS,2,2,7,1,8,7,2,9,9,7,4,4,5,4,4,2,7,2,9,1,9,8,2,2,7,6,6,1,2,3,8,7,5,3,6,3,6,9,6,1,2,1,1,2,3,3,6,4,3,8,2,4,9,5,1,6,6,5
Andrés,RN,2,9,2,8,8,9,1,7,9,6,6,8,9,7,1,9,6,5,7,5,8,7,9,4,5,2,7,3,5,5,7,6,5,2,1,3,4,1,3,2,7,2,8,2,1,4,6,5,5,1,9,3,8,2,4,3,2,7
Guillermo,DC,3,6,1,6,2,1,2,2,2,7,9,6,4,4,1,6,5,7,9,4,9,5,8,3,8,6,8,7,5,2,1,8,7,2,1,3,6,8,8,2,1,9,4,3,2,8,9,8,4,8,1,7,8,6,3,3,4,9
Martín,PRSD,6,9,7,4,5,6,2,1,7,6,5,3,2,6,8,3,6,6,2,9,2,5,7,5,4,8,7,5,4,1,5,2,7,6,7,8,2,9,9,7,6,4,4,7,7,8,5,7,9,6,4,3,2,5,7,1,7,6
Francisco,RN,6,1,7,7,2,6,8,9,8,6,1,9,8,6,9,9,9,2,1,8,7,3,2,7,7,6,3,2,9,4,5,1,8,4,7,3,4,9,3,5,4,9,8,3,8,7,3,5,3,8,5,9,7,4,4,2,7,3
Eliana,DC,7,4,1,7,6,6,9,1,7,4,3,5,8,7,9,4,1,1,7,8,5,9,5,3,1,2,3,9,3,7,6,7,5,4,5,2,1,2,3,8,7,5,6,5,1,1,1,1,9,4,9,2,2,7,1,7,1,5
Camilo,PS,9,8,7,4,3,1,9,6,6,1,1,1,8,1,8,4,7,1,5,4,4,2,3,9,2,3,3,7,4,7,1,5,6,8,2,2,9,5,9,5,7,2,2,6,8,4,6,9,1,2,7,2,2,1,7,6,1,9
Mario,UDI,2,9,3,2,1,8,6,6,4,8,6,5,8,4,7,1,8,9,9,6,8,4,4,8,4,8,6,3,3,3,2,7,1,1,1,4,9,5,1,4,2,5,2,8,7,5,1,7,9,5,2,2,3,5,8,7,3,8
José Antonio,RN,5,3,2,1,3,4,3,1,1,6,9,7,1,6,1,6,9,3,7,8,9,3,7,8,5,1,7,5,6,1,4,4,6,6,7,8,1,6,1,6,1,2,6,8,1,3,9,4,3,7,6,2,7,7,7,8,5,4
Rosa,IND,7,9,3,8,8,2,4,9,7,7,7,2,9,8,7,6,2,8,7,3,1,6,1,7,2,8,2,6,8,1,4,5,9,7,4,3,9,5,2,8,6,7,6,7,9,7,9,4,6,2,7,1,6,6,9,4,4,2
Carlos,IND,5,9,7,5,2,8,6,6,8,2,6,5,3,2,9,7,2,1,3,2,9,1,7,9,5,2,6,8,5,5,5,2,8,8,4,8,1,3,3,1,9,7,5,8,4,6,1,2,1,1,9,6,5,9,9,3,2,1
Gonzalo,UDI,3,5,2,2,6,9,9,8,9,4,1,1,1,4,6,9,9,2,1,2,2,7,4,2,7,6,2,9,7,1,6,5,3,2,2,8,4,7,7,4,2,4,1,2,7,3,9,7,8,5,6,6,6,1,9,5,5,6
Víctor,PPD,5,7,7,1,3,4,7,7,8,1,1,4,7,9,1,8,6,9,6,5,3,2,2,8,7,5,1,9,8,5,9,9,1,8,3,5,9,7,7,8,7,5,3,9,3,5,9,6,3,8,3,4,7,5,5,3,4,4
Jaime,DC,2,6,5,4,9,2,9,7,2,6,5,8,5,2,6,1,4,2,5,2,7,4,7,6,7,1,6,4,9,8,4,9,8,3,4,2,5,6,5,1,7,3,5,2,6,9,4,7,7,9,9,6,5,3,5,5,4,3
Carlos,RN,6,6,7,4,7,5,7,3,8,2,5,2,2,7,2,8,1,4,1,2,9,9,1,7,5,4,8,8,4,6,4,9,2,6,3,2,5,6,7,4,1,1,1,9,1,3,2,8,1,2,1,4,8,1,2,3,7,2
Eduardo,PRSD,7,2,6,8,2,7,4,1,5,9,2,3,8,1,2,1,6,6,3,3,1,6,7,4,8,4,7,6,1,3,8,8,1,2,8,9,5,3,3,7,1,3,8,2,9,8,5,8,7,2,2,6,6,4,2,8,1,9
Juan Pablo,PS,8,9,9,6,2,8,7,8,5,7,9,1,4,3,2,9,9,5,2,3,7,3,2,8,2,1,6,4,8,2,1,3,7,7,1,1,4,1,8,6,6,4,2,8,3,7,1,8,2,5,2,7,2,8,3,7,9,3
Felipe,PPD,6,9,5,9,4,8,1,8,9,7,1,4,7,5,3,8,9,1,4,1,6,7,5,5,3,4,3,9,3,2,5,6,3,5,9,3,2,7,8,4,9,3,1,2,3,2,6,5,2,2,6,1,1,5,3,8,6,7
Pablo,UDI,2,5,9,6,6,9,3,9,3,1,3,1,7,8,5,2,7,3,7,8,5,5,1,3,4,1,2,3,5,5,3,1,7,6,4,3,6,2,5,4,8,2,3,8,3,9,8,1,6,2,1,4,3,9,9,6,9,6
Zarko,DC,6,4,7,7,4,8,6,1,1,8,7,5,1,1,5,4,9,6,2,1,8,2,7,8,7,7,7,2,7,9,3,4,3,9,2,2,6,4,6,9,4,6,8,1,1,6,6,1,5,2,8,4,4,2,2,8,9,1
Darío,UDI,4,5,8,2,1,1,5,9,2,6,5,6,8,4,9,7,7,4,8,4,3,8,7,7,1,3,4,6,9,1,2,4,1,4,6,7,1,2,9,8,7,7,9,9,6,9,2,7,8,2,8,2,3,6,7,6,5,1
Waldo,DC,4,7,6,8,6,9,6,9,1,5,7,6,7,2,1,3,6,5,9,4,8,7,3,8,3,5,2,3,7,6,8,7,8,4,9,6,4,3,5,6,1,1,5,9,4,8,2,9,6,3,6,4,5,5,6,4,4,1
Alejandro,PS,4,1,8,8,9,3,5,8,3,5,8,4,6,8,3,6,2,4,2,7,3,5,4,9,5,5,2,6,4,5,1,7,8,1,3,8,3,7,7,2,7,4,9,4,7,8,9,7,2,9,9,6,8,5,1,6,5,7
Cristián,IND,5,9,8,4,1,3,3,1,7,3,3,6,6,8,9,4,3,7,8,8,7,2,6,7,9,2,7,4,6,3,2,3,6,8,7,2,1,3,9,4,3,7,3,3,4,3,5,9,9,7,2,5,8,7,1,9,3,9
Ramón,RN,5,9,4,4,4,6,3,9,4,9,2,6,7,8,2,2,8,8,3,7,7,6,1,4,2,9,4,4,4,4,4,3,2,5,5,5,6,6,4,6,6,5,4,4,4,2,5,3,5,1,4,9,8,2,6,1,7,4
Pablo,UDI,9,2,3,9,1,5,8,4,5,5,8,7,5,2,5,2,7,7,9,5,1,2,6,4,6,4,1,8,1,4,4,9,4,7,9,9,8,3,9,3,9,5,1,1,3,1,4,9,4,5,4,6,1,2,7,9,3,8
Víctor Manuel,PPD,4,8,4,8,3,7,5,7,6,4,5,6,8,3,4,4,9,7,3,1,6,5,5,6,2,9,1,5,5,9,3,5,8,3,8,6,3,4,9,4,2,1,6,2,8,8,9,1,8,6,4,7,6,7,1,3,1,7
Leopoldo,PPD,6,3,8,7,6,6,4,9,5,7,8,2,8,4,4,5,9,3,9,9,9,8,5,1,3,1,3,4,1,3,1,6,6,6,4,7,3,2,6,7,3,7,3,5,5,7,9,2,8,1,1,1,9,4,7,6,9,3
Rodolfo,DC,8,5,7,6,8,7,3,5,6,4,4,7,6,2,7,1,3,4,7,7,8,8,7,8,7,7,6,6,2,3,8,8,4,7,8,6,2,2,1,2,4,6,1,7,4,9,9,6,5,2,3,1,1,9,6,8,3,6
Exequiel,DC,9,9,3,3,5,7,3,4,2,2,2,3,2,7,5,1,3,3,4,7,4,1,5,3,5,7,4,7,4,5,3,6,5,1,4,2,2,1,7,3,1,9,8,4,1,8,8,1,4,2,2,9,8,5,6,9,5,9
Mario,UDI,7,1,5,9,1,5,7,8,4,1,2,5,9,6,9,7,8,9,4,2,5,8,6,1,7,9,8,2,4,9,9,8,9,7,4,7,7,3,6,5,7,5,4,9,2,5,6,8,4,6,1,7,4,7,5,4,5,9
Edmundo,DC,6,5,6,3,7,9,9,2,2,4,2,1,1,3,2,1,1,6,7,2,3,7,1,2,2,3,3,2,8,2,1,2,6,4,8,3,4,4,2,8,4,3,9,9,5,8,1,5,7,6,7,8,5,6,4,5,4,8
Arturo,RN,6,4,8,5,1,4,3,9,2,9,6,2,7,6,4,8,9,5,5,6,1,1,8,9,8,1,4,7,8,4,4,4,8,2,6,9,7,4,1,2,7,4,2,8,5,8,6,9,4,9,5,6,3,7,9,7,7,5
Pedro,PS,3,9,3,7,7,6,8,7,1,5,9,6,7,9,2,7,9,3,5,8,1,9,4,8,7,6,7,6,6,3,7,9,2,7,2,1,1,6,6,5,4,8,4,1,1,6,5,4,6,2,9,3,5,9,2,4,2,5
Aníbal,PPD,4,4,6,9,8,8,8,1,5,4,9,7,5,5,3,1,4,4,1,6,5,8,1,3,2,4,2,3,9,4,5,6,9,5,1,7,4,3,6,6,3,3,2,4,6,5,3,3,6,5,5,5,2,3,9,8,7,8
Patricio,DC,5,9,1,3,6,2,2,4,4,3,1,6,2,7,3,3,1,3,1,8,2,4,4,1,6,3,8,3,4,5,1,8,4,5,9,1,2,1,1,1,2,9,4,3,4,8,7,7,2,2,4,5,3,7,1,5,5,8
Guido,PPD,8,6,3,8,6,9,2,4,7,7,8,4,1,3,9,5,6,4,6,8,6,5,3,2,7,3,4,2,9,9,6,1,3,5,3,1,1,1,4,3,8,2,2,4,2,1,6,1,2,4,6,7,2,9,3,9,1,2
Edgardo,DC,1,3,1,7,4,6,5,5,2,7,3,2,4,6,7,3,9,6,7,9,7,7,4,5,3,1,5,7,4,1,8,4,6,5,3,5,3,6,8,5,5,7,7,6,6,7,9,3,7,3,3,9,9,6,1,7,9,5
María Pía,RN,4,7,4,8,1,6,2,9,4,4,2,6,9,6,6,5,3,5,7,6,9,8,2,4,2,6,8,6,7,9,6,6,2,4,9,3,2,5,4,6,1,1,2,1,7,1,3,1,7,4,2,3,5,3,1,4,9,1
Cristián,UDI,7,3,8,7,6,6,3,4,2,8,2,6,3,6,4,8,2,2,3,4,6,2,3,3,7,4,9,5,5,2,7,4,8,6,3,2,7,5,7,9,8,6,7,5,9,4,5,2,7,3,8,9,3,3,2,6,2,2
Carmen,RN,9,6,7,3,6,1,3,8,5,3,2,4,4,7,5,7,3,8,7,6,8,7,8,4,5,5,8,9,7,2,1,5,2,3,2,4,9,4,5,1,6,7,7,6,1,1,7,5,2,2,7,2,5,4,4,2,7,6
María Eugenia,DC,9,8,7,9,1,3,8,5,9,2,4,3,7,2,4,7,6,4,3,5,8,3,5,8,6,2,9,7,4,4,7,3,8,3,4,2,3,4,5,5,6,5,1,9,1,6,9,6,6,7,3,4,3,8,6,8,8,5
Boris,DC,6,3,5,4,1,6,2,7,7,3,8,6,3,1,8,4,7,4,8,3,3,6,9,3,8,5,4,1,9,1,9,7,9,2,5,6,3,1,8,2,9,6,2,2,1,8,4,9,1,9,1,1,4,9,2,3,2,6
Juan,DC,5,7,6,6,9,5,2,8,3,7,7,4,1,7,9,9,8,5,3,1,2,4,4,5,4,6,9,5,7,9,2,1,6,9,6,7,4,4,6,2,9,4,7,7,6,8,3,8,8,5,7,1,3,6,1,2,3,3
Milenko,DC,7,4,4,3,3,7,9,9,2,6,3,1,8,4,5,2,4,5,8,8,7,5,8,8,4,1,7,6,9,5,2,9,9,5,6,4,5,4,4,5,2,9,7,3,2,5,8,6,7,3,2,6,3,7,1,9,9,3
Jaime,UDI,4,4,8,3,8,4,3,9,2,8,7,3,2,8,8,6,4,6,3,1,1,1,5,1,4,3,7,8,2,1,3,9,7,1,1,8,3,3,1,4,5,1,6,5,5,3,5,6,9,9,8,1,3,5,5,3,7,7
Andrés,UDI,2,4,5,5,8,2,3,9,4,1,9,3,3,2,4,9,1,1,7,9,6,5,2,8,8,6,2,4,3,5,5,3,7,1,4,8,8,3,9,2,3,6,2,1,4,3,7,2,2,3,7,9,9,2,7,9,4,9
Sergio,PRSD,1,1,5,6,7,8,7,2,3,7,2,9,1,3,2,6,4,6,8,6,3,6,9,9,6,8,5,5,2,2,2,8,4,3,3,4,1,3,3,8,5,1,9,9,4,4,8,2,9,2,8,5,8,3,3,1,6,4
Luis,DC,1,3,3,3,2,4,6,3,6,4,6,9,2,7,8,2,9,8,9,6,5,6,2,9,6,5,9,6,1,3,8,8,6,7,5,4,9,9,7,9,2,9,3,2,9,5,8,8,6,4,6,9,7,1,9,3,2,1
Carlos,PS,1,9,2,4,2,8,9,7,6,8,3,7,2,3,5,1,8,4,4,6,6,8,6,3,9,6,1,2,4,5,7,6,6,3,4,8,2,8,1,4,1,6,3,4,4,8,8,8,9,4,9,6,6,7,1,8,5,7
Néstor,RN,9,8,1,3,5,6,4,6,7,2,2,7,3,8,1,4,8,9,7,9,2,8,2,1,4,1,2,6,4,3,3,3,4,7,3,7,1,4,9,7,1,8,6,8,4,1,7,4,7,1,6,1,9,4,5,8,5,6
María Victoria,UCCP,1,8,2,8,2,1,8,7,6,7,6,5,4,4,2,9,2,2,6,1,4,1,8,3,2,5,8,1,6,8,7,4,6,6,1,9,7,9,8,3,7,3,9,1,1,8,3,7,8,3,2,7,6,4,2,1,5,6
Jorge,PPD,8,3,8,4,1,7,2,7,3,1,8,3,9,5,5,6,8,9,1,4,3,5,8,3,1,9,9,4,1,9,9,1,5,8,5,8,9,9,7,2,9,8,7,1,2,1,7,7,4,1,6,3,9,6,3,7,6,9
Francisco,UDI,2,8,3,9,1,3,9,7,2,5,6,5,9,1,3,1,8,4,7,5,5,7,1,3,3,2,4,8,3,3,8,4,8,9,2,2,7,9,8,3,5,3,8,4,4,6,9,4,3,6,1,3,6,4,9,7,2,4
Mario,DC,5,6,7,4,9,5,1,8,5,9,2,6,9,3,6,8,4,3,8,8,9,1,9,7,4,8,2,7,5,2,6,1,3,6,9,8,2,1,1,6,3,5,3,1,9,6,3,2,7,6,1,1,7,1,1,8,6,9
José Luis,PPD,9,4,8,3,2,5,8,6,7,3,2,2,8,7,7,6,3,5,3,1,9,4,8,2,6,4,8,4,6,4,2,7,9,1,2,3,6,4,9,3,3,4,6,4,2,5,6,2,2,3,3,5,1,8,3,1,6,7
Vicente,IND,2,3,2,5,8,4,4,5,1,7,7,7,3,6,8,4,7,1,2,9,5,1,9,5,6,3,6,9,5,2,4,5,6,3,6,7,2,3,9,6,1,4,2,3,2,9,5,2,3,5,1,4,6,3,5,9,6,2
Romy,PPD,3,1,4,9,9,1,7,8,8,4,4,8,3,1,3,3,2,5,6,9,4,1,9,7,6,1,2,6,9,5,1,2,3,6,7,2,5,8,8,1,3,3,2,9,8,5,9,4,4,8,3,3,9,7,5,9,2,3
Nicanor,PS,3,6,4,8,6,9,5,4,4,2,5,6,8,4,9,3,4,3,7,6,1,9,7,6,4,4,6,4,7,8,8,6,1,9,4,9,1,8,2,9,8,9,1,4,4,9,1,9,6,9,8,3,4,3,8,3,3,8
Cristian,IND,2,2,7,7,1,9,5,5,5,1,6,6,9,4,5,9,3,7,2,6,5,3,2,6,2,7,6,3,1,1,5,4,9,4,9,6,5,6,8,9,6,1,9,4,9,9,9,3,7,2,4,2,1,7,1,6,3,5
Joel,UDI,8,7,7,7,6,8,5,2,1,5,3,4,8,6,8,3,9,2,7,7,2,2,1,3,2,6,6,1,4,7,5,2,4,8,3,3,8,4,5,3,7,1,9,2,2,7,8,1,7,4,5,1,8,9,3,2,2,3
Issa,UDI,6,2,7,1,3,7,9,8,5,5,4,3,7,7,9,4,4,4,2,2,8,2,3,7,8,3,1,3,1,2,4,8,1,8,8,8,1,7,9,5,4,7,3,9,4,5,4,1,5,2,6,8,5,9,2,2,1,8
Renzo,UDI,1,3,5,7,3,9,6,5,9,1,9,6,8,7,5,5,6,5,2,9,7,3,2,4,2,7,5,1,1,6,1,4,8,6,1,1,4,8,9,8,3,3,4,5,5,6,1,6,1,5,7,9,5,9,7,1,7,9
Joaquín,UDI,9,6,5,4,7,5,1,3,3,8,4,7,2,8,2,2,9,6,9,7,6,6,3,7,6,3,2,5,2,4,7,5,2,2,7,9,1,3,7,9,4,3,6,6,5,1,9,9,9,3,8,6,6,1,1,3,8,2
Camila,PC,6,6,1,9,1,3,2,1,6,6,1,5,5,5,4,9,8,8,9,9,4,6,3,8,2,4,3,5,7,5,9,7,2,1,6,8,3,7,7,4,2,7,3,5,2,5,3,9,1,9,6,2,8,8,4,5,5,4
Loreto,PPD,3,3,3,4,2,1,7,7,3,9,9,4,8,2,7,8,7,2,5,1,4,7,9,4,6,7,7,7,1,3,9,9,5,4,1,6,2,3,9,9,4,1,1,3,6,4,6,1,8,4,5,3,1,9,9,3,4,1
Iván,DC,7,5,3,7,5,3,1,5,6,3,8,5,4,2,8,6,3,3,1,7,7,1,3,9,8,8,9,4,3,2,9,6,7,7,8,1,7,9,9,2,2,9,4,6,5,8,3,4,7,6,6,1,5,7,8,5,3,2
Juan Enrique,DC,3,2,8,4,8,4,5,3,7,4,9,3,7,6,8,8,3,7,1,8,5,3,8,2,6,5,7,3,5,1,7,7,4,3,4,2,7,2,6,6,5,2,5,4,8,3,1,4,1,7,2,6,7,7,5,9,9,9
Marcela,PRSD,5,1,7,6,8,2,7,6,1,6,4,2,9,1,6,7,1,4,6,1,9,9,6,9,8,3,3,2,3,9,4,3,8,8,2,5,6,7,1,1,4,8,9,7,8,5,7,8,4,4,4,9,1,4,7,4,7,1
Paulina,RN,6,4,5,4,2,8,3,4,8,7,9,9,9,1,8,2,6,8,8,2,1,5,3,1,8,4,7,7,2,3,8,7,1,2,1,9,2,3,2,7,2,4,8,6,1,6,6,3,2,7,5,3,8,6,4,5,1,6
Yasna,DC,7,9,2,8,9,3,2,1,1,3,3,3,3,5,7,1,4,3,8,9,1,7,7,1,6,6,4,7,1,7,8,4,4,9,5,2,6,1,2,8,1,6,6,7,6,1,2,9,3,9,9,6,3,3,5,9,5,8
Sergio,UDI,9,5,6,1,7,3,2,3,5,5,4,6,7,5,2,1,2,2,8,2,6,1,8,9,2,3,3,4,8,7,3,2,6,4,7,7,3,7,5,3,9,5,7,7,4,7,9,1,7,6,7,1,1,1,1,8,3,4
Daniel,PC,7,9,2,2,6,3,8,6,4,4,9,2,6,9,3,4,2,2,2,8,1,3,9,5,7,1,3,3,6,1,7,8,1,6,3,4,4,7,9,7,1,2,4,8,4,4,7,7,2,2,2,5,9,2,7,2,1,3
Christian,PS,2,9,8,6,2,6,9,2,5,4,4,5,4,3,1,5,6,6,9,9,2,9,2,2,3,7,3,9,9,9,5,3,5,5,5,9,3,3,8,9,8,8,7,2,4,7,2,9,6,7,3,2,7,3,7,6,2,7
Osvaldo,UDI,1,7,2,9,9,6,4,2,9,6,7,6,2,8,2,8,9,6,2,2,7,6,4,4,7,6,7,4,6,2,6,4,3,4,4,9,8,8,1,1,3,6,9,7,6,9,1,4,4,8,6,6,5,3,8,6,8,5
Daniel,PPD,8,1,7,8,8,4,6,9,3,6,7,2,1,3,4,4,3,8,3,2,8,5,6,7,1,7,5,6,3,8,3,8,3,4,5,3,5,5,2,4,7,5,3,9,8,4,4,6,7,5,8,8,2,7,1,4,1,2
Karol,PC,9,1,2,6,8,9,6,4,1,9,9,5,2,7,8,9,1,4,9,5,1,6,8,8,1,2,6,5,8,6,4,7,7,7,4,2,1,7,7,3,3,3,7,9,2,8,5,7,9,8,2,1,3,6,4,4,6,7
Maya,PS,5,6,6,7,1,7,8,4,1,8,5,8,8,7,8,4,8,5,3,1,1,2,2,3,5,8,8,9,1,8,3,3,6,9,6,2,6,1,7,6,3,1,4,6,8,7,6,9,4,8,6,5,1,5,4,3,4,4
Giorgio,REVD,3,5,1,1,7,2,2,3,5,2,1,9,4,6,8,1,8,9,3,1,9,2,8,4,4,8,6,6,6,8,8,9,5,4,9,9,8,2,7,6,3,4,3,1,2,5,7,1,3,7,3,6,9,6,7,8,2,8
Felipe,EVOP,2,1,4,3,3,6,6,8,7,7,4,8,4,1,9,2,9,8,2,5,4,8,4,4,6,1,1,1,6,6,2,5,5,7,5,5,8,4,5,6,8,8,6,2,3,2,7,8,9,4,1,8,2,3,7,3,4,1
Jaime,DC,8,2,8,6,6,1,6,4,1,4,3,5,6,2,6,9,9,8,8,5,7,6,2,5,6,3,9,9,8,9,7,6,6,1,4,2,9,2,7,3,8,2,6,6,9,1,5,2,3,8,2,6,2,6,9,4,3,7
Claudio,DC,3,3,7,8,9,5,1,6,1,6,4,2,9,9,1,6,5,1,4,8,8,7,2,8,4,9,7,7,2,9,1,2,1,2,1,9,3,5,5,1,2,3,8,5,1,9,1,2,5,7,7,3,6,6,6,7,3,9
Daniel,PS,3,4,3,2,2,1,8,6,4,2,4,7,1,2,4,5,6,6,6,9,1,9,7,5,2,6,3,2,9,3,5,2,5,1,3,9,8,5,3,3,3,4,8,7,5,9,3,5,6,9,1,5,4,2,1,4,3,3
Jaime,UDI,5,6,5,3,5,4,8,9,6,6,9,1,2,7,4,3,4,4,8,5,8,6,7,6,7,6,3,1,3,4,6,1,9,5,9,1,2,3,2,9,6,4,3,4,7,8,3,7,4,6,5,1,6,3,6,8,2,8
Leonardo,PS,3,8,5,6,2,9,4,4,5,3,7,6,6,7,7,5,3,5,5,1,9,9,8,5,8,8,4,4,2,9,4,6,1,9,1,7,5,3,1,8,2,8,4,1,6,9,8,6,7,1,5,4,4,5,7,6,6,5
Juan Antonio,UDI,1,7,7,8,7,3,7,5,3,3,3,6,3,6,3,9,8,3,9,5,3,1,1,8,8,9,3,1,5,1,3,5,4,4,8,5,1,6,4,2,3,4,1,9,3,4,7,9,2,9,9,3,7,5,9,8,8,4
Sergio,DC,5,1,6,9,4,8,6,9,8,5,6,9,5,4,1,9,7,8,1,9,2,2,8,4,7,3,2,5,3,4,4,9,2,9,7,5,7,5,4,2,4,2,4,7,3,3,2,3,6,1,8,9,9,3,9,3,9,7
Marcelo,DC,9,2,6,4,5,4,8,5,2,5,8,7,2,2,4,2,8,2,3,7,1,7,9,4,5,4,8,8,6,6,1,1,5,5,7,8,8,5,7,8,1,1,6,7,7,7,3,5,3,2,2,1,4,5,7,6,7,1
Roberto,IND,8,8,7,8,2,8,3,7,8,2,2,6,7,1,8,8,5,9,6,7,9,2,6,3,1,1,5,7,6,6,3,4,6,2,5,6,4,5,9,4,7,2,9,7,5,5,8,5,4,6,4,9,8,8,1,8,3,9
Diego,RN,4,7,4,2,5,9,3,8,5,1,8,9,9,6,4,6,1,9,7,5,1,5,4,1,3,3,4,3,8,2,3,8,1,1,5,7,8,1,6,4,4,6,1,2,4,8,1,7,6,4,7,6,7,1,6,6,8,1
Bernardo,RN,8,5,5,5,8,5,9,8,7,2,9,6,4,6,8,5,1,9,1,2,8,6,6,4,6,4,5,8,3,4,4,4,1,3,6,3,8,3,6,2,4,6,9,9,1,6,3,1,2,8,5,1,5,3,5,7,1,4
Gonzalo,RN,5,6,1,5,6,8,4,7,1,2,2,6,9,2,9,7,7,4,7,7,3,1,4,4,4,5,5,4,5,1,7,2,5,9,6,5,5,4,9,4,7,6,7,1,2,6,4,9,2,3,1,6,7,1,8,5,4,1
Felipe,UDI,9,9,1,4,2,2,2,5,5,8,9,6,1,6,2,3,3,4,7,2,7,5,3,3,9,5,1,1,5,2,7,4,3,2,4,6,8,7,7,2,4,4,9,7,2,1,6,4,1,9,7,4,4,1,8,3,7,7
Iván,IND,7,6,5,2,2,1,4,7,3,2,7,9,9,7,7,4,9,4,9,8,3,1,9,9,7,6,9,3,8,8,6,4,2,1,6,2,4,1,9,6,8,2,6,7,1,9,1,9,8,6,5,9,2,4,6,9,7,3
Gabriel,IND,2,8,4,5,1,7,5,1,3,7,7,7,7,6,6,5,6,5,8,6,1,6,9,8,1,5,3,3,8,6,8,8,6,1,8,2,9,3,6,2,9,2,1,6,2,7,8,3,3,5,2,2,5,7,7,7,7,7
Miguel Ángel,PPD,9,1,5,6,9,2,5,9,6,3,3,2,6,8,8,9,1,9,3,3,4,5,8,1,2,7,3,1,8,7,6,5,2,8,2,5,1,1,9,9,6,4,6,3,8,7,5,8,9,9,6,5,3,2,1,1,5,9
Florcita,Other,9,9,9,9,2,3,9,4,3,3,2,3,5,9,8,2,4,8,1,5,3,3,5,7,4,2,9,9,7,4,2,1,4,2,5,1,2,5,1,1,1,8,3,9,3,9,6,7,1,6,9,9,1,9,3,5,9,2
Jorge,Other,8,2,7,3,2,2,1,4,5,1,5,3,2,2,8,8,9,8,7,7,8,3,9,9,3,4,9,3,6,4,5,8,4,2,4,6,9,8,7,3,7,6,2,5,8,1,1,1,7,8,3,6,7,5,3,2,6,5
Sebastián,Other,6,1,8,8,4,8,4,2,1,3,7,2,7,3,9,1,2,9,6,4,9,9,6,1,9,3,3,4,4,9,6,9,4,3,7,3,7,8,5,8,3,6,4,3,5,9,4,3,6,7,5,8,5,7,2,1,5,3
Sandra,Other,3,2,2,9,5,7,8,4,5,6,7,6,8,1,1,5,9,1,8,3,5,7,3,3,1,5,4,8,6,6,8,2,3,1,6,7,1,9,7,1,4,6,4,4,9,8,6,8,4,3,8,4,7,1,6,4,5,6
Boris,Other,8,1,7,8,1,2,8,8,2,2,7,1,2,4,6,7,2,3,9,8,2,5,4,5,8,2,2,1,5,6,6,3,4,3,7,8,9,2,4,5,9,3,9,6,7,6,9,3,3,1,6,5,9,4,3,5,4,4
Karim,Other,3,1,3,9,7,7,9,1,2,8,4,6,6,8,4,2,5,1,9,5,5,3,5,4,9,2,9,6,3,4,1,4,4,5,2,5,3,6,3,7,3,6,8,9,2,2,6,1,2,8,4,3,2,8,2,3,8,4
Miguel Ángel,Other,9,8,6,9,1,3,2,5,8,8,2,3,8,9,7,3,1,9,7,1,9,1,2,3,2,8,2,5,5,1,3,8,1,5,9,6,4,2,5,8,2,2,7,6,1,9,2,3,3,2,7,9,9,6,9,1,7,5
Álvaro,Other,3,2,8,9,2,9,1,2,6,9,1,2,8,8,6,7,9,1,8,2,7,6,1,2,3,6,5,8,8,5,8,3,6,1,4,2,6,9,2,1,7,9,6,1,7,6,3,2,4,6,3,2,3,4,9,7,8,8
Natalia,Other,2,3,5,4,8,5,5,7,9,8,7,9,7,8,1,6,8,9,7,6,5,7,9,2,7,2,5,7,3,5,9,4,7,8,9,5,7,4,8,1,3,9,1,1,8,5,7,9,1,1,3,4,7,9,3,8,4,8
José Miguel,Other,6,2,5,2,9,5,1,1,7,6,4,8,4,6,2,3,6,9,8,3,2,2,6,9,9,5,3,5,5,2,7,6,2,5,6,7,8,2,1,6,3,8,7,5,6,2,4,4,9,9,2,6,5,2,4,5,9,9
Ricardo,Other,6,9,3,2,6,1,2,2,8,4,9,6,5,9,3,4,7,2,8,4,5,4,7,5,7,7,3,6,6,3,8,1,9,4,5,8,3,4,7,1,1,3,4,4,1,2,9,1,1,1,9,2,7,8,5,2,1,3
Andrés,Other,1,8,6,9,3,4,4,8,5,1,8,5,5,2,3,8,5,4,9,5,2,9,3,9,1,7,2,4,4,3,7,5,7,3,7,9,6,5,3,4,6,3,7,4,7,7,9,1,5,9,4,3,9,6,5,3,8,5
Sofía,Other,3,8,7,1,8,2,8,7,1,8,9,9,8,2,8,6,6,8,3,5,8,8,3,5,9,9,7,1,9,6,8,5,7,3,8,6,6,2,8,6,6,7,3,6,6,4,3,5,8,6,4,7,6,9,2,2,2,4
Luciano,Other,6,6,8,8,6,5,3,6,4,7,1,6,4,8,4,7,6,2,5,6,5,9,7,9,6,3,4,8,7,7,6,3,1,7,8,3,6,2,5,6,5,9,1,5,3,7,4,3,9,3,9,9,1,7,1,5,7,9
Catalina,Other,8,3,5,8,3,6,6,7,5,8,3,5,9,7,3,9,7,5,9,9,6,4,4,6,9,2,6,2,5,3,6,3,6,2,8,4,5,7,5,4,1,7,3,6,8,8,5,5,9,6,8,6,9,6,1,1,8,7
Mario,Other,5,8,3,6,4,7,9,4,1,8,8,5,3,9,5,4,2,7,8,3,9,2,8,2,2,6,1,3,9,6,3,6,5,4,8,2,8,4,5,1,3,1,2,6,3,9,1,7,9,2,8,8,9,3,2,6,8,3
Jorge,Other,2,4,3,7,6,1,9,4,6,6,3,8,1,6,4,2,1,5,4,7,5,4,3,4,6,6,3,4,3,9,2,1,7,9,8,6,8,8,9,9,4,9,8,4,7,3,6,7,1,5,2,9,1,5,1,3,2,6
Francisco,Other,1,3,8,9,3,5,6,7,5,4,4,4,1,1,8,7,3,7,4,8,3,3,9,8,9,6,8,3,7,3,8,4,6,2,7,5,8,8,6,6,6,2,6,3,6,8,6,4,3,8,5,5,1,6,1,6,5,9
Camila,Other,8,8,7,7,2,5,6,3,5,6,8,4,5,6,8,1,4,5,1,9,4,6,8,7,1,2,7,4,2,3,2,1,9,3,4,4,5,4,1,9,1,4,7,2,5,8,5,2,9,6,7,5,4,6,8,6,8,6
Juan,Other,6,2,7,8,6,5,3,1,1,3,9,9,5,1,7,1,9,5,4,5,8,3,1,8,1,2,4,2,5,5,2,7,9,6,8,4,7,2,1,3,5,8,7,4,1,8,6,4,7,6,7,4,9,8,5,2,4,4
Ramón,Other,4,5,4,4,9,6,6,6,1,5,2,7,5,4,3,3,8,9,2,8,8,3,7,2,5,3,2,2,8,7,2,5,2,8,9,7,2,4,4,2,5,4,8,2,9,8,4,4,8,3,7,2,8,6,5,8,3,2
Renato,Other,6,6,2,9,4,6,5,8,9,8,1,1,5,3,9,3,6,8,6,4,4,4,3,3,3,6,2,9,8,4,4,9,4,4,3,4,6,6,1,6,6,6,6,1,3,2,5,3,8,5,7,8,2,7,7,1,6,3
Carmen,Other,1,6,9,5,2,5,5,5,4,5,3,6,4,1,2,6,8,6,3,3,6,4,2,4,6,4,8,2,9,3,5,7,4,9,9,6,1,6,7,5,4,6,5,3,5,2,2,1,5,9,7,5,7,8,6,9,8,6
Tomás,Other,8,5,3,4,2,2,3,5,7,3,4,2,6,4,3,1,8,9,8,7,6,1,7,5,5,5,6,7,1,1,5,2,8,3,7,4,5,3,9,7,4,3,3,4,2,8,1,9,8,3,2,9,5,8,2,9,6,2
Diego,Other,5,3,5,2,3,2,4,2,4,6,4,9,7,1,1,6,6,1,3,4,7,1,5,4,8,8,5,9,4,8,3,5,3,6,5,6,4,1,2,9,5,1,9,6,1,7,4,3,7,5,8,3,4,3,7,6,9,2
Pamela,Other,4,5,4,4,6,5,7,4,3,6,5,3,2,1,6,5,3,6,3,9,4,8,2,7,5,5,6,6,2,3,3,7,2,3,3,7,7,2,9,8,7,5,5,2,5,9,1,6,9,5,9,1,1,8,2,7,9,4
Harry,Other,2,2,8,2,9,4,6,6,7,7,4,3,9,1,1,3,2,1,2,7,4,3,9,8,1,3,6,7,7,5,3,1,1,2,7,6,3,1,1,3,8,4,5,4,5,8,3,5,8,2,5,9,9,8,7,9,6,7
Sebastián,Other,3,1,1,1,2,2,6,7,3,3,3,6,3,8,3,8,8,8,1,3,1,6,4,7,4,3,8,5,4,2,2,5,6,7,8,9,2,9,1,3,8,8,3,7,7,8,2,8,3,8,7,3,3,8,5,2,7,1
Raúl,Other,1,8,8,4,4,3,5,9,7,9,7,6,9,4,9,1,2,1,1,9,5,2,8,8,5,3,8,8,7,5,8,9,3,8,7,7,3,2,4,3,7,7,4,4,4,4,4,7,8,3,2,6,6,5,8,9,8,2
Aracely,Other,7,6,4,2,5,6,1,8,8,3,1,5,4,4,3,3,3,6,6,8,9,8,7,4,5,4,6,8,1,6,7,9,8,5,9,9,8,1,8,5,9,5,7,1,4,1,8,7,7,1,1,2,8,7,4,9,4,6
Andrés,Other,1,7,5,9,8,3,6,4,6,3,3,6,5,6,5,5,7,4,2,3,8,7,8,4,5,3,7,6,6,7,9,5,9,7,3,3,6,5,7,3,5,5,8,8,9,3,8,4,1,4,7,7,9,6,1,2,9,6
Karin,Other,7,2,3,1,6,2,5,8,2,2,8,3,7,7,3,5,1,4,6,3,3,4,4,2,6,4,8,3,9,2,2,6,8,2,9,5,3,3,7,2,2,1,4,6,2,7,3,3,8,2,7,6,8,4,9,3,6,7
Carolina,Other,4,4,4,7,1,1,3,8,4,2,3,3,8,6,2,3,6,9,1,7,6,4,6,7,1,2,2,7,9,8,4,5,6,1,9,7,9,7,4,1,7,3,3,9,6,4,8,6,9,1,8,9,8,3,9,4,2,7
Cosme,Other,9,4,7,5,1,4,8,3,3,2,1,3,3,7,2,3,9,7,3,2,8,5,5,8,9,6,4,4,1,7,9,8,4,7,2,5,9,3,3,4,3,1,2,2,1,4,4,2,3,5,7,3,1,7,9,9,2,9
Miguel,Other,3,6,8,6,6,1,4,2,3,7,3,5,4,8,2,3,7,3,9,9,4,3,7,2,3,8,7,7,5,1,9,9,8,7,2,8,9,8,4,2,7,3,3,3,5,2,6,6,6,8,7,8,3,4,9,3,5,9
Claudia,Other,4,6,1,3,6,7,4,7,2,4,3,8,7,8,5,4,9,8,8,2,3,6,4,5,4,4,7,7,4,6,3,3,4,2,9,4,9,8,1,6,2,3,8,7,3,1,2,3,4,5,2,9,3,7,1,6,8,4
Andrés,Other,5,4,9,6,4,4,2,4,6,8,7,1,5,1,4,2,7,7,1,2,5,1,5,3,1,5,9,6,6,6,9,4,8,1,1,4,5,7,9,4,4,5,6,1,3,2,7,5,1,4,3,5,3,1,5,5,4,6
Cristhian,Other,3,3,8,8,6,7,8,2,6,4,9,6,9,6,9,2,4,4,2,7,9,4,6,4,6,4,9,9,2,8,5,6,2,7,2,6,7,6,7,8,4,4,5,2,9,4,7,5,5,2,3,3,7,9,6,3,9,9
Francesca,Other,5,9,5,2,2,7,5,3,3,6,3,2,4,9,3,7,2,4,3,1,5,7,6,1,5,9,2,3,1,1,8,5,6,5,9,5,2,2,6,8,5,1,3,2,5,5,9,1,4,7,5,4,8,1,2,8,2,1
Nicolás,Other,2,3,6,8,1,9,5,5,1,6,9,9,7,3,4,9,5,4,2,7,7,1,5,4,2,5,6,9,2,6,5,3,5,5,6,9,5,6,6,6,8,1,9,2,4,9,5,7,5,8,3,9,3,5,4,1,1,8
Emilia,Other,7,4,9,9,2,8,9,6,8,7,5,7,3,7,2,1,9,7,9,4,7,4,2,8,2,4,9,4,3,1,6,9,2,9,1,2,3,1,6,9,8,7,9,7,6,6,6,2,2,9,2,8,1,2,4,4,9,4
Erika,Other,4,5,2,5,6,8,7,1,5,1,4,5,3,3,5,8,2,4,5,9,5,7,1,7,4,2,8,9,6,2,8,3,9,7,9,7,5,8,9,8,4,4,3,9,4,1,6,1,8,1,9,8,7,8,6,7,3,3
Ximena,Other,7,5,2,1,5,4,8,8,3,4,5,4,2,8,9,7,5,8,4,1,7,6,8,9,5,6,4,6,8,8,4,5,5,7,7,7,1,1,7,3,3,4,3,9,2,2,6,6,5,9,6,5,4,9,6,3,2,4
Luis,Other,4,8,1,1,5,6,6,2,8,3,5,1,7,7,4,9,8,3,7,3,5,4,1,2,8,2,9,8,4,4,4,8,8,1,3,4,5,1,1,4,1,4,5,1,1,3,6,2,4,1,6,5,1,1,1,1,2,6
Andrea,Other,3,6,3,2,5,9,9,8,4,1,9,9,5,9,5,3,4,2,4,4,7,6,9,1,7,4,2,7,7,1,8,3,2,2,3,7,8,8,7,5,2,4,8,9,6,3,5,9,6,3,2,9,8,1,9,6,9,8
Joanna,Other,9,1,5,5,6,1,1,2,2,3,7,7,3,7,8,7,5,4,2,5,3,8,8,7,9,7,6,2,2,8,4,5,6,6,7,5,6,1,6,3,9,9,5,2,2,7,4,4,1,1,9,7,7,8,3,5,2,3
Catalina,Other,9,7,1,7,8,7,8,1,7,7,8,7,3,3,9,1,6,1,3,1,4,5,8,1,3,1,5,2,5,3,8,3,9,8,6,7,6,7,9,4,9,6,6,7,8,5,2,5,4,1,2,2,8,6,5,7,9,3
Pablo,Other,2,2,8,4,9,7,7,1,2,3,8,2,6,3,2,2,3,8,8,2,5,8,3,3,6,2,4,1,9,7,4,5,7,3,6,8,9,2,4,3,7,4,2,7,9,3,6,6,7,9,5,1,2,1,6,9,3,8
Guillermo,Other,8,7,6,7,3,9,6,6,6,9,4,8,5,3,1,4,9,6,3,2,5,1,2,6,9,5,9,7,6,3,9,8,6,4,5,5,7,1,6,7,6,1,2,6,3,8,6,9,9,9,8,8,1,9,7,8,5,1
Rolando,Other,5,3,8,5,3,3,2,5,7,9,4,3,6,3,9,4,9,1,7,9,9,1,6,6,1,2,1,4,9,4,5,8,4,5,7,6,2,9,6,6,6,5,3,2,4,5,9,3,3,2,7,7,7,5,8,6,2,2
Hugo,Other,4,3,2,6,3,3,3,3,2,6,8,8,9,2,1,2,4,2,5,2,2,3,8,8,8,5,5,4,4,4,8,1,4,9,4,4,9,2,2,4,5,7,9,4,7,8,7,4,8,5,3,2,4,4,7,1,3,2
Camila,Other,9,8,8,3,3,7,1,9,7,9,4,9,8,6,4,5,1,1,4,5,9,8,4,3,1,5,1,8,6,4,1,1,8,4,1,5,7,1,1,8,7,5,4,7,7,9,2,2,2,6,2,5,1,7,9,3,1,5
Leonidas,Other,5,8,2,9,5,7,6,4,5,1,9,2,7,4,7,8,2,9,2,2,9,1,2,3,7,2,9,2,1,7,1,6,7,5,9,2,1,2,1,7,4,7,8,4,2,7,2,7,5,5,4,9,7,5,4,7,3,1
Patricio,Other,3,1,5,1,8,5,8,8,5,6,1,5,9,6,9,9,3,3,8,1,5,6,7,7,8,4,9,6,4,5,4,5,2,6,4,5,3,8,9,4,2,1,3,6,3,1,8,2,7,5,9,5,3,8,8,3,9,6
Gastón,Other,8,6,2,9,9,8,9,5,6,8,3,7,5,1,4,4,8,9,4,8,5,4,4,6,5,7,7,3,6,5,8,1,4,1,3,5,6,2,3,4,5,5,9,4,5,1,2,5,9,4,8,1,4,4,9,8,5,8
Gustavo,Other,5,9,5,9,8,1,9,5,1,9,3,1,5,2,1,5,8,9,2,3,2,4,1,5,4,6,5,3,6,6,7,4,3,2,8,3,6,3,4,1,6,6,5,3,3,4,4,1,9,5,4,7,1,4,5,2,1,6
Juan,Other,9,9,7,8,5,9,1,1,9,5,1,1,3,5,6,4,7,3,5,6,9,4,2,1,3,9,6,8,1,6,9,3,2,8,1,1,9,4,1,6,5,8,9,4,2,1,2,9,1,6,1,1,7,4,9,9,8,9
Marisela,Other,1,5,9,6,1,9,8,5,2,6,3,1,7,4,1,5,2,9,2,8,3,5,2,9,1,9,1,2,8,4,5,2,2,7,8,6,6,2,4,7,1,1,2,3,2,7,2,5,6,2,6,5,5,6,5,6,1,6
Luis,PS,1,7,2,4,6,9,9,1,1,9,4,9,8,4,8,4,9,5,7,4,1,3,4,1,7,1,1,8,6,8,8,1,6,8,6,4,5,7,9,8,6,4,3,7,5,2,7,4,4,9,9,9,5,7,5,9,4,5
Alexis,Other,8,4,4,8,3,9,3,7,4,6,4,2,5,1,7,9,5,5,7,9,3,6,6,2,4,8,5,8,9,4,7,9,5,8,5,3,4,8,5,6,6,8,4,3,3,1,2,2,9,8,3,9,1,8,2,1,6,9
Jenny,PS,4,2,1,6,3,4,2,2,2,5,7,6,1,6,9,1,1,8,2,1,9,2,2,2,7,6,7,2,3,3,1,8,6,3,1,8,9,1,7,3,1,8,1,1,8,8,7,4,6,4,4,8,4,7,8,1,4,3
Jorge,Other,8,5,9,2,2,7,4,2,1,5,9,8,3,7,1,3,7,9,2,5,4,1,2,4,6,3,9,7,3,4,3,6,6,9,3,4,8,9,2,7,4,8,2,1,5,2,9,4,5,8,3,9,3,5,8,4,9,8
Daniella,PS,6,5,8,9,3,4,6,7,1,1,3,4,7,2,3,3,5,3,8,2,6,3,1,8,8,4,5,8,5,2,6,4,6,5,8,9,9,7,1,4,4,7,2,4,7,5,8,7,4,2,2,9,2,3,8,5,6,2
Miguel,Other,5,4,5,7,3,8,3,1,8,9,7,9,2,8,3,6,1,1,8,4,7,4,5,9,9,7,9,9,2,7,7,1,9,9,9,3,9,3,4,9,3,4,2,4,1,1,5,3,2,9,3,1,4,1,6,5,7,1
Eduardo,Other,2,8,5,1,7,3,4,8,7,4,5,7,9,1,8,9,7,2,1,3,4,5,3,3,1,3,8,8,7,9,6,1,6,1,5,6,5,3,1,5,6,4,9,9,6,8,7,7,4,3,7,7,5,6,2,5,8,4
Raúl,Other,8,2,7,9,5,9,9,5,5,9,4,7,3,8,1,8,8,2,4,2,8,5,4,4,9,1,7,3,7,7,7,5,9,9,2,7,8,8,8,8,5,9,3,3,1,6,1,4,8,5,4,5,6,7,8,4,1,5
Jaime,Other,9,5,5,5,9,1,1,9,1,7,1,7,1,4,1,2,2,5,9,7,5,2,3,1,6,7,9,7,9,4,3,2,1,4,8,8,8,5,4,8,6,5,3,8,6,7,7,1,8,9,9,1,9,6,4,3,7,1
Sebastián,Other,4,5,2,4,3,2,6,6,7,1,9,9,7,7,5,1,8,6,6,5,8,8,7,3,2,6,4,5,4,2,4,2,6,4,7,1,6,4,4,9,9,3,2,3,9,9,2,2,2,9,4,6,9,2,7,1,8,1
Virginia,Other,6,6,6,8,3,9,1,5,5,7,7,5,9,9,2,8,8,2,8,4,4,2,4,6,3,7,1,7,5,9,5,6,4,2,6,9,3,2,7,1,8,1,8,7,8,5,6,8,8,2,6,2,8,9,6,8,7,1
Francisco,Other,6,5,7,8,7,1,4,9,3,7,4,6,9,5,6,7,3,2,7,3,5,7,3,8,9,4,2,3,8,2,1,6,1,3,5,6,9,6,5,6,6,5,4,5,6,4,8,2,9,7,6,6,4,9,8,5,5,9
Cristóbal,Other,8,5,5,8,4,1,9,6,1,6,3,9,1,9,3,3,4,1,6,7,6,1,3,9,3,8,7,5,8,9,7,4,7,9,8,9,8,5,6,9,7,5,5,3,2,7,2,8,2,2,2,8,7,4,5,6,7,8
Esteban,Other,3,9,2,8,3,7,2,9,4,2,1,3,7,3,9,6,8,5,2,7,7,1,8,9,8,3,3,9,2,2,8,9,6,4,8,3,4,2,9,4,1,1,4,5,6,8,2,1,7,8,3,2,4,1,9,9,4,3
Daniel,Other,8,4,7,2,3,5,5,6,8,7,5,2,1,9,5,2,6,3,7,6,6,7,6,3,1,3,6,4,9,9,5,1,1,3,3,4,7,3,7,3,1,1,2,4,2,2,3,6,7,2,2,1,6,7,1,9,2,2
Pablo,Other,1,6,8,9,6,1,6,3,3,1,1,2,6,7,6,4,6,1,3,8,2,6,7,1,6,3,8,6,6,5,3,1,2,5,6,4,3,3,9,3,6,8,6,6,7,3,1,8,7,7,9,5,5,2,3,7,1,9
Gonzalo,Other,6,3,1,9,6,6,9,1,5,6,5,6,3,8,9,7,2,1,3,8,6,6,2,5,8,1,8,1,1,8,2,5,6,5,9,4,9,7,4,3,5,7,3,5,2,9,1,4,8,8,4,5,5,5,1,5,5,2
Gael,Other,5,5,7,9,6,1,7,7,7,3,9,2,2,5,8,8,6,6,5,9,7,3,7,5,4,5,3,8,8,1,6,4,3,6,2,2,3,9,2,9,8,3,4,7,3,1,6,5,4,1,6,5,8,1,3,6,8,2
Félix,Other,3,5,1,5,8,8,7,2,3,8,8,8,8,7,3,7,3,7,3,7,9,6,6,6,9,9,5,6,3,8,2,7,3,6,2,5,7,3,7,4,3,8,1,2,1,7,9,1,1,3,9,8,7,2,5,4,5,4
Marcos,Other,3,8,6,9,1,1,5,5,3,8,9,4,5,6,7,3,4,8,7,2,1,1,1,9,6,6,7,3,2,7,5,6,1,8,4,9,1,2,5,3,4,2,3,2,2,1,6,1,6,3,7,6,6,6,3,4,1,2
Pablo,Other,1,9,3,4,4,5,4,2,4,7,8,7,1,2,6,4,3,3,7,3,7,3,3,4,7,9,2,2,1,4,7,5,9,9,3,8,6,4,1,3,5,1,1,4,2,1,8,8,9,4,9,9,6,7,8,3,2,9
Amaro,Other,7,1,8,9,3,5,1,8,7,9,4,9,1,6,2,4,4,7,6,3,5,8,9,9,2,6,5,4,7,8,8,6,9,4,5,2,2,5,4,3,5,3,9,1,6,2,3,1,3,3,2,6,4,7,9,8,5,6
Vlado,PL,1,3,4,7,7,7,8,3,3,8,8,9,1,3,4,2,4,5,5,3,3,3,7,7,7,3,4,3,6,9,1,3,1,1,2,9,4,7,7,2,4,4,8,1,9,5,1,6,1,4,5,4,6,6,9,2,7,7
Maite,Other,5,8,8,7,8,9,9,5,2,6,6,4,5,4,5,9,8,1,3,2,1,8,3,9,1,3,7,3,4,6,1,3,6,2,3,5,3,8,5,8,9,7,6,5,2,9,3,5,8,5,9,9,5,2,5,3,2,2
Jorge,RN,6,5,5,1,6,6,4,5,6,1,4,6,9,4,3,4,8,6,1,9,1,5,9,6,3,8,8,5,7,8,4,8,1,4,7,1,7,8,3,5,4,4,5,4,5,2,8,4,8,2,5,1,8,5,4,8,7,6
Raúl,PS,1,1,5,8,5,2,7,2,9,6,5,1,2,1,9,9,1,6,5,6,7,6,3,2,1,8,5,1,7,8,2,7,8,1,2,5,6,5,2,9,7,1,5,9,4,1,7,2,6,5,4,9,2,3,7,1,4,2
Diego,Other,2,6,6,2,9,8,6,3,1,5,3,9,4,1,7,7,5,1,7,7,8,4,7,6,4,8,4,6,8,9,4,6,4,7,3,8,7,5,2,7,8,9,1,8,1,6,5,3,5,7,3,8,7,4,8,1,4,5
Alejandro,Other,4,8,8,5,8,7,3,2,7,5,4,3,6,9,6,6,7,2,9,2,5,6,9,6,7,7,6,4,4,2,2,2,9,5,4,8,1,2,8,8,9,2,6,2,4,5,6,2,4,5,1,7,7,7,1,2,6,5
