Víctor,UDI,1,9,4,1,1,0,1,4,1,1,1,1,0,1,1,9,1,9,0,1,1,0,1,1,1,0,1,9,1,1,1,1,9,1,1,9,4,1,4,1,1,1,4,1,4,0,1,1,1,0,1,1,1,1,1,1,1,4
Jorge,DC,0,9,1,1,1,1,1,1,1,0,1,1,1,0,1,1,1,1,1,9,1,0,1,1,1,1,9,1,1,1,1,0,1,9,1,4,1,9,9,4,1,1,1,1,1,1,1,9,0,1,1,1,1,4,1,1,0,0
Sergio,DC,0,1,0,1,1,1,1,0,4,9,1,1,0,4,1,9,4,9,9,1,4,4,9,1,1,1,0,1,1,1,1,1,9,1,1,0,0,1,1,0,1,1,9,4,1,4,1,9,4,1,1,1,1,1,1,9,1,1
José Alfonso,RN,4,9,9,9,1,1,1,1,4,1,0,4,1,9,1,1,1,1,1,0,1,1,1,1,1,4,1,9,9,1,1,0,1,1,1,9,1,1,9,1,1,1,1,1,9,1,4,1,1,4,9,4,1,0,1,1,1,1
David,UDI,1,1,1,1,1,1,1,4,1,1,9,9,1,1,0,0,1,1,1,1,1,1,1,1,9,9,4,4,1,0,1,1,0,1,1,1,1,1,1,4,1,1,1,0,1,4,1,0,9,9,1,1,1,9,4,1,4,1
Pedro,IND,1,1,1,9,0,1,1,1,1,1,1,9,4,1,4,1,9,9,4,4,4,4,9,9,0,1,1,1,0,4,9,0,1,0,1,1,1,1,1,1,4,1,0,1,4,9,1,1,9,0,1,1,1,1,1,1,1,9
Pedro,RN,1,1,1,1,1,1,1,1,9,0,1,1,1,1,1,1,0,1,1,9,1,1,0,9,1,1,1,0,1,9,9,1,9,1,1,1,0,1,1,1,1,1,1,1,1,9,1,0,0,1,1,1,1,4,1,1,1,0
Aldo,DC,1,4,0,1,1,1,1,4,1,1,1,4,9,1,1,1,9,1,1,1,0,1,1,1,9,0,1,9,1,9,1,9,0,1,4,1,1,1,1,1,0,1,1,1,1,1,1,1,1,1,1,4,1,9,1,1,1,4
Gustavo,UDI,1,1,9,4,4,1,1,9,1,4,0,1,1,0,4,1,1,1,1,1,1,4,1,0,4,9,0,1,0,1,9,0,1,1,1,1,1,1,1,1,1,0,1,0,1,1,1,1,9,9,1,0,1,1,0,4,4,1
Andrea,UDI,4,1,9,1,1,0,1,1,1,4,9,1,1,4,1,4,1,9,1,1,1,1,1,1,4,1,1,9,1,9,4,1,1,4,1,1,1,9,1,9,4,1,9,9,1,1,1,1,1,1,1,1,1,9,1,1,1,1
René,DC,1,1,0,4,1,1,1,1,1,0,1,1,4,1,0,9,1,1,1,1,1,0,1,1,1,0,1,0,1,9,0,1,1,0,1,1,4,4,1,1,1,0,1,0,4,1,1,1,1,0,1,1,1,1,1,0,1,1
Carlos,RN,1,1,1,9,9,1,1,1,4,1,1,1,0,1,1,1,1,4,1,1,4,9,1,1,0,1,1,1,9,1,9,9,1,1,1,0,1,4,1,9,1,9,1,0,1,1,1,9,1,1,4,0,9,1,4,1,4,4
Guillermo,PC,9,1,1,1,0,9,0,1,1,4,9,1,1,1,1,1,1,1,1,1,1,1,1,0,9,9,9,1,0,1,4,1,0,1,1,1,4,1,1,1,1,4,4,0,1,1,1,4,1,9,1,0,1,1,1,9,1,1
Pedro,IND,1,0,1,0,1,1,1,0,1,1,1,1,4,1,1,1,4,1,4,1,1,1,1,1,1,1,9,4,0,1,0,1,1,4,1,1,1,9,1,0,1,1,4,1,1,1,1,9,1,4,1,1,4,4,9,1,4,1
Enrique,PPD,1,1,1,4,1,1,1,4,1,1,4,1,1,1,9,4,0,0,1,1,1,4,4,9,1,4,1,9,1,9,1,4,1,4,1,1,1,1,1,4,1,0,0,4,4,1,1,1,1,1,1,0,1,4,9,1,1,1
Sergio,PS,1,1,1,1,1,1,1,9,1,1,1,1,1,4,1,1,4,0,1,1,1,1,1,9,1,0,1,1,0,1,1,1,1,1,1,1,1,1,4,4,0,1,1,1,4,1,1,1,1,1,0,1,0,9,1,4,9,1
Isabel,PS,1,9,1,9,9,4,1,4,1,4,1,1,1,4,9,4,1,0,1,9,1,1,1,4,1,1,1,1,1,0,0,1,1,1,1,1,1,1,1,1,1,4,1,4,1,1,0,4,0,0,4,1,1,1,1,9,9,9
Claudio,UDI,1,4,1,1,4,9,1,1,9,0,4,1,1,1,1,4,1,9,1,1,1,0,1,1,1,1,4,1,1,1,1,1,0,1,1,1,9,1,1,1,1,4,1,1,9,1,4,1,1,1,1,4,4,1,1,1,0,1
Rodrigo,UDI,1,1,1,4,1,1,1,0,1,1,1,1,1,9,4,0,1,0,9,1,1,0,1,1,1,9,1,9,1,1,1,1,1,0,0,9,1,1,0,1,1,1,1,0,0,1,1,0,1,1,1,1,4,1,1,1,1,0
Pedro Pablo,RN,1,1,9,1,4,1,1,1,0,9,0,1,9,1,1,1,1,4,1,0,1,4,1,4,1,0,4,0,4,1,1,1,4,9,4,1,4,0,1,1,1,4,0,4,9,1,9,1,0,1,0,1,0,1,4,1,1,1
Lily,RN,1,4,1,1,4,0,0,9,1,1,1,1,0,9,1,1,1,1,1,1,4,1,4,1,1,0,1,1,9,1,1,1,1,1,1,0,0,4,1,4,1,4,9,1,1,0,1,4,1,9,1,1,1,1,9,1,9,1
Gabriel,DC,1,1,1,1,1,1,1,9,1,1,1,1,1,1,9,4,9,1,1,4,1,0,4,4,1,1,1,4,1,1,1,4,1,4,4,1,1,1,1,1,4,1,9,1,1,1,1,1,1,0,1,1,1,0,0,0,0,0
Ramón,UDI,0,4,1,1,1,1,1,1,0,0,1,0,1,0,4,1,0,1,9,4,0,1,0,4,9,1,1,1,1,0,1,1,4,1,1,4,1,9,1,1,9,1,0,4,1,1,9,1,1,9,4,1,0,9,9,9,0,0
Eugenio,UDI,1,1,1,1,1,1,9,1,1,1,9,9,1,1,1,1,0,1,1,9,1,1,1,4,1,4,1,1,1,4,1,1,0,1,9,1,1,9,4,4,1,1,0,9,1,9,9,1,1,1,1,4,9,1,1,9,1,1
Germán,RN,9,1,9,1,0,1,1,9,0,1,1,4,0,4,1,1,9,1,1,9,9,1,1,9,1,1,4,4,1,9,1,1,1,1,1,9,1,1,9,1,1,0,1,1,1,1,9,1,1,1,0,9,1,0,4,1,0,1
Mario,RN,1,1,1,9,1,1,1,1,9,1,1,0,1,1,0,1,1,9,1,1,1,0,1,1,1,1,1,9,1,4,9,1,1,4,1,9,1,1,0,1,1,1,1,1,1,9,1,1,4,1,9,0,1,1,1,9,1,0
Jorge,DC,1,1,1,1,1,1,1,1,4,4,9,4,9,1,1,4,1,1,1,1,0,0,0,1,0,9,9,1,0,1,0,4,1,1,9,1,1,9,1,1,0,0,1,0,0,4,4,1,0,1,4,1,1,1,0,9,1,1
Juan,PS,1,1,0,1,4,1,4,1,1,9,1,1,1,1,1,1,1,1,0,1,1,1,1,1,1,1,1,4,1,1,4,1,1,1,9,1,4,1,0,9,1,1,0,1,0,0,1,1,1,0,1,1,1,1,1,1,1,1
Alberto,RN,1,1,1,1,1,1,1,1,1,1,0,1,1,1,1,1,1,1,9,1,1,0,1,1,0,4,0,1,0,4,4,9,1,1,4,9,1,1,1,1,1,0,1,1,1,4,0,1,1,1,1,4,9,1,1,1,1,4
Guillermo,PPD,1,1,1,1,1,1,1,1,1,0,4,1,1,0,9,1,1,0,1,1,1,1,1,0,0,1,9,1,1,1,1,1,1,1,9,9,9,9,1,1,1,9,1,1,1,0,1,1,0,1,0,1,0,1,4,9,1,9
Sergio,UDI,4,1,1,4,1,4,4,0,0,1,1,9,1,0,9,4,1,0,1,1,4,1,1,1,9,4,0,1,1,1,1,1,1,1,1,1,1,1,1,9,1,9,1,1,1,1,1,9,1,4,1,1,1,1,1,9,0,1
María Angélica,RN,1,4,0,1,1,1,1,1,1,1,1,1,1,1,9,1,1,1,1,0,4,9,1,1,1,9,1,1,0,1,9,9,1,1,0,0,4,1,1,1,9,1,1,0,1,1,1,1,4,4,1,1,9,1,0,4,0,1
Marcela,UDI,1,1,1,0,9,1,0,1,9,0,1,1,4,1,1,1,1,0,1,1,9,1,1,4,9,1,4,1,0,1,1,1,0,1,1,1,1,0,0,0,1,1,0,1,1,1,1,1,1,1,1,0,1,9,1,1,4,9
Roberto,RN,1,1,1,9,1,1,4,1,1,1,1,1,9,0,1,1,1,1,1,1,1,9,9,1,4,1,1,1,1,1,1,0,0,1,1,1,4,0,1,1,1,4,1,1,1,4,1,1,0,1,1,1,1,1,1,1,9,1
Eduardo,PRI,4,1,1,1,1,9,9,1,1,1,1,9,1,1,1,1,1,4,1,1,1,1,4,1,1,1,1,1,0,9,4,1,0,1,1,1,1,1,1,1,9,0,1,4,1,1,9,1,0,9,9,1,1,1,1,1,1,9
Julio,UDI,1,1,4,0,1,0,4,1,1,1,9,1,1,1,0,9,0,1,0,1,1,4,0,0,1,1,9,0,1,4,1,0,1,1,1,1,1,1,4,1,1,1,1,4,4,1,9,4,1,0,1,1,1,1,1,1,1,9
Andrés,UDI,1,1,1,9,1,1,4,9,0,1,4,1,4,1,0,9,1,1,1,1,1,1,1,9,9,0,1,1,4,1,4,0,1,9,4,1,0,1,1,4,1,1,0,4,1,1,9,1,1,9,1,1,4,1,0,1,4,1
Francisco,PS,1,0,9,1,0,4,9,1,1,4,1,4,0,0,0,4,1,1,1,9,1,4,1,1,4,1,1,9,1,9,1,1,1,1,1,1,0,1,1,0,1,1,0,0,1,1,4,1,1,0,9,4,1,1,1,1,9,0
Maximiano,RN,1,4,4,1,1,1,1,1,9,1,1,1,1,1,1,1,9,1,1,1,1,1,1,1,1,1,9,1,1,1,4,1,1,1,1,1,1,1,1,4,4,1,0,9,0,9,0,4,1,9,1,9,9,1,9,0,1,4
Fidel,PS,1,0,9,1,4,1,1,1,1,1,1,1,1,1,9,4,0,0,0,9,1,9,0,1,1,4,4,9,9,1,1,0,1,1,9,1,1,1,1,1,4,0,9,4,1,0,1,4,9,1,4,1,1,4,1,4,1,4
Marcelo,UDI,9,1,9,0,1,1,1,0,0,9,1,0,1,0,1,1,1,9,1,1,1,1,4,1,1,1,1,1,1,1,1,1,0,1,0,4,0,1,1,4,1,9,1,1,1,0,1,1,4,1,0,1,1,1,0,1,4,0
Pablo,RN,1,1,1,1,1,9,1,1,1,9,4,4,1,4,1,0,1,0,1,4,1,1,1,4,1,1,1,1,1,4,1,4,1,4,1,1,1,9,1,4,1,1,1,0,4,0,1,1,1,9,0,9,1,9,1,1,4,1
René Manuel,RN,1,1,1,1,1,1,4,1,1,9,1,4,4,1,4,1,1,4,1,1,4,4,4,1,9,1,0,1,1,1,4,0,0,1,1,4,1,0,1,1,1,1,1,0,1,0,1,0,1,4,9,1,1,1,4,9,1,0
Alejandro,UCCP,9,4,4,0,1,1,1,1,0,1,1,9,1,4,0,1,1,1,1,9,1,1,1,1,1,1,9,4,1,1,1,0,1,0,9,1,4,1,1,1,1,1,0,1,1,1,1,1,1,0,1,1,0,1,1,0,1,1
Rodrigo,PPD,1,9,0,0,1,1,1,1,1,4,1,1,1,1,4,1,1,1,4,1,1,9,1,1,1,1,4,1,1,9,0,1,1,4,9,1,1,1,1,1,4,1,1,1,9,1,4,4,4,4,1,1,1,1,1,1,0,4
Patricio,PPD,1,1,1,1,1,9,1,1,1,1,0,4,1,1,0,1,1,1,1,9,1,1,1,9,4,4,1,1,4,1,0,4,9,0,9,1,1,9,1,1,1,1,1,4,4,0,0,1,1,9,0,1,1,1,1,1,1,1
Javier,UDI,4,9,4,1,1,0,0,1,1,1,4,1,1,4,9,0,1,4,1,1,1,1,1,1,1,1,1,1,1,1,4,1,1,0,4,1,1,9,9,0,1,1,1,4,4,0,4,1,1,1,4,1,0,4,0,1,1,1
Enrique,PPD,1,1,9,9,1,1,1,9,0,1,1,1,4,4,0,1,0,1,0,1,4,0,1,1,9,4,9,0,1,9,1,1,1,1,1,1,0,9,1,1,4,9,0,1,9,0,1,1,1,9,9,1,0,1,1,1,1,4
Carlos Abel,PRSD,1,4,0,1,0,4,1,9,4,4,1,1,1,1,1,1,1,1,4,0,1,1,9,9,0,1,1,1,1,1,4,9,1,1,9,0,1,0,1,1,1,0,0,4,1,1,1,9,1,1,4,4,1,1,1,1,1,1
José Antonio,UDI,1,4,1,4,9,1,1,9,1,9,1,0,1,1,4,1,1,1,4,4,1,1,4,4,0,1,1,1,0,0,1,1,4,4,9,0,1,1,1,4,1,1,1,9,1,1,0,1,1,0,1,1,9,0,4,1,4,1
Antonio,PPD,1,4,9,0,1,0,1,1,1,1,1,4,1,0,1,0,0,0,9,1,9,0,1,4,1,1,9,1,1,1,1,1,1,1,0,1,1,1,0,4,1,1,1,9,1,1,9,9,0,0,1,1,1,9,1,1,1,4
Pablo,DC,4,1,1,4,1,1,1,1,0,1,9,9,1,1,0,1,4,4,9,1,1,1,1,9,1,1,1,1,9,1,9,0,1,1,0,1,9,1,1,1,4,1,1,1,4,4,1,1,1,1,0,9,1,1,1,1,1,4
Rosauro,RN,1,1,1,1,1,4,0,1,1,1,1,1,9,1,9,1,9,9,1,9,0,1,9,1,4,0,1,1,1,1,1,4,0,0,1,0,1,1,1,1,9,1,0,0,1,1,1,1,1,1,1,1,1,1,1,1,1,1
Juan,UDI,9,1,1,1,0,4,1,1,9,0,1,1,1,1,1,1,1,1,1,1,0,1,4,4,1,0,1,1,1,1,1,9,4,1,1,1,0,4,1,1,1,4,1,4,1,1,1,0,1,9,1,1,1,4,1,1,1,4
Patricio,UDI,1,1,1,1,0,9,9,1,1,1,9,1,1,1,1,0,4,0,0,4,1,4,4,1,9,1,4,1,1,1,1,1,1,1,1,1,1,1,9,1,9,1,1,1,1,4,0,1,0,0,1,1,0,4,1,1,1,9
Fernando,PRSD,9,4,4,0,9,4,1,1,1,1,4,4,1,9,1,1,1,1,1,9,0,4,4,1,1,4,1,1,1,1,1,1,1,1,9,1,1,1,1,1,1,1,1,1,1,1,1,0,1,1,1,4,0,9,1,1,1,1
Nicolás,RN,1,1,1,1,9,1,9,1,1,1,1,1,1,4,9,9,1,1,1,0,4,1,0,1,1,1,1,1,0,1,1,1,0,0,9,4,1,1,1,1,1,1,9,1,9,1,4,1,1,1,1,0,1,1,1,1,4,1
Carlos,PS,4,1,4,0,1,1,1,4,1,1,1,1,1,9,4,1,1,1,1,9,1,1,1,9,1,1,1,1,4,1,1,1,0,1,1,1,4,1,1,1,1,0,1,1,4,4,1,4,4,9,9,1,1,9,0,0,0,1
Iván,UDI,1,4,1,1,0,1,1,0,1,4,1,4,9,1,1,1,0,0,4,0,1,1,1,1,1,4,9,1,1,1,1,1,1,4,1,1,0,1,1,9,9,4,0,1,1,1,1,0,1,1,1,1,1,4,1,0,1,4
Jaime,PRI,1,0,9,1,1,9,4,4,1,0,0,4,1,1,1,1,1,9,1,1,1,1,1,1,1,9,1,9,1,1,4,1,1,1,1,0,9,1,9,0,1,1,0,1,1,4,1,1,1,1,1,0,1,1,1,4,1,9
Adriana,PS,1,1,9,1,0,4,0,0,4,1,1,1,4,4,0,0,1,1,9,1,1,1,1,1,1,9,1,1,9,1,9,1,9,4,1,9,1,4,1,1,4,1,1,1,0,1,9,1,9,1,1,1,1,0,1,1,1,0
Iván,UDI,1,1,1,0,1,1,1,4,1,1,9,0,1,0,4,1,1,9,1,0,9,4,1,1,1,1,1,1,1,0,4,1,1,0,1,9,1,4,1,1,9,4,0,1,4,0,4,0,1,1,1,0,1,0,1,9,9,1
Sergio,DC,1,1,1,9,4,1,4,0,1,1,1,1,1,1,1,1,1,1,4,1,1,1,1,1,4,1,1,0,1,0,1,9,4,1,0,1,9,4,1,0,4,9,0,4,1,1,4,0,9,4,4,1,0,1,1,1,1,9
Carlos,PRI,4,1,9,9,1,1,1,1,1,1,4,9,1,1,0,4,1,0,1,1,9,1,0,9,0,1,1,4,4,1,4,1,1,1,9,1,1,0,1,1,1,1,1,1,1,4,1,1,1,9,1,1,0,1,1,1,4,1
José Miguel,DC,1,1,1,1,1,0,1,0,1,0,0,9,1,9,1,1,1,1,9,1,9,1,1,1,1,4,4,0,1,1,1,9,9,4,4,1,1,1,1,1,1,0,1,1,4,1,0,0,1,1,1,1,1,0,4,1,1,1
Osvaldo,RN,1,1,1,1,9,1,1,1,1,1,1,1,1,1,1,0,1,1,1,9,9,1,1,1,1,0,4,1,1,1,1,1,1,1,1,1,1,1,4,1,0,1,4,1,0,9,1,9,1,0,1,1,0,1,1,0,4,1
Iván,PS,4,1,1,1,1,1,4,1,1,0,4,0,1,9,1,9,1,1,1,1,1,4,0,1,4,1,1,1,1,4,9,1,1,4,4,1,1,1,9,1,1,0,1,1,4,1,1,1,1,1,4,0,0,1,1,1,1,1
Darío,UDI,1,0,1,1,1,1,4,1,4,9,9,1,1,1,4,4,1,1,1,4,1,1,0,9,1,1,1,4,1,9,1,1,0,1,0,1,4,1,1,9,4,1,1,1,0,0,1,4,1,1,1,4,1,1,1,9,1,1
José,PRSD,4,4,1,9,1,1,1,1,1,1,1,1,1,1,1,1,9,1,9,1,1,1,9,0,4,9,1,9,1,9,4,1,1,1,1,0,1,0,1,1,0,1,1,0,1,4,1,0,9,9,1,9,9,1,9,9,1,1
Jaime,PPD,1,1,1,1,9,1,1,1,1,1,1,1,4,1,1,9,9,0,1,1,1,4,0,1,1,1,1,1,1,1,9,9,9,4,1,0,1,0,1,0,9,1,1,1,1,1,1,9,0,4,1,1,9,9,1,1,9,1
Carlos,UDI,1,0,1,9,0,4,9,1,1,4,1,0,0,9,4,1,1,4,1,1,1,1,0,1,1,1,4,1,1,1,1,4,1,1,1,1,9,1,1,1,1,1,1,9,1,1,4,1,0,0,1,1,1,1,1,4,1,1
Alberto,PRSD,1,4,0,1,4,0,9,1,1,1,9,9,9,4,1,4,1,1,1,1,1,1,1,1,1,4,1,1,9,9,1,1,1,1,1,1,1,1,4,0,1,1,1,0,0,1,1,1,9,1,1,1,1,1,0,9,1,1
Manuel,UDI,9,1,1,1,0,1,1,9,0,4,1,1,1,4,1,4,1,4,1,4,1,0,1,1,4,9,1,0,1,1,1,1,1,1,1,1,1,0,1,1,9,1,4,1,1,1,1,1,1,1,1,1,1,1,4,1,1,0
Fulvio,PS,1,4,1,9,1,1,1,1,1,1,9,1,1,1,1,0,0,4,0,1,1,1,0,1,1,0,1,1,1,1,1,0,1,9,1,4,0,1,4,1,9,1,4,1,1,9,1,9,1,1,1,1,1,1,4,1,1,1
María Antonieta,PPD,0,0,1,1,0,4,9,1,1,9,0,1,1,1,4,1,1,1,1,1,0,1,0,1,1,1,4,1,4,9,1,9,0,0,4,1,1,0,1,1,9,1,1,1,0,0,9,1,9,4,0,1,4,0,1,4,0,1
Eduardo,DC,1,0,4,1,1,1,1,1,1,4,4,4,1,4,1,1,1,1,1,1,1,1,9,1,9,1,9,4,4,4,9,1,4,4,1,0,4,1,1,1,1,1,1,4,1,1,1,4,1,9,1,4,4,1,1,1,1,1
Felipe,UDI,1,1,1,1,1,1,9,1,1,4,1,1,1,4,1,9,1,1,1,0,1,1,1,1,1,1,1,1,1,1,9,1,1,1,1,4,1,0,4,4,1,4,1,1,1,0,4,4,1,4,4,9,9,0,1,1,1,1
Alejandra,IND,1,9,0,1,1,9,1,1,1,4,1,9,0,1,9,1,0,1,1,1,0,1,1,0,4,9,1,1,1,9,4,0,1,0,1,1,0,4,1,1,1,0,1,1,1,1,4,4,9,1,0,1,1,1,9,1,1,1
Laura,PPD,1,1,1,1,1,4,9,4,1,0,4,4,1,1,9,1,1,1,9,0,1,1,9,9,1,1,1,9,1,1,0,1,1,1,1,1,1,4,1,1,9,1,1,1,1,1,1,0,1,1,1,4,0,1,1,0,1,4
Jorge,PPD,9,0,9,1,1,1,1,4,1,0,1,1,1,9,1,1,0,1,4,1,0,1,9,1,1,9,1,1,1,9,0,1,9,1,1,0,0,1,1,1,1,1,0,9,1,1,1,1,1,0,1,9,1,1,1,0,1,1
Carolina,PPD,1,1,1,1,1,1,9,0,1,1,1,1,1,0,1,4,1,0,1,1,4,4,0,0,1,9,1,0,1,1,1,9,4,9,0,9,1,1,1,1,1,1,9,4,1,1,1,1,0,1,1,9,1,1,1,9,1,1
Eugenio,PPD,1,0,0,1,1,1,1,1,4,1,1,1,9,1,4,1,1,1,1,4,1,1,1,1,1,1,1,1,1,1,1,1,1,1,0,1,1,1,0,4,9,9,1,1,9,1,1,1,1,1,9,1,1,4,9,1,1,1
Jorge,UDI,1,1,9,1,1,1,1,9,1,1,4,1,1,1,9,1,4,1,1,1,1,1,1,4,0,1,1,1,9,0,1,1,1,1,9,0,9,1,1,1,1,1,1,1,0,1,4,4,1,1,0,1,1,0,1,9,1,4
Gonzalo,UDI,4,1,1,1,1,4,9,1,4,1,1,0,1,4,9,4,1,1,1,1,1,1,0,1,4,1,1,4,4,4,1,4,0,1,1,1,1,4,4,1,9,1,4,1,1,1,4,1,9,1,1,0,1,1,4,1,1,1
Ignacio,UDI,1,1,0,1,1,4,0,1,4,0,1,1,1,1,0,1,1,0,9,1,9,1,4,4,1,4,1,1,9,1,9,1,9,0,1,1,4,1,4,0,1,1,1,9,1,1,1,9,1,4,4,9,1,9,1,9,1,4
Esteban,IND,1,1,1,1,0,4,1,1,4,1,1,1,4,4,1,0,1,1,1,4,1,9,1,1,4,9,1,1,4,0,4,1,1,1,1,4,1,4,9,1,0,1,1,1,1,1,0,4,9,1,9,9,0,1,4,0,1,4
Alfonso,RN,1,1,1,1,9,1,1,0,1,1,1,1,0,1,1,1,1,1,9,1,1,1,1,9,1,1,1,9,1,1,9,1,9,1,1,0,9,9,1,1,1,0,1,4,4,9,1,1,1,4,1,1,0,0,9,1,1,1
Samuel,RN,0,4,4,4,0,4,1,1,4,1,1,4,4,1,4,0,1,0,1,0,4,1,9,4,4,1,0,9,9,1,9,0,1,1,1,9,9,1,4,0,4,1,1,1,9,1,1,1,1,1,1,0,0,9,0,4,1,1
Ximena,PPD,1,1,0,1,4,1,4,9,1,9,4,1,1,1,0,4,9,1,0,4,1,4,9,9,1,1,1,1,1,1,1,1,4,1,1,4,1,9,1,1,0,1,1,0,1,1,1,9,1,1,1,1,1,1,1,9,1,1
Gastón,UDI,0,0,1,1,9,1,1,1,4,1,1,1,1,9,4,1,9,1,1,4,9,1,0,1,4,1,4,1,1,0,4,1,9,1,4,1,1,1,1,1,1,1,1,0,1,4,1,9,1,1,1,4,1,1,1,0,0,1
Patricio,DC,1,1,1,1,4,1,4,1,1,9,4,4,4,4,1,1,1,1,1,1,1,1,1,1,1,1,1,1,0,1,1,1,1,0,1,9,1,9,1,9,1,0,1,1,1,1,9,9,9,4,4,0,1,1,1,1,1,9
René,RN,9,1,0,9,9,1,1,0,4,9,4,1,1,0,1,1,1,9,1,1,1,0,9,9,9,1,1,4,1,1,1,1,1,9,1,1,4,1,0,0,1,1,9,1,1,1,1,1,1,1,9,1,1,1,1,9,1,1
René,PPD,1,1,9,9,1,1,0,1,1,0,1,1,1,9,1,1,1,1,9,9,0,4,1,1,1,0,1,1,1,9,1,1,0,1,1,4,0,1,1,1,0,1,1,1,1,4,0,1,1,1,1,1,1,4,1,1,9,1
Gonzalo,UDI,0,4,1,1,1,1,1,1,1,4,1,1,0,1,1,1,1,1,1,1,1,4,1,1,1,9,0,1,1,0,1,9,1,1,1,1,0,0,1,1,1,0,1,1,0,1,1,1,1,9,0,1,4,1,0,1,1,1
Sergio,UDI,0,1,1,1,4,1,1,4,9,1,1,4,4,4,1,1,1,1,1,0,1,0,4,9,1,1,9,1,4,0,9,1,1,1,1,1,1,9,0,0,1,4,1,1,1,1,1,1,9,1,1,9,1,0,1,1,1,1
Francisco,RN,1,1,1,9,0,1,0,1,9,0,0,1,1,1,1,1,1,1,1,0,9,1,1,1,1,1,9,1,1,1,1,1,4,1,1,1,1,4,1,1,1,1,1,1,1,1,0,9,4,0,1,1,1,0,1,1,1,1
Alfonso,PS,9,1,1,4,1,9,1,4,9,1,1,1,0,0,0,1,1,1,0,1,1,9,4,1,1,1,1,1,0,1,9,1,9,1,1,1,4,9,4,9,0,1,0,1,1,1,0,1,0,0,4,1,4,1,1,1,0,1
Marcelo,PS,9,4,1,1,1,9,0,9,4,9,1,1,1,9,1,4,1,1,1,1,1,0,1,9,0,1,9,1,0,9,1,1,9,1,1,9,9,4,1,1,1,1,1,9,9,0,9,1,0,1,1,1,9,1,1,1,0,0
Gonzalo,DC,9,1,1,1,0,1,1,1,0,1,1,0,9,1,0,1,9,1,1,0,1,0,1,1,1,4,1,4,1,1,0,1,1,1,1,1,9,1,0,1,1,1,1,1,9,4,9,4,0,1,1,9,4,1,1,1,9,1
Edmundo,UDI,1,1,4,1,1,1,1,1,1,1,1,1,0,1,1,1,1,1,1,4,1,1,1,1,0,1,0,1,1,9,1,9,4,1,4,4,1,4,1,1,0,1,1,4,1,1,1,1,1,1,1,1,1,1,9,1,4,1
Marco,IND,1,1,1,1,0,1,1,0,1,4,1,1,1,1,4,1,1,1,1,0,1,4,1,1,0,1,1,1,1,9,9,0,0,9,0,0,1,1,1,1,0,4,1,1,1,4,4,1,1,4,1,1,9,0,9,0,4,9
Alvaro,IND,1,1,1,1,0,9,9,1,1,1,1,1,4,1,1,4,9,9,9,1,1,0,1,9,9,4,0,4,4,1,4,1,9,1,1,1,1,4,1,1,4,0,9,4,1,1,0,9,4,1,1,1,0,9,1,4,4,1
Marcos,PRSD,1,1,4,1,9,1,1,1,1,0,9,1,1,4,1,1,9,1,1,4,1,1,4,9,9,9,9,1,1,4,1,1,0,1,9,1,4,1,9,1,4,9,9,1,4,9,1,1,1,9,1,0,1,1,1,1,1,1
Enrique,UDI,9,0,4,1,1,4,1,0,1,1,1,0,1,1,1,4,1,1,1,4,4,4,1,1,1,1,1,4,1,1,0,1,1,1,1,0,1,0,1,0,4,9,1,4,4,1,9,1,1,1,1,1,1,1,1,1,9,4
Ramón,PPD,0,1,4,4,0,4,9,1,4,9,1,9,1,1,4,4,1,1,1,0,9,1,1,9,1,1,1,4,1,1,9,4,9,1,1,1,9,0,1,9,9,4,1,1,9,4,4,1,1,1,9,1,1,1,1,4,1,9
Renán,DC,1,4,9,1,1,9,0,9,1,1,1,9,1,4,9,1,0,1,0,1,1,1,9,1,1,1,1,0,9,9,0,0,1,4,1,0,9,1,9,1,1,4,1,1,1,1,1,1,1,1,0,1,4,1,1,1,1,1
Guido,PPD,9,9,4,9,1,1,1,1,9,9,1,1,1,1,1,1,4,1,1,1,9,1,1,4,1,1,1,1,1,1,0,0,1,4,1,1,4,4,1,1,9,1,1,1,1,0,1,1,1,4,0,4,1,4,9,1,1,1
Joaquín,RN,4,1,1,1,1,1,9,1,4,1,0,1,1,4,4,9,1,4,1,1,1,1,1,1,0,1,1,1,1,1,1,1,1,1,4,1,1,1,1,1,9,0,1,1,1,1,1,0,1,9,1,0,1,4,1,0,0,4
Carolina,DC,9,0,1,1,4,0,1,9,1,1,4,1,4,1,4,1,0,4,1,1,4,1,4,1,1,1,4,1,1,4,9,1,0,0,9,1,1,9,1,1,9,1,1,1,1,4,9,1,1,1,0,1,4,1,9,1,0,9
Amelia,RN,1,1,0,4,4,1,1,0,9,4,1,0,1,1,1,1,1,1,1,1,1,1,1,4,1,1,1,1,1,4,1,4,1,1,4,0,1,1,1,9,1,1,1,1,1,9,4,1,1,9,4,1,1,1,1,0,4,1
Jorge,PPD,9,0,1,1,4,0,9,1,1,1,1,1,9,9,9,4,9,0,4,9,1,1,1,0,9,9,1,1,1,1,1,9,1,1,4,1,4,1,1,1,1,1,1,1,0,1,4,1,1,9,1,1,1,1,1,1,4,1
Marta,IND,9,1,9,9,1,1,1,9,1,1,0,1,0,1,1,0,4,1,0,1,9,1,1,1,1,4,1,1,0,4,4,1,1,1,1,1,1,0,1,1,1,1,1,1,1,1,1,1,4,1,1,1,4,1,9,1,1,1
Tucapel,PPD,1,1,1,1,4,4,4,1,1,9,1,0,1,1,4,1,1,9,1,1,9,1,1,1,1,1,0,1,1,1,1,0,1,1,1,1,1,1,4,1,1,1,0,1,0,0,9,0,0,0,1,1,4,1,0,1,1,1
Juan Carlos,DC,1,4,1,1,1,1,1,1,1,1,0,1,1,1,9,1,9,4,1,1,1,1,1,4,1,1,1,1,1,4,1,1,0,9,1,9,1,1,1,4,4,4,1,9,0,1,1,1,9,9,1,9,1,1,9,1,1,1
Roberto,DC,9,1,4,1,1,0,0,1,4,1,1,1,1,0,0,1,1,9,1,0,1,1,1,1,9,1,0,0,9,4,1,0,4,0,4,1,0,1,4,1,1,9,0,4,1,1,1,9,1,1,1,4,9,1,1,1,1,0
Juan,UDI,1,0,1,1,9,4,1,4,1,1,1,4,1,1,1,9,9,1,1,1,1,1,0,1,1,9,9,1,1,1,1,4,1,1,1,4,4,1,1,4,1,1,9,1,1,1,1,1,1,9,1,1,9,0,9,1,4,1
Cristián,RN,1,1,1,1,1,1,0,4,1,1,4,1,1,1,4,4,0,1,1,0,1,1,1,1,1,0,1,1,1,1,4,1,1,9,0,1,4,1,1,1,1,9,1,1,1,1,0,1,1,1,4,1,4,1,9,0,1,0
Manuel,PS,1,1,0,1,9,0,1,9,1,1,9,1,1,1,1,1,1,1,4,1,1,1,4,0,9,1,1,0,1,9,1,4,4,1,4,1,1,1,9,4,1,9,1,9,1,9,4,1,9,1,9,1,1,0,1,1,1,1
Claudia,UDI,1,4,4,1,1,1,9,4,1,1,1,1,1,1,1,1,1,1,1,1,1,1,1,4,1,1,1,0,1,1,4,1,9,0,1,1,4,1,1,0,1,0,9,1,1,1,1,4,1,4,1,0,4,1,1,1,9,0
Marco Antonio,PPD,1,0,1,0,0,1,1,1,9,0,1,4,1,1,1,9,9,1,1,1,4,1,1,0,1,1,9,0,9,1,1,4,1,1,1,4,9,4,1,0,1,1,0,1,4,9,4,4,9,4,1,1,4,1,1,4,4,9
Clemira,PS,1,1,1,9,9,9,1,1,1,1,1,1,1,1,1,9,0,9,1,0,0,1,1,1,1,1,4,1,1,0,4,1,0,1,1,1,1,0,1,1,0,1,1,1,1,1,4,4,1,1,9,1,1,1,1,1,9,9
Denise,PS,1,1,1,1,1,1,1,1,1,1,1,4,1,4,1,1,1,1,1,1,9,4,1,1,9,1,9,9,1,1,1,1,4,4,1,1,9,1,1,1,1,4,1,1,4,4,1,4,1,1,1,1,4,1,9,0,1,0
Karla,RN,9,9,9,1,0,1,1,9,1,1,1,1,1,1,1,1,1,1,4,9,1,1,0,1,1,4,1,0,1,1,1,1,1,1,1,1,1,1,1,1,1,1,9,1,1,1,1,4,1,0,9,0,0,1,9,1,9,1
Jorge,DC,1,1,1,1,9,1,4,1,1,9,1,1,0,1,1,1,1,4,4,4,4,1,1,9,1,1,1,1,4,1,9,9,0,1,4,1,1,1,9,1,9,4,1,0,1,9,1,1,1,9,0,1,9,0,1,1,1,0
Roberto,RN,1,4,0,0,1,1,0,9,4,0,1,1,1,4,1,0,9,9,9,0,9,4,4,1,1,1,0,1,1,1,1,0,1,9,1,4,0,4,1,9,1,9,1,1,4,4,1,1,1,1,0,1,1,1,9,1,4,1
Gabriel,DC,1,1,9,0,1,1,4,1,1,0,0,1,1,1,9,0,9,0,1,4,4,1,1,1,1,1,1,1,4,1,0,1,9,1,0,0,1,1,1,4,1,4,9,1,1,4,1,1,1,0,1,1,0,1,1,1,1,0
Alejandro,PRSD,1,9,1,9,1,1,1,1,0,1,1,9,1,1,0,1,1,1,1,1,1,1,1,1,1,4,4,9,4,0,1,1,1,1,1,1,0,1,4,4,1,1,1,1,9,0,4,1,9,4,9,0,1,1,1,1,1,4
Raúl,PS,4,4,1,9,1,1,1,1,9,9,1,0,1,4,1,1,4,1,1,4,9,1,1,4,1,0,0,4,1,1,1,4,1,1,4,1,4,1,1,1,1,9,1,1,1,0,0,4,1,1,1,1,0,4,1,1,1,9
Marisol,UDI,1,1,0,1,1,9,1,1,4,1,0,1,1,0,9,1,9,0,1,4,9,1,0,9,4,1,4,1,1,1,9,1,1,9,4,4,4,9,9,0,1,1,1,1,1,1,1,1,1,1,1,1,4,1,4,0,9,0
Ximena,RN,0,1,9,1,1,9,1,1,1,4,1,1,1,1,9,1,0,1,9,9,4,0,1,1,4,1,1,1,9,1,4,1,1,0,0,4,1,1,4,4,9,1,1,1,1,1,1,1,1,1,4,4,1,0,0,9,9,0
Patricio,DC,1,1,1,0,1,1,9,1,1,9,1,1,1,1,1,4,1,9,4,4,1,4,9,1,0,1,9,1,1,1,1,1,1,1,9,1,1,1,9,0,1,1,1,1,4,1,1,1,1,9,4,1,1,1,1,1,1,1
Mario,DC,1,4,4,1,1,9,1,1,1,1,1,1,1,4,1,4,1,4,1,1,0,1,1,1,1,9,9,9,1,1,4,1,9,9,1,1,1,1,1,1,4,1,1,4,1,1,1,1,9,1,1,1,1,9,9,1,9,4
Germán,RN,1,4,1,1,4,1,1,1,1,1,1,9,1,0,1,1,1,1,1,9,1,1,1,4,1,1,1,4,1,0,1,0,1,9,1,4,1,1,1,1,9,1,1,4,1,1,0,0,1,1,1,1,0,4,0,9,1,1
Felipe,UDI,1,1,9,1,9,1,1,1,0,1,1,1,1,9,4,1,4,1,9,1,4,9,4,1,1,1,0,1,1,1,1,0,9,1,4,1,1,9,9,4,1,0,1,1,1,1,1,1,1,1,0,1,1,1,0,1,1,4
Marcelo,PS,1,1,4,1,0,9,9,0,1,1,1,4,9,9,1,1,9,9,1,1,1,1,4,9,9,1,1,1,4,4,1,1,4,1,1,0,1,1,0,1,1,1,4,1,1,1,1,1,1,1,1,9,9,1,1,9,1,4
Felipe,PPD,9,9,9,1,1,1,1,1,9,1,1,9,1,1,0,9,1,1,1,1,1,1,1,0,1,0,1,4,1,1,1,1,4,0,1,9,1,1,1,1,0,4,0,0,1,1,1,1,1,1,1,9,9,1,1,1,1,1
Pedro Pablo,UDI,1,1,1,1,0,1,0,0,4,9,1,1,0,4,1,1,1,1,9,1,4,1,9,1,9,1,1,1,1,1,1,4,1,1,1,1,1,4,4,1,1,9,1,1,1,1,1,1,1,0,1,1,1,1,1,1,1,1
Osvaldo,PS,1,1,1,1,1,0,1,1,1,0,0,1,1,9,1,0,9,4,1,1,4,0,1,1,1,4,9,1,1,9,1,4,1,0,1,1,1,1,0,9,4,1,4,1,1,9,1,1,0,4,1,1,4,1,9,1,1,1
Pepe,PPD,4,1,1,1,1,1,9,9,9,1,9,1,1,1,1,4,0,1,1,4,1,1,0,9,4,1,1,4,1,9,4,9,1,0,1,1,9,1,1,0,1,1,1,1,1,1,1,1,1,9,1,9,4,1,1,0,0,1
Nino,UDI,0,0,1,0,1,1,1,1,9,4,9,1,4,1,4,1,1,1,1,9,1,9,4,0,1,1,1,4,9,1,9,1,1,1,9,1,1,9,0,1,4,1,1,1,1,9,1,1,0,1,1,1,9,4,1,1,4,4
Giovanni,UDI,9,1,1,1,0,1,4,0,4,1,1,1,4,0,1,1,1,1,9,4,1,4,0,1,1,1,1,1,1,1,1,1,4,1,0,1,1,1,1,1,1,0,9,1,1,1,9,1,1,1,1,9,1,1,4,1,1,1
Cristián,PPD,1,4,1,1,1,1,1,1,1,9,1,1,1,1,1,4,1,1,1,1,1,9,1,4,0,1,1,1,1,1,1,4,0,1,1,1,0,1,9,1,1,1,1,1,4,0,0,9,1,1,1,4,1,1,0,4,1,4
Lautaro,PC,1,1,4,1,1,4,1,1,9,1,1,1,1,4,9,9,1,9,9,1,1,1,4,1,1,1,1,4,1,1,1,9,1,1,0,1,0,1,1,1,4,1,1,4,0,1,4,0,1,1,0,1,1,1,1,0,1,1
Juan Luis,PS,9,1,1,1,4,1,1,1,9,4,9,1,1,1,1,1,1,0,1,9,9,1,1,1,0,0,1,1,0,1,4,4,1,9,1,1,1,1,1,0,1,1,1,1,1,1,1,0,1,1,0,1,4,1,1,9,9,1
Eduardo,DC,1,1,1,4,1,1,1,1,1,1,1,4,1,1,0,9,4,1,0,4,4,4,1,1,1,1,1,0,1,1,4,1,1,9,9,1,1,0,4,1,9,1,0,0,4,1,1,9,1,1,1,0,1,9,1,4,1,0
Fuad,DC,1,1,1,1,1,0,1,0,9,1,4,1,1,4,1,1,1,1,4,1,1,9,0,1,9,1,4,1,9,0,1,4,9,9,0,4,9,0,9,1,0,1,4,1,1,1,4,1,1,9,1,1,1,1,0,1,9,1
Rojo,RN,4,1,1,1,1,1,1,9,9,1,1,1,4,1,1,1,9,1,1,4,1,0,1,0,4,1,9,4,0,4,1,1,1,1,4,1,1,1,1,0,1,1,1,0,9,1,1,1,1,1,1,1,1,1,1,0,4,0
Cristina,PPD,1,4,1,1,1,0,1,1,1,1,1,1,1,1,1,1,4,0,1,1,1,1,1,1,1,4,1,1,1,1,1,0,4,9,1,1,9,1,1,1,4,9,1,9,1,1,9,0,1,9,1,1,1,1,0,1,1,0
Hugo,PC,1,1,9,1,1,1,1,9,1,1,1,0,1,1,1,4,4,1,4,1,9,1,4,0,1,4,0,1,1,1,0,0,4,1,1,1,1,4,1,1,1,1,1,1,4,4,1,4,4,1,1,4,4,1,1,1,1,4
Romilio,UDI,1,1,4,1,1,4,4,0,1,0,1,9,1,4,1,1,1,1,1,1,4,1,9,1,1,0,1,9,9,9,1,1,1,1,1,1,1,9,1,9,1,1,1,1,1,9,1,0,1,1,1,1,4,1,1,9,1,4
María José,UDI,1,1,1,1,1,9,9,1,1,1,9,1,4,1,1,1,1,1,1,1,1,1,4,1,1,9,1,9,1,4,1,1,1,4,4,1,1,9,0,1,1,1,1,4,9,1,0,1,1,1,0,0,1,1,1,1,1,1
Luis,PS,1,9,1,1,9,0,1,1,1,1,1,1,1,1,1,1,1,1,1,1,9,0,1,0,0,1,1,1,1,0,9,1,1,1,1,1,0,1,0,1,9,9,1,1,0,1,1,1,1,0,0,1,1,1,9,9,1,1
Javier,UDI,9,1,1,1,9,1,1,1,0,1,1,1,1,9,1,1,1,1,1,9,1,1,1,1,9,1,1,1,1,1,1,1,1,1,1,1,1,1,1,9,1,9,1,1,4,1,1,1,1,1,0,1,1,1,1,1,4,9
Miodrag,IND,1,0,1,4,0,1,1,1,1,1,1,4,1,1,1,0,1,1,0,0,1,9,9,1,1,1,1,1,4,1,1,1,9,4,1,4,0,1,1,9,1,1,9,0,1,0,1,0,1,1,0,0,1,1,1,4,0,1
Celso,UDI,1,1,1,1,1,1,1,1,1,1,1,0,1,1,4,0,1,0,1,1,1,0,1,1,1,1,1,9,1,1,1,1,1,1,4,1,1,1,4,9,0,1,9,9,1,1,1,1,1,0,1,1,1,1,9,1,0,0
Leopoldo,RN,4,9,1,1,0,1,9,1,1,4,1,9,1,1,9,9,4,1,9,1,1,1,9,0,1,0,1,1,1,4,1,0,1,0,0,1,1,1,1,1,1,0,0,0,1,4,4,1,4,0,4,1,1,1,0,1,9,1
Ricardo,DC,9,1,0,1,1,9,1,1,1,4,1,0,1,1,0,4,0,1,1,0,0,1,1,4,1,1,1,1,1,1,1,9,1,1,1,4,1,1,4,4,1,1,1,1,1,9,9,1,1,1,1,0,4,1,9,1,1,1
Gaspar,RN,1,4,1,4,0,1,1,1,1,1,1,1,0,9,1,1,1,4,0,9,1,4,9,0,1,0,1,1,1,1,1,1,0,1,9,1,9,4,4,1,1,0,9,1,1,4,1,1,1,1,4,1,1,1,1,1,1,4
Marcela,RN,4,9,1,4,4,9,1,1,1,9,1,1,1,1,1,1,1,1,1,0,1,1,1,4,4,1,0,1,1,1,1,1,1,9,9,1,1,4,1,1,1,1,0,4,1,1,0,1,9,4,4,1,9,1,1,1,0,1
Alejandro,RN,1,4,1,1,1,1,9,4,1,4,1,0,9,4,9,0,1,1,4,4,9,1,4,1,9,9,1,1,0,1,9,1,9,1,1,1,4,1,9,1,1,1,1,1,1,4,0,9,1,0,9,1,1,1,1,1,4,1
Frank,RN,1,1,1,1,0,1,4,0,1,1,0,1,1,1,1,1,1,1,9,1,1,1,1,1,1,1,1,9,1,4,1,1,9,1,4,1,0,1,0,1,9,1,4,1,1,1,9,4,9,1,1,1,4,4,1,1,1,4
Ernesto,UDI,1,1,4,0,0,1,1,1,1,1,1,1,0,1,1,1,1,1,1,9,1,1,0,1,1,1,1,1,1,0,1,1,1,4,9,1,1,1,1,9,4,1,1,4,1,1,1,9,4,0,0,1,1,1,1,1,4,1
Arturo,UDI,1,4,1,1,1,1,1,1,9,1,9,1,1,1,1,1,4,1,1,0,0,1,1,1,1,1,1,0,9,0,1,1,1,1,1,1,0,9,1,1,1,1,0,9,0,1,1,1,4,9,1,1,0,1,4,1,1,1
Víctor,DC,1,1,1,1,1,1,1,0,1,9,1,1,1,4,1,1,1,1,1,1,1,1,1,1,1,1,0,1,0,1,1,1,4,4,1,1,1,1,4,1,9,1,1,1,9,0,1,9,1,1,1,1,4,1,0,1,0,0
Joaquín,PPD,9,1,1,1,1,1,0,0,0,1,1,1,1,1,9,4,0,1,1,4,1,9,1,1,1,1,1,1,9,0,9,0,1,1,9,1,1,1,1,1,0,0,4,1,1,1,0,1,1,1,1,1,1,1,9,0,1,9
Enrique,UDI,1,1,1,1,9,1,0,1,9,1,0,1,0,4,0,1,1,0,4,9,1,4,0,1,1,1,9,1,1,1,1,1,0,4,0,0,1,1,1,1,1,0,9,0,4,1,1,1,1,1,0,9,1,1,1,1,0,1
Orlando,PPD,1,0,1,0,1,1,0,4,9,4,1,1,1,0,9,1,1,1,4,0,4,4,1,1,1,1,1,4,1,1,1,1,1,0,1,1,1,1,0,1,9,1,1,1,1,1,1,0,1,1,1,1,1,1,1,9,0,9
Matías,DC,0,1,1,1,0,1,1,9,4,1,9,1,4,1,1,1,9,1,1,9,1,0,1,1,1,1,9,1,1,9,0,1,1,1,9,1,1,4,9,9,1,1,9,9,1,1,1,0,4,1,1,1,0,9,1,9,1,1
Mónica,UDI,4,0,1,1,4,1,1,1,9,1,1,1,9,1,1,4,1,1,1,9,4,1,1,9,4,1,1,1,1,1,4,0,4,1,4,1,1,1,1,1,0,4,0,0,4,1,1,1,4,4,1,1,4,1,0,1,1,1
Mario,DC,9,1,4,1,1,1,1,1,9,9,1,1,1,1,1,4,0,1,9,0,1,0,1,9,1,1,1,0,1,1,1,0,1,9,1,9,0,1,1,1,0,1,1,9,1,1,0,4,1,1,1,1,9,0,9,1,1,1
Gustavo,RN,0,9,0,9,4,1,9,1,0,9,1,1,4,1,1,1,1,1,1,1,1,4,1,1,1,1,0,1,0,1,0,0,1,9,1,9,0,1,1,4,4,4,1,4,0,1,0,1,1,1,1,0,1,1,1,1,1,9
Nelson,PPD,1,1,1,1,1,1,1,9,9,1,0,1,1,1,1,1,1,1,1,1,1,1,4,4,1,9,0,1,1,1,1,1,1,4,1,9,1,0,1,1,1,1,1,4,1,0,1,4,1,1,9,9,1,4,1,4,9,4
Carlos,RN,1,1,1,0,1,1,1,1,1,1,1,4,1,9,1,1,9,1,9,1,1,1,1,1,0,9,1,1,1,1,9,1,4,4,9,1,1,1,1,9,1,1,1,4,4,0,9,1,1,1,1,1,1,1,1,4,1,1
Juan Antonio,UDI,9,4,9,1,1,1,0,1,1,1,0,9,1,4,1,1,1,4,9,1,4,1,1,1,1,1,1,0,4,9,1,1,1,0,1,1,1,1,9,0,1,0,1,1,1,4,1,1,4,1,4,9,1,1,4,0,0,0
Sergio,DC,1,1,1,1,0,4,1,9,1,1,1,1,4,1,1,1,1,1,1,9,1,1,1,1,4,1,0,1,1,1,0,4,1,1,1,1,1,1,9,1,1,1,1,1,1,1,1,1,1,1,1,1,1,0,1,1,9,1
Alberto,RN,0,0,9,4,1,0,1,1,9,1,1,1,1,1,1,1,1,1,1,4,1,1,1,1,9,4,1,1,1,0,9,4,1,4,1,1,1,1,1,1,1,1,1,0,1,1,0,4,1,1,9,9,0,0,0,4,1,1
José,RN,1,1,0,1,0,4,1,1,1,1,1,0,4,1,4,1,1,1,1,4,1,1,1,9,1,1,1,1,1,9,1,1,4,1,1,1,1,9,1,1,1,1,1,9,1,4,9,4,1,1,4,4,1,0,1,1,9,4
Enrique,DC,9,1,1,1,0,1,1,1,1,1,1,1,4,1,1,9,1,4,4,1,1,1,1,1,1,1,4,1,9,1,1,4,1,4,1,0,1,1,0,9,1,1,1,1,1,1,9,1,1,9,9,0,1,1,1,1,1,1
Iván,PRSD,9,1,1,1,1,4,1,1,4,1,0,0,1,1,9,4,0,1,4,1,1,1,0,4,1,1,1,1,1,1,1,4,0,0,1,9,9,1,9,1,1,1,0,1,9,1,1,4,0,0,0,0,1,9,1,1,1,4
Luis,DC,0,0,1,4,1,1,4,9,1,9,1,1,1,4,1,1,1,4,1,1,1,1,4,1,1,1,1,9,1,1,1,0,4,1,4,9,1,9,1,1,4,1,1,4,1,1,1,1,1,1,1,0,1,4,1,0,1,9
Marina,RN,1,1,1,1,1,1,4,1,0,1,0,1,1,1,4,1,1,0,1,9,0,1,1,1,1,9,1,1,9,4,1,0,1,0,1,1,4,0,0,1,0,1,1,1,4,1,1,1,0,4,1,1,1,4,1,1,0,0
Baldo,RN,1,1,4,9,1,1,9,1,1,1,1,1,1,1,1,1,1,1,0,1,1,1,9,4,1,1,1,1,9,4,1,1,9,1,9,0,1,0,1,1,4,1,9,1,1,1,1,4,0,9,0,1,1,1,4,1,1,1
Víctor,DC,1,1,1,1,0,1,1,1,1,1,0,1,1,0,1,0,1,1,1,1,1,4,4,9,0,4,1,4,1,1,1,1,1,1,0,1,1,1,0,1,1,0,1,9,1,1,4,9,1,1,1,1,1,1,1,1,1,1
Antonella,DC,1,1,1,1,1,9,4,1,1,9,1,1,0,1,9,1,4,1,1,1,4,4,0,0,1,1,1,4,1,1,0,1,0,0,4,1,1,1,1,9,9,9,1,9,1,4,9,9,1,1,1,1,1,1,1,0,0,1
Salvador,PPD,1,1,1,1,1,1,1,1,1,0,1,0,0,1,4,1,9,1,1,4,0,1,9,1,4,1,1,1,1,1,1,1,1,1,1,1,1,1,1,1,9,0,4,1,1,1,9,9,9,9,9,9,1,9,1,1,4,1
Enrique,UDI,1,1,1,1,1,1,1,1,9,1,4,1,1,1,1,1,4,1,1,1,0,1,1,1,0,9,4,1,9,1,1,1,9,1,1,9,1,0,1,1,9,4,1,1,1,1,1,1,9,1,0,1,9,1,1,1,0,1
Ignacio,DC,0,1,1,4,1,1,1,4,1,1,1,1,4,9,1,0,1,4,1,1,4,1,1,9,1,1,1,1,1,9,0,0,1,1,1,1,1,1,1,1,0,0,9,9,4,1,4,9,1,1,0,4,1,1,1,1,9,1
Rafael,DC,4,1,0,1,1,4,1,1,1,1,1,1,9,9,4,1,9,1,1,1,0,1,9,0,1,1,1,1,1,9,1,1,9,1,9,9,9,1,4,1,1,1,1,1,0,1,1,1,1,0,1,1,0,1,0,1,1,1
Manuel,DC,4,1,1,0,1,1,1,4,1,1,4,1,0,1,4,0,9,0,1,1,1,9,0,9,4,4,1,1,1,1,1,4,1,1,1,1,9,9,4,1,4,1,1,0,1,1,9,1,0,1,1,9,0,1,1,1,1,1
Haroldo,RN,1,1,1,1,1,1,1,1,9,9,4,9,1,1,1,9,1,1,1,1,9,1,0,9,1,1,1,1,1,1,1,1,1,1,1,4,1,1,1,9,0,1,1,1,1,9,1,1,1,9,1,1,1,1,1,4,1,1
Homero,DC,1,1,1,0,0,1,1,0,0,4,4,9,9,1,1,1,1,1,1,1,1,9,0,1,0,1,1,1,9,1,1,1,4,0,1,9,4,4,4,0,4,1,9,9,1,1,1,1,4,1,1,1,1,1,1,1,0,4
Francisco,DC,1,0,1,4,1,9,9,1,4,9,1,1,0,1,1,1,1,1,1,1,1,9,1,1,1,1,1,4,9,0,9,4,1,1,1,4,9,1,4,9,1,1,0,1,1,4,1,1,1,1,1,4,1,1,1,9,4,0
Tomás,DC,1,1,0,4,1,4,0,9,1,1,1,1,9,1,1,0,1,1,1,0,4,1,0,1,9,4,4,1,1,1,9,1,1,1,9,1,9,1,4,1,0,4,1,1,0,9,1,1,9,4,9,1,0,4,1,1,1,1
Gutenberg,DC,1,4,1,9,1,1,1,1,4,1,4,4,4,1,1,1,4,9,1,9,1,9,1,4,1,0,1,0,1,1,1,1,9,1,1,1,1,1,9,1,1,1,1,1,0,1,1,1,1,4,9,9,1,1,4,9,0,1
Jaime,PS,1,4,0,1,1,1,1,9,1,1,4,1,1,1,1,4,4,1,1,0,0,9,1,1,1,0,1,1,0,1,1,1,9,1,1,1,1,1,1,9,1,0,1,1,1,9,0,1,1,4,1,0,1,4,1,1,1,1
Joaquín,DC,1,1,1,9,1,1,1,1,4,4,9,1,4,1,1,4,0,1,1,1,1,1,1,9,1,1,0,1,1,9,1,0,1,1,1,4,9,1,1,0,1,1,1,1,9,1,0,9,1,1,0,1,1,1,1,9,1,4
Fanny,PS,1,1,1,1,1,1,1,1,1,4,1,9,1,1,1,0,4,4,1,4,0,9,1,4,1,1,1,1,1,1,1,0,4,9,4,1,0,4,9,1,1,0,4,1,1,1,1,0,1,9,1,9,0,0,1,9,4,0
Felipe,PS,9,1,1,1,1,0,1,4,1,4,1,1,1,4,9,1,1,1,9,0,1,9,1,1,9,1,9,1,1,1,4,1,1,9,1,9,4,1,1,9,9,0,0,1,1,1,1,1,9,9,0,1,1,1,1,1,4,1
Osvaldo,RN,4,0,9,1,1,1,1,0,1,1,0,0,9,9,4,1,1,1,1,1,1,1,9,1,0,1,4,9,1,0,1,1,0,1,0,1,1,1,4,4,9,1,1,1,1,0,9,1,0,1,1,0,0,0,9,4,1,1
Andrés,DC,1,1,9,1,9,1,0,1,1,1,1,1,1,1,1,0,4,1,1,1,1,1,0,1,1,1,1,9,9,9,1,1,1,4,4,1,1,1,1,1,0,1,1,9,9,1,1,4,9,4,1,1,4,9,1,0,1,9
Jaime,PRSD,0,1,4,4,1,9,1,1,9,9,4,9,4,1,1,0,1,1,1,9,1,1,1,1,9,1,1,1,1,1,1,0,1,4,1,1,1,0,1,1,9,0,1,1,1,0,4,1,4,1,4,1,1,1,4,9,1,9
Sergio,DC,1,1,0,1,1,1,1,4,1,0,1,0,1,9,1,4,4,0,4,1,1,1,9,1,1,9,1,1,1,1,1,1,1,1,1,1,1,1,1,0,9,9,1,0,9,1,1,1,1,9,1,9,1,1,9,4,1,4
Juan,DC,1,1,1,0,1,1,0,1,0,1,1,0,0,1,9,1,1,4,1,1,1,1,1,1,1,1,1,1,1,0,4,1,1,9,1,4,1,1,1,0,0,4,1,1,1,9,4,1,1,1,4,1,1,1,4,9,4,0
María,DC,4,1,9,0,1,1,1,1,1,1,0,4,0,1,1,4,4,1,1,1,0,9,1,9,4,1,0,1,4,1,4,1,0,9,1,1,1,9,1,1,1,1,1,9,0,4,1,1,1,1,4,1,0,1,9,1,9,4
Miguel,DC,9,1,1,1,1,0,9,1,4,1,1,9,0,1,1,0,0,0,1,1,9,1,1,1,9,1,1,4,1,9,4,0,1,1,1,9,0,1,1,4,1,1,4,1,1,9,1,1,4,9,1,1,1,1,1,1,1,9
Luis,IND,1,9,9,9,0,9,1,0,1,4,1,4,0,1,9,0,1,1,0,4,1,9,0,1,1,1,0,1,1,4,1,1,0,1,1,1,4,0,1,1,1,9,0,1,4,1,1,1,4,1,1,1,1,4,1,1,1,1
José María,RN,1,4,1,1,4,1,9,1,1,1,1,9,1,9,4,4,1,1,0,4,1,1,9,4,9,1,0,1,4,0,0,1,1,1,1,4,1,0,1,1,1,9,0,1,1,1,1,1,0,1,1,0,9,1,1,1,9,4
Octavio,PPD,1,4,0,1,1,1,1,1,1,0,9,1,1,9,1,0,4,1,1,0,1,1,1,4,9,1,1,9,9,4,1,1,4,1,1,0,0,0,1,1,1,1,1,1,9,4,0,9,0,1,0,9,1,9,0,1,1,1
Edmundo,DC,0,9,4,9,1,1,4,1,1,1,1,1,4,1,1,1,1,0,9,0,4,1,1,1,1,1,1,0,0,9,1,1,1,1,4,0,1,1,1,1,0,9,1,9,1,0,9,1,1,1,1,0,1,4,1,4,1,1
Evelyn,IND,4,1,1,0,1,1,1,9,1,1,1,9,4,1,1,1,1,1,4,4,1,1,1,9,0,9,1,1,1,1,4,9,1,4,9,1,4,1,4,1,1,1,9,1,1,1,1,1,1,9,9,9,1,0,1,0,1,1
Eugenio,RN,1,4,1,9,1,4,0,1,0,0,1,4,1,1,4,1,0,1,1,1,0,1,4,1,1,1,9,1,1,1,1,1,1,1,1,0,4,9,9,1,4,1,1,9,1,1,1,0,4,1,1,1,1,1,1,1,1,1
Armando,PS,1,0,0,0,9,0,0,4,1,1,0,4,1,1,1,1,1,1,1,1,4,1,1,1,0,0,1,4,1,1,1,1,9,1,9,0,1,0,1,0,9,1,1,1,0,1,4,0,9,1,1,0,1,9,1,9,1,1
Andrés,DC,1,4,1,1,9,9,1,0,1,1,1,1,4,1,1,9,1,1,1,0,0,1,0,1,0,9,1,4,1,1,9,1,1,1,9,1,1,1,9,4,1,9,1,1,1,1,1,9,4,4,1,1,9,1,1,0,1,4
Carlos,UDI,4,9,0,4,1,1,1,1,1,1,1,1,1,9,1,1,1,1,9,1,1,1,1,9,1,9,1,1,4,1,1,1,1,9,1,1,1,1,1,1,9,0,1,1,1,9,9,1,0,4,1,9,9,9,1,4,1,1
Carlos,RN,1,1,9,9,1,4,1,4,0,0,1,1,9,1,1,1,9,1,1,1,0,1,0,1,1,1,1,1,1,0,1,1,1,1,1,1,9,9,9,1,1,1,9,1,1,1,9,9,4,1,1,1,0,1,1,1,1,4
Carlos,DC,9,1,1,1,1,1,1,0,1,1,1,1,1,1,9,1,1,0,9,1,1,0,9,0,9,0,1,1,1,4,4,1,9,0,4,1,1,1,1,0,1,1,1,1,1,4,1,0,4,1,9,4,9,1,0,1,0,1
Ramón,DC,1,9,4,1,1,9,9,1,1,0,1,1,9,1,1,9,1,1,1,1,0,4,9,1,1,9,1,1,4,1,1,9,1,1,1,1,1,1,1,1,1,1,9,1,1,4,1,1,0,1,1,4,1,1,1,1,1,1
Jaime,PS,0,1,1,9,9,0,9,1,9,4,1,0,4,1,1,4,1,1,1,1,1,0,1,0,4,1,0,9,9,1,1,1,1,0,4,1,9,1,1,9,1,9,9,1,1,9,1,1,1,1,1,1,1,1,9,1,1,1
Miguel Angel,RN,1,1,1,4,1,1,0,0,1,4,1,1,1,1,1,1,4,1,1,9,1,1,9,9,1,1,9,1,1,4,1,1,1,0,9,1,1,1,4,1,1,1,1,9,1,9,9,1,9,9,1,1,9,4,1,1,9,1
Rubén,DC,1,1,1,1,1,9,9,1,0,1,1,9,4,4,1,4,1,1,1,1,1,1,1,0,1,1,1,4,1,1,1,1,0,1,0,1,1,1,1,9,1,1,0,0,9,1,1,0,1,1,1,9,0,1,1,1,1,1
Teodoro,RN,0,1,1,9,1,9,1,9,1,1,1,1,4,4,9,0,1,9,1,1,4,1,1,1,1,9,0,1,9,9,1,4,0,4,1,1,1,1,4,4,1,1,1,1,4,9,1,1,1,1,4,1,1,4,9,9,9,9
Claudio,RN,1,9,1,1,0,4,1,1,4,9,1,1,1,9,1,9,4,1,0,4,0,4,9,4,1,1,1,4,1,9,9,1,1,1,1,9,4,1,4,1,4,9,4,1,1,1,1,1,1,1,9,1,1,0,1,9,1,1
Hosain,DC,0,4,1,1,1,1,9,9,1,1,0,4,1,1,4,1,0,0,1,1,1,1,1,1,1,1,1,9,1,1,1,1,1,0,0,9,9,0,4,4,0,1,0,1,1,1,1,9,1,9,9,1,4,1,4,1,1,1
Jorge,PPD,9,1,9,1,1,4,1,4,4,1,1,1,1,1,1,1,1,1,1,1,1,0,1,1,1,9,1,1,1,1,1,1,1,1,9,1,9,1,9,1,1,1,1,9,9,1,1,1,1,1,1,1,0,0,1,1,1,9
Vicente,PPD,0,1,1,1,1,1,1,1,1,9,4,4,4,1,4,1,0,9,1,1,9,1,4,1,1,1,0,1,0,1,1,1,1,1,1,1,1,0,9,1,1,1,0,1,1,9,4,0,9,9,1,1,9,9,0,1,1,1
Juan Enrique,RN,0,1,0,1,0,9,4,1,4,4,4,1,1,1,4,1,0,1,1,1,9,4,9,1,4,1,1,1,4,1,0,1,0,0,1,1,1,1,4,9,1,1,1,1,9,0,1,1,0,1,1,1,4,1,1,1,9,1
Isidoro,PS,4,9,1,1,1,1,1,9,1,1,0,0,4,0,4,4,4,1,0,1,1,4,4,1,1,1,1,1,0,1,4,1,1,1,1,1,1,1,1,9,9,0,1,1,0,4,1,1,9,1,1,9,1,4,1,0,1,1
Raúl,RN,1,4,1,9,1,1,1,0,1,9,1,1,1,1,1,1,1,9,1,1,4,1,0,9,4,4,0,1,0,1,1,4,4,9,0,1,9,9,0,1,1,4,0,1,9,0,1,1,1,0,4,1,1,1,1,1,0,1
Carlos,RN,4,1,1,9,1,1,1,1,0,1,1,4,0,1,0,9,0,1,1,1,0,1,1,1,1,1,0,1,0,1,9,1,1,1,1,1,9,1,1,0,0,4,9,0,9,0,1,1,9,1,9,1,1,1,1,1,4,1
José Antonio,PS,0,1,4,1,1,9,9,1,4,9,1,1,1,1,9,4,1,9,1,1,1,1,9,1,1,1,1,1,1,9,9,1,1,9,1,1,9,1,4,9,1,1,0,1,4,4,9,1,1,0,1,4,1,1,1,4,1,0
Andrés,RN,9,0,0,1,1,1,1,1,1,1,1,1,9,0,1,1,1,1,1,1,1,1,1,1,1,1,0,1,1,1,9,1,0,1,1,1,1,1,1,1,1,1,1,4,1,1,9,9,1,1,1,1,4,4,1,1,1,1
Mariana,DC,1,1,4,9,1,1,1,1,1,4,1,1,1,1,1,0,1,0,1,1,9,1,1,1,1,1,4,1,1,4,1,4,0,1,4,9,4,1,9,1,1,1,4,1,0,0,1,1,1,1,0,0,1,4,1,1,1,1
Ignacio,DC,9,1,1,1,4,1,1,4,1,1,1,4,1,1,1,1,0,0,1,4,9,1,4,1,0,1,0,1,1,1,1,9,1,1,1,1,1,1,1,1,4,1,1,1,9,9,1,1,1,9,1,1,1,9,9,1,1,9
Iván,DC,1,1,1,4,1,1,1,1,1,0,1,4,9,1,1,1,1,0,9,0,0,1,1,9,1,1,1,1,1,9,1,4,0,1,4,1,1,4,4,1,1,1,1,0,1,1,1,1,1,1,0,9,4,9,0,1,9,0
Luis Valentín,RN,0,9,1,9,1,1,9,1,1,1,1,1,1,9,1,4,9,1,1,1,1,1,1,1,4,1,0,1,4,4,1,1,1,9,1,1,0,9,1,4,1,0,9,1,4,9,1,1,1,1,1,0,9,4,1,1,1,1
Harry,RN,4,4,1,1,1,1,9,9,1,1,1,1,4,9,0,1,9,1,0,1,0,1,0,9,1,0,4,0,1,9,1,1,9,1,1,1,9,1,0,1,0,1,9,0,1,1,1,1,4,1,1,1,1,1,1,1,1,1
José,DC,1,1,1,1,9,1,1,0,0,0,1,1,9,1,1,0,1,9,1,1,9,0,9,1,1,1,1,1,1,1,4,1,1,1,1,4,1,1,1,1,1,0,1,4,1,1,1,1,1,9,0,9,1,9,9,4,0,1
Valentín,RN,1,1,1,1,0,9,1,1,1,1,1,1,1,9,4,1,4,1,9,9,1,1,1,1,1,9,1,4,1,1,0,1,4,1,1,9,1,1,0,1,9,1,1,1,1,9,1,0,1,1,1,9,1,4,4,1,1,0
Erick,DC,1,1,0,1,0,4,1,1,0,9,4,1,9,1,9,1,1,0,0,1,0,4,1,1,1,1,4,4,4,0,1,1,9,1,1,1,1,1,1,1,1,1,9,1,1,1,0,1,1,0,4,0,1,0,1,4,1,1
Martita,PPD,1,1,1,1,1,1,1,9,0,1,1,1,1,4,1,0,0,1,1,0,0,4,1,9,1,1,1,1,1,1,1,0,1,1,1,4,1,1,1,9,1,0,1,0,1,1,1,0,1,1,9,1,1,1,1,1,1,9
Héctor,DC,1,1,1,4,1,0,4,1,1,1,1,9,1,1,1,4,1,1,1,1,0,1,4,9,9,4,1,1,1,1,1,1,1,1,0,4,1,1,1,0,1,1,1,1,1,1,1,1,1,1,0,1,1,1,1,1,1,4
Hugo,RN,0,1,1,9,1,1,1,1,1,1,4,1,1,1,9,1,1,1,4,1,1,1,1,1,4,1,1,0,1,1,1,1,1,9,1,9,4,9,1,1,4,1,1,1,1,4,1,1,9,1,9,1,4,1,1,4,9,1
Gustavo,RN,1,1,0,9,0,9,1,1,9,1,1,1,1,1,1,1,1,1,1,0,1,4,1,1,1,1,9,1,9,1,1,1,9,9,1,4,1,4,0,1,1,1,4,1,1,4,1,4,0,1,1,1,1,1,1,0,1,1
Hernán,DC,1,1,1,4,0,9,1,4,1,0,1,1,1,4,9,4,1,1,1,1,1,1,1,1,4,4,9,1,9,1,1,0,1,1,1,1,1,1,1,1,0,1,9,1,9,1,9,1,1,0,1,4,0,9,1,1,1,1
Jaime Alfonso,PRSD,1,1,1,1,4,9,1,9,0,1,0,1,0,0,0,4,1,1,1,1,0,9,9,1,1,0,1,1,9,1,1,9,1,1,1,1,1,0,9,9,1,1,1,9,1,1,1,1,1,1,1,1,1,1,1,9,1,1
Gustavo,DC,1,4,1,9,1,1,1,1,1,0,1,1,1,4,1,1,0,1,0,1,4,1,1,0,4,1,0,1,9,1,9,9,1,0,9,0,1,0,1,1,1,9,1,1,1,1,1,1,1,4,1,4,1,1,0,1,4,1
Baldemar,DC,1,1,1,4,1,1,1,1,0,1,1,4,0,1,4,1,4,1,9,1,4,4,1,1,1,1,0,1,1,0,1,9,1,1,0,1,9,4,0,1,1,1,1,0,9,1,1,1,1,1,1,9,1,4,0,1,1,1
Mario,PRSD,1,9,1,1,4,9,1,1,0,4,1,1,1,4,1,1,4,1,1,1,0,1,1,1,1,4,1,1,1,4,0,9,1,1,1,9,9,1,1,4,1,9,4,1,1,1,1,1,1,1,1,0,1,1,0,0,4,1
Dionisio,PRSD,1,1,1,1,0,4,9,1,1,1,1,0,1,1,1,4,1,1,4,1,1,1,1,4,1,1,1,0,0,1,1,9,1,0,1,1,9,1,4,1,0,1,1,0,1,4,4,9,1,1,1,4,0,1,9,0,1,1
Pedro,UDI,0,1,1,1,1,4,0,1,4,1,1,4,4,4,1,1,1,1,0,9,0,9,9,9,1,1,0,0,9,9,1,0,1,1,1,1,1,1,0,1,4,1,9,4,0,1,1,1,4,4,4,4,1,1,1,0,1,1
Antonio,IND,9,1,0,1,1,1,1,0,9,4,1,0,9,1,1,4,0,4,1,1,9,1,1,1,1,0,9,1,1,0,9,1,1,1,1,1,4,1,4,1,1,0,1,1,1,1,0,1,0,1,1,4,1,1,1,9,0,1
Claudio,DC,4,9,9,1,1,1,9,1,1,1,1,1,4,1,1,1,9,0,0,1,1,1,9,4,1,4,9,9,9,1,1,1,0,1,9,1,4,1,1,1,1,4,4,4,1,1,0,1,9,1,1,9,1,0,1,1,1,1
Sergio,DC,1,1,1,9,0,1,9,1,1,1,1,1,0,4,0,1,1,1,1,1,1,1,1,1,1,1,1,0,0,1,1,9,4,1,1,0,1,9,1,9,1,1,1,1,4,1,1,0,4,9,1,0,9,0,1,1,1,1
Vladislav,PS,4,1,1,0,1,0,9,1,1,1,1,1,1,9,4,1,4,4,9,1,1,1,0,1,1,1,9,4,1,0,4,1,1,9,9,0,1,1,0,9,1,1,0,1,1,1,1,1,1,1,4,9,1,1,9,1,1,1
María,PPD,1,1,9,1,0,1,4,1,1,1,1,9,1,1,9,1,1,1,1,1,1,1,1,1,9,1,9,1,1,0,1,1,1,9,4,4,4,4,4,1,1,1,1,1,1,1,4,9,1,0,4,9,1,1,1,9,0,4
Juan,PS,1,1,4,4,1,1,0,9,4,9,1,4,9,1,4,1,1,1,1,0,1,0,9,1,9,1,1,1,0,9,1,1,9,1,1,1,1,1,1,1,9,1,1,9,1,1,1,1,9,1,1,1,1,1,1,1,1,9
Manuel,DC,1,1,0,9,1,1,0,0,1,1,0,1,0,1,1,1,1,0,1,1,1,1,1,1,1,1,0,0,0,0,1,1,4,9,1,9,1,1,1,9,1,1,1,4,0,1,1,1,9,1,0,4,1,1,1,1,0,9
Federico,RN,0,9,9,1,1,4,4,4,4,1,0,1,1,9,1,1,1,0,1,1,9,1,4,1,0,1,1,1,1,1,0,1,1,1,1,1,9,9,1,1,9,1,1,0,1,0,1,1,1,4,0,4,1,1,1,1,4,0
Jorge,PPD,1,1,1,1,4,1,1,1,1,1,9,0,1,0,1,1,1,9,1,0,1,1,1,4,4,1,1,1,1,4,0,1,1,1,4,1,9,9,4,1,0,4,1,1,9,9,1,1,9,1,0,1,1,1,1,0,1,9
Jorge,RN,1,4,9,1,1,1,4,1,1,1,1,0,1,1,1,1,1,1,1,9,9,1,1,1,1,4,1,1,1,1,1,1,1,1,1,1,1,0,1,0,1,1,1,1,1,1,1,1,1,1,0,1,1,1,1,0,1,1
Roberto,PPD,1,9,9,1,1,9,9,1,4,1,9,0,9,1,1,0,0,1,9,1,1,1,9,0,1,0,1,1,1,1,4,1,1,9,9,1,0,1,1,1,9,1,1,0,1,1,1,1,0,0,4,1,1,1,1,1,9,0
Luis,RN,1,1,1,0,0,1,9,1,9,1,1,4,4,1,1,4,4,1,4,1,0,1,1,1,0,1,9,1,1,4,1,1,1,9,1,1,4,9,1,1,0,0,1,4,1,1,4,1,9,9,1,1,1,1,9,1,1,1
Héctor,PS,1,1,9,1,4,9,1,1,1,0,1,1,0,1,1,1,1,1,1,1,1,1,1,1,1,1,4,1,1,1,1,9,1,4,4,1,1,4,1,1,4,1,1,1,9,1,1,1,1,4,0,9,1,1,1,9,1,1
Eugenio,DC,1,0,1,1,0,1,4,1,0,1,1,1,1,1,4,1,1,4,9,4,1,1,1,0,1,1,0,1,0,1,1,1,1,1,1,4,1,0,1,0,1,1,1,1,1,1,0,1,1,1,4,1,4,1,1,0,1,1
Mario,PS,4,9,1,4,1,1,4,9,9,9,1,1,0,9,4,9,0,1,1,0,4,9,1,0,9,0,1,1,1,1,9,0,1,1,9,1,1,0,1,1,9,0,1,9,9,0,1,9,4,0,1,0,1,9,0,1,1,1
José Apolonio,PRSD,1,1,4,1,4,1,9,1,1,1,0,1,1,4,1,4,1,1,0,4,4,0,9,9,0,4,1,1,9,4,9,9,1,1,1,9,1,1,1,9,1,9,1,1,1,1,1,1,1,1,1,4,4,1,4,1,9,1
Juan Alberto,RN,9,4,1,9,0,1,4,1,1,1,0,4,9,9,9,4,1,1,1,1,1,0,1,9,0,4,1,1,1,1,1,1,9,1,1,0,0,1,1,1,1,0,1,4,1,1,9,1,1,4,1,4,1,1,0,9,1,9
Gustavo,DC,0,1,1,1,1,1,1,4,4,0,1,0,0,1,1,1,1,1,1,0,1,1,1,1,4,1,4,1,0,1,1,1,0,1,1,9,4,1,1,1,4,1,1,1,0,1,1,1,0,1,1,1,1,1,1,1,4,4
Federico,RN,9,1,1,1,1,0,1,1,1,1,1,1,9,0,9,1,4,1,4,1,1,1,1,1,0,9,9,1,4,9,4,4,1,0,1,9,9,1,9,1,1,9,1,4,1,1,1,1,4,4,1,4,0,9,9,9,0,9
Hugo,DC,1,1,1,1,9,1,0,1,9,9,1,1,0,1,1,1,1,4,1,9,1,1,1,0,1,4,1,1,4,9,1,1,1,1,1,1,1,1,1,4,1,1,0,4,1,1,0,1,0,1,4,1,9,1,1,1,1,1
Laura,Other,1,9,4,1,1,0,1,1,1,1,4,1,4,1,1,1,0,1,4,1,1,1,0,1,9,1,1,1,1,1,1,4,9,1,1,1,1,4,1,1,0,1,1,1,1,1,1,1,1,9,1,9,4,1,9,1,1,1
Hernán,DC,1,0,9,1,4,1,1,1,1,1,9,1,1,0,1,4,1,1,4,1,1,9,4,9,1,1,0,0,9,1,1,4,9,1,9,1,1,1,1,0,1,1,9,1,4,4,1,1,1,1,0,1,0,0,1,1,1,0
Julio,DC,4,1,1,0,9,1,1,1,9,1,1,1,9,1,9,0,1,4,1,0,0,4,0,0,1,4,9,0,1,9,1,1,1,0,4,0,4,9,4,9,1,9,1,9,1,0,1,1,1,9,0,1,1,1,1,1,1,1
Juan Akin,PS,9,9,9,4,0,9,1,0,0,1,1,9,1,4,9,1,0,1,1,1,9,1,4,1,1,0,1,9,1,9,1,1,1,9,1,4,0,1,4,1,1,1,1,1,1,9,1,1,0,1,1,1,0,1,1,1,1,1
Andrés,RN,1,1,4,0,9,9,1,0,1,9,1,1,1,1,4,1,1,1,0,1,1,4,0,1,1,9,9,1,1,4,0,4,0,0,9,4,1,0,1,0,1,4,1,1,1,1,4,1,1,1,1,1,1,4,4,0,0,1
Guillermo,DC,1,9,1,1,1,1,1,9,1,1,1,4,1,4,9,1,1,1,1,1,4,1,0,1,4,0,0,4,1,1,1,1,1,1,1,4,1,0,1,1,4,1,1,1,1,4,1,1,1,1,1,1,0,1,4,0,1,9
Martín,PRSD,1,1,1,1,4,1,1,9,1,1,1,1,1,1,1,4,1,9,0,9,9,1,1,1,1,1,1,1,1,4,4,9,0,1,1,1,1,1,1,9,1,1,0,1,1,1,1,0,1,1,1,1,9,1,9,1,1,1
Francisco,RN,1,0,1,1,1,1,1,1,1,1,0,1,1,1,1,1,1,4,1,1,1,1,1,1,1,1,1,1,4,9,1,1,1,4,1,1,0,1,1,0,0,4,1,1,0,1,1,1,9,1,1,1,1,1,0,1,1,1
Eliana,DC,1,1,4,1,9,9,1,0,1,4,1,1,1,1,0,9,1,1,1,1,1,1,1,4,1,1,1,9,1,1,4,1,1,1,1,0,1,1,1,0,1,1,1,9,1,9,0,4,1,1,9,9,1,1,9,1,1,1
Camilo,PS,9,1,1,1,1,1,1,1,4,9,1,1,4,4,1,1,4,0,1,1,1,9,1,4,1,1,1,1,4,1,9,1,1,1,1,1,1,4,1,1,9,1,0,1,1,4,1,4,9,1,1,1,9,0,0,1,1,1
Mario,UDI,1,1,9,1,1,1,1,9,1,1,4,0,1,1,1,9,1,1,0,1,4,1,0,1,1,1,1,4,0,1,1,1,1,1,1,0,4,1,4,1,1,9,1,0,1,1,4,9,1,4,1,1,1,1,1,1,1,1
José Antonio,RN,1,1,1,1,0,1,1,0,1,4,1,1,1,9,9,4,4,1,1,1,9,9,1,1,0,4,1,1,9,1,1,9,9,1,0,9,0,1,1,1,1,1,1,1,1,1,1,1,9,1,1,1,1,1,0,1,1,4
Rosa,IND,1,1,0,9,9,1,4,0,1,1,1,0,4,1,1,1,1,1,1,1,1,9,0,1,1,0,4,1,9,1,9,1,1,1,4,1,1,1,1,4,4,0,1,9,1,1,1,1,1,9,1,9,1,0,1,1,9,9
Carlos,IND,1,1,1,1,1,4,1,1,1,4,1,4,1,1,1,4,1,1,0,1,1,1,1,0,1,1,4,9,1,1,1,1,9,9,1,0,1,1,1,1,4,1,1,1,9,1,1,9,4,1,1,0,9,1,1,1,0,1
Gonzalo,UDI,0,0,9,1,1,1,1,0,9,1,1,1,1,0,1,9,1,1,1,1,1,9,1,1,1,1,1,1,1,9,1,0,1,1,1,9,9,1,1,1,1,1,1,1,1,1,1,1,1,1,1,4,4,1,1,1,4,1
Víctor,PPD,1,0,1,1,4,1,1,0,1,1,9,1,4,4,9,1,1,1,1,1,1,1,1,4,1,1,4,9,1,1,4,1,0,1,1,1,1,1,0,9,1,1,1,9,1,9,1,1,4,1,0,4,4,1,1,1,9,1
Jaime,DC,1,1,1,1,9,0,1,9,1,4,1,1,1,1,0,1,4,4,9,9,4,1,4,4,0,4,9,1,1,1,1,1,1,1,1,1,1,0,9,0,1,4,4,1,9,0,4,1,0,1,0,4,1,9,1,9,1,9
Carlos,RN,1,9,1,1,1,1,1,1,1,9,4,1,1,1,1,1,1,1,1,1,1,0,1,1,1,0,1,4,1,1,4,1,1,0,1,1,1,4,1,0,4,0,1,1,1,1,1,1,9,1,9,0,0,1,1,1,1,1
Eduardo,PRSD,1,1,9,1,1,1,1,1,1,9,4,1,4,4,1,1,1,1,1,4,0,1,9,4,0,1,4,1,1,9,1,1,1,1,1,1,1,1,1,1,4,1,1,0,9,4,4,0,1,9,9,1,1,1,1,0,1,1
Juan Pablo,PS,0,1,4,4,1,9,1,1,1,1,9,1,1,1,1,1,1,0,0,9,1,1,1,1,0,4,9,1,0,1,1,1,4,1,4,1,1,9,1,1,1,1,9,0,4,9,1,1,1,1,1,1,1,4,4,1,1,1
Felipe,PPD,1,0,1,1,1,4,1,1,4,1,0,4,1,0,1,1,1,1,1,1,1,1,1,1,0,4,1,1,4,1,1,1,1,1,0,1,9,1,9,1,0,1,4,1,0,0,1,9,9,1,9,0,1,1,1,9,0,1
Pablo,UDI,1,1,4,9,1,9,4,1,0,9,9,9,4,0,1,1,1,4,1,1,9,9,1,9,4,1,4,1,1,1,4,1,1,1,1,9,4,4,4,0,0,1,9,1,1,1,1,9,1,9,1,1,1,1,9,1,1,1
Zarko,DC,1,9,1,1,1,1,1,1,1,9,9,9,4,1,1,4,1,0,1,1,1,1,1,4,1,1,1,1,1,1,1,1,1,1,1,1,1,1,1,1,4,1,0,9,0,4,1,0,1,1,1,1,1,1,1,1,4,1
Darío,UDI,1,1,0,1,4,1,0,0,1,9,0,4,1,0,4,1,1,1,4,1,4,0,1,0,1,9,1,1,0,1,1,4,1,1,9,1,1,1,9,9,1,1,1,1,0,1,9,0,9,1,1,4,1,1,0,1,4,1
Waldo,DC,1,1,1,9,1,1,1,9,1,9,1,1,0,1,0,4,1,1,1,1,4,9,1,1,1,1,1,4,1,1,0,0,9,1,1,1,1,1,1,4,4,1,4,0,1,9,1,4,4,1,1,0,1,1,1,1,9,1
Alejandro,PS,1,4,4,0,1,1,1,1,0,1,1,1,0,1,1,4,1,1,9,4,1,1,1,9,1,1,1,1,1,9,0,4,1,1,9,1,1,1,4,0,0,0,0,1,1,0,4,1,1,0,9,1,4,9,1,1,1,9
Cristián,IND,9,1,1,0,9,1,1,1,4,4,9,0,4,1,1,4,9,1,1,1,0,1,4,4,9,1,0,1,1,0,0,1,0,1,1,4,1,1,1,9,4,1,1,1,4,1,1,1,4,0,0,9,1,9,1,1,0,1
Ramón,RN,1,4,1,4,1,9,1,1,1,1,1,4,1,1,1,0,1,1,1,4,1,1,1,0,1,4,1,9,1,1,4,1,1,1,1,1,1,0,1,1,9,9,1,1,4,9,1,9,9,1,0,1,4,1,1,1,1,0
Pablo,UDI,0,9,1,1,1,1,1,9,4,1,1,1,9,1,9,0,0,4,9,1,1,1,1,9,4,4,1,1,9,1,1,0,1,0,1,9,1,1,1,1,1,1,4,0,1,1,1,1,1,0,1,0,9,0,1,1,1,1
Víctor Manuel,PPD,0,1,1,1,1,9,1,0,1,1,1,1,1,1,1,9,1,0,9,9,0,1,1,1,1,1,0,1,4,1,1,1,4,4,9,1,1,1,1,1,1,1,0,1,1,1,1,1,1,1,1,1,9,4,9,1,0,0
Leopoldo,PPD,1,1,9,1,0,1,0,1,1,9,1,0,1,1,1,1,9,1,9,1,1,1,1,1,1,1,1,1,4,1,1,1,4,4,1,9,1,1,1,1,1,0,4,1,1,1,1,0,4,1,0,1,1,9,1,1,1,9
Rodolfo,DC,1,1,1,1,1,1,4,9,1,9,1,1,1,1,9,1,1,1,1,0,1,4,9,1,1,9,9,1,1,1,1,1,1,1,4,4,4,9,1,4,1,1,1,9,1,1,9,9,1,1,1,1,1,0,1,1,1,1
Exequiel,DC,1,1,1,4,1,1,1,4,4,4,4,9,0,1,1,1,0,0,1,1,4,1,0,0,1,1,9,1,1,1,1,4,1,9,1,1,9,1,1,0,1,4,1,1,1,1,0,4,1,9,1,4,1,1,1,1,1,0
Mario,UDI,1,4,1,9,1,0,1,9,1,4,4,1,1,4,1,0,4,1,0,1,9,1,1,0,0,1,0,1,1,9,1,1,1,1,9,9,1,0,1,1,0,0,1,1,1,4,0,9,1,1,1,4,9,1,1,1,0,1
Edmundo,DC,1,9,4,4,1,9,9,1,1,9,1,4,1,1,1,1,1,1,4,9,1,0,1,1,9,1,1,4,1,1,9,1,1,0,1,0,4,4,4,1,0,0,1,0,1,0,1,1,1,1,9,1,1,0,1,9,1,1
Arturo,RN,1,1,1,9,0,0,1,1,9,1,1,1,0,9,1,4,1,9,1,1,1,1,1,9,4,0,1,1,1,9,1,1,9,1,1,9,9,9,1,1,1,1,9,9,9,1,4,9,1,1,1,4,0,1,1,1,1,0
Pedro,PS,1,4,1,1,0,1,1,1,1,9,1,4,1,1,1,1,9,9,9,1,4,1,9,4,1,0,1,1,9,1,1,9,9,9,4,4,0,1,1,1,9,1,0,1,1,1,0,1,9,0,1,1,1,1,1,1,1,1
Aníbal,PPD,9,0,1,1,4,1,1,1,1,1,1,0,1,0,1,1,9,0,0,4,1,0,9,4,1,1,1,1,1,1,1,1,1,0,1,1,1,0,1,1,1,1,0,1,9,1,0,1,9,1,9,9,1,1,0,1,1,0
Patricio,DC,0,1,1,1,0,1,1,1,9,1,1,1,1,9,1,1,9,1,0,1,1,1,1,4,1,1,4,9,9,0,1,1,0,0,9,1,4,1,1,1,1,1,1,1,1,1,9,1,4,0,1,1,9,1,4,1,1,1
Guido,PPD,4,1,1,9,0,1,1,1,1,1,1,9,1,1,1,0,4,0,1,1,1,1,9,1,1,0,1,1,1,1,4,1,0,1,4,0,4,1,1,9,0,9,0,0,0,9,1,1,1,1,9,1,1,0,1,1,1,1
Edgardo,DC,1,9,9,0,0,1,1,4,9,1,4,4,1,1,1,9,1,1,1,4,1,1,1,1,1,4,1,1,1,1,1,1,4,1,1,1,0,1,1,4,9,1,0,1,1,1,4,1,1,4,4,1,1,1,1,4,1,4
María Pía,RN,9,1,9,4,1,1,9,1,1,1,1,4,1,1,4,4,4,1,4,1,1,9,1,9,1,1,1,1,1,1,1,1,1,9,1,0,1,4,1,4,1,1,1,1,1,4,1,1,1,1,4,1,1,4,1,1,1,1
Cristián,UDI,4,1,1,1,1,1,9,1,1,1,9,0,0,1,1,0,4,1,4,4,1,0,4,1,1,4,9,1,1,1,4,1,1,9,1,1,1,4,0,4,4,1,1,4,1,9,1,0,0,1,0,1,4,0,1,1,1,1
Carmen,RN,1,4,1,1,0,0,4,9,0,0,1,1,1,1,1,1,4,9,1,0,1,1,9,0,1,1,4,1,1,4,1,1,1,4,4,1,1,1,1,1,9,1,4,1,1,1,4,1,0,1,1,1,9,1,4,1,1,1
María Eugenia,DC,1,1,4,1,1,0,4,1,4,1,1,0,9,1,4,4,0,4,1,9,1,1,1,4,9,0,1,0,0,9,4,4,1,1,4,1,1,1,9,9,1,1,4,1,1,1,1,1,4,1,9,1,1,1,1,1,1,9
Boris,DC,1,1,1,1,9,1,9,0,1,4,9,0,1,1,1,1,0,0,1,4,1,4,9,4,0,4,1,1,1,1,1,0,1,1,1,9,1,4,1,1,1,0,1,1,4,1,9,1,0,1,1,1,1,1,1,1,1,1
Juan,DC,1,1,0,1,1,1,1,4,0,4,1,9,9,1,1,1,0,9,1,1,1,1,1,9,1,1,4,1,1,1,1,1,1,1,1,1,9,1,9,9,1,1,1,1,1,1,1,1,1,4,1,0,1,0,4,1,0,9
Milenko,DC,1,1,1,9,0,1,9,4,0,1,1,1,1,0,1,1,1,1,4,1,1,0,1,1,4,1,1,0,1,1,1,9,0,1,1,1,0,1,1,9,1,9,4,4,9,1,4,0,1,1,1,1,1,1,1,0,0,9
Jaime,UDI,1,1,1,1,9,1,1,1,1,1,1,1,9,0,1,1,9,1,1,1,1,1,4,1,4,1,1,4,1,0,1,4,1,4,4,9,1,1,1,1,1,1,1,1,1,1,0,1,0,1,4,1,0,9,9,1,0,1
Andrés,UDI,9,4,4,1,9,1,4,1,1,9,1,9,9,1,0,0,9,1,0,1,4,1,9,1,0,1,1,1,1,4,1,9,1,1,4,9,1,9,9,9,9,1,1,9,1,1,1,1,1,1,1,1,1,1,1,1,1,0
Sergio,PRSD,1,1,1,1,1,9,1,9,1,1,0,1,1,4,1,0,1,1,1,4,0,1,1,1,4,1,1,0,4,0,1,1,1,1,1,1,4,9,9,1,9,1,9,0,9,9,9,1,1,1,9,4,9,4,1,1,1,1
Luis,DC,1,1,0,1,9,1,9,1,9,1,1,1,9,9,9,0,1,1,0,4,1,1,4,1,1,1,4,0,1,4,0,1,1,1,1,9,4,1,1,4,1,1,9,1,1,0,0,4,4,1,9,1,1,1,1,1,9,0
Carlos,PS,1,4,1,1,0,1,4,1,4,1,1,9,0,4,9,9,1,4,1,4,1,0,1,4,4,1,0,1,9,1,0,1,1,1,0,1,1,0,1,9,1,1,1,1,1,0,9,0,1,1,1,1,1,9,9,4,1,1
Néstor,RN,1,1,1,4,4,1,1,4,1,9,1,1,1,9,1,4,4,1,1,1,1,4,1,0,0,1,1,1,1,0,1,0,1,1,1,4,4,1,1,1,1,9,1,1,1,4,1,1,1,0,1,4,1,9,1,4,1,9
María Victoria,UCCP,9,1,1,4,0,1,1,1,1,9,4,0,1,9,1,0,1,1,1,9,1,1,1,9,1,1,1,0,4,1,1,0,9,0,4,1,1,1,1,1,0,1,1,1,4,0,1,0,1,4,1,9,1,1,1,4,1,1
Jorge,PPD,1,1,1,4,1,1,1,1,1,1,1,1,4,9,1,1,4,1,9,0,1,1,1,1,1,1,1,0,4,9,1,1,4,1,4,1,0,1,1,1,0,0,1,9,4,1,1,9,4,9,0,4,1,1,1,1,4,1
Francisco,UDI,0,1,1,0,1,1,9,1,1,1,9,4,1,1,1,1,1,0,1,1,4,1,4,1,1,4,1,4,1,1,1,9,1,1,0,1,9,4,1,1,4,9,1,4,1,1,0,1,4,1,9,0,1,1,1,1,1,4
Mario,DC,1,1,9,4,1,9,1,1,0,1,1,1,1,1,9,1,1,1,0,1,4,1,1,0,1,1,1,1,1,4,9,1,1,1,0,1,1,4,1,4,1,0,1,1,1,0,1,1,4,1,1,1,1,4,4,1,0,4
José Luis,PPD,1,1,4,4,1,4,1,1,9,1,1,0,1,4,1,0,4,1,0,0,9,1,1,1,1,1,1,1,9,1,1,1,9,1,4,1,4,0,4,1,4,1,4,1,1,1,9,1,1,1,0,1,4,9,1,1,4,1
Vicente,IND,9,1,4,9,1,4,1,4,4,1,0,4,1,0,1,1,4,9,9,4,1,1,4,1,1,9,9,0,1,1,1,1,1,0,1,1,1,0,1,9,0,1,1,9,0,1,1,4,1,9,0,1,1,1,0,4,1,1
Romy,PPD,1,9,0,1,1,9,1,9,9,0,1,1,4,1,1,1,1,4,1,4,1,1,0,9,9,0,4,1,0,1,1,1,1,0,1,1,1,1,4,4,1,0,1,1,1,9,1,1,1,1,1,1,1,1,1,1,4,9
Nicanor,PS,1,0,1,1,1,1,1,4,4,0,9,9,1,1,1,1,1,1,9,4,9,1,9,1,1,1,4,1,0,1,1,1,1,0,1,9,1,9,1,1,0,1,4,1,1,1,0,4,1,1,1,0,1,9,0,9,1,9
Cristian,IND,1,0,1,1,0,4,9,1,4,1,1,1,1,4,1,9,0,1,1,4,1,1,1,0,1,9,1,4,1,1,1,9,0,0,1,1,0,1,1,0,4,4,1,1,1,4,1,1,1,1,1,1,1,1,1,4,1,1
Joel,UDI,1,0,1,1,1,9,1,0,1,1,9,1,1,1,1,9,1,1,1,1,1,1,1,0,1,1,9,1,1,0,1,1,9,4,9,9,9,4,1,0,9,1,1,1,4,1,9,0,1,1,1,9,0,0,1,4,1,1
Issa,UDI,1,1,1,0,1,0,9,0,1,1,1,9,1,1,1,4,0,1,1,0,0,9,1,1,1,1,0,9,9,0,1,1,1,1,4,0,1,1,1,1,9,1,1,9,4,1,1,4,1,1,1,1,1,1,1,0,9,1
Renzo,UDI,1,9,1,4,1,4,1,1,1,4,4,1,0,1,1,1,0,9,1,1,0,1,1,1,0,9,1,1,4,1,1,4,9,1,9,9,0,1,1,1,1,9,0,0,0,1,1,1,1,1,1,4,1,1,1,1,1,1
Joaquín,UDI,1,4,9,1,1,0,4,1,1,4,0,1,4,1,0,1,0,9,1,1,4,1,9,1,1,1,1,1,1,0,1,1,1,1,4,4,9,9,0,1,1,1,1,4,9,1,4,1,1,1,1,1,1,1,9,1,9,1
Camila,PC,1,1,4,1,1,0,1,1,4,9,0,1,1,1,1,1,1,1,1,1,1,1,1,9,1,1,1,1,4,1,0,1,0,0,1,0,1,4,1,1,1,0,0,4,1,9,1,4,1,0,1,1,9,1,1,1,4,9
Loreto,PPD,1,1,1,1,0,1,0,0,4,1,1,4,1,4,1,4,1,1,1,9,1,1,1,1,0,9,1,1,1,1,9,1,1,1,4,1,1,9,9,1,1,1,4,0,4,0,1,1,4,4,0,1,4,9,1,0,1,9
Iván,DC,1,1,4,1,0,1,9,9,9,1,9,1,1,4,1,4,4,1,1,9,1,0,1,0,1,0,1,1,1,1,1,9,1,9,1,1,1,1,1,9,9,1,1,1,4,4,9,9,4,0,0,1,0,0,1,1,1,1
Juan Enrique,DC,1,1,1,0,9,4,1,1,9,1,9,1,1,1,9,4,4,4,1,1,9,0,1,9,1,1,1,1,1,4,1,1,1,1,4,4,1,4,9,0,1,1,9,1,1,1,1,1,1,9,9,0,1,1,1,4,1,1
Marcela,PRSD,1,1,9,9,1,9,9,1,0,1,1,1,9,1,1,9,1,1,4,1,9,1,1,1,1,1,1,1,1,4,1,1,1,1,1,1,1,1,0,1,0,1,4,1,9,4,1,9,1,1,1,1,0,1,0,1,1,1
Paulina,RN,1,1,1,1,0,1,4,0,1,1,1,4,0,1,1,1,9,1,0,1,9,1,1,1,1,9,9,1,1,1,1,0,1,0,1,0,1,1,1,0,0,1,4,1,4,1,1,1,1,1,1,1,1,1,1,1,1,4
Yasna,DC,1,0,0,0,4,0,9,4,1,0,0,1,1,1,1,0,1,4,0,4,4,1,4,9,1,1,1,9,1,1,1,1,1,1,1,1,1,4,1,1,9,9,9,9,1,1,1,9,1,1,1,1,1,9,9,9,4,1
Sergio,UDI,1,1,1,1,1,1,4,1,1,1,4,1,1,1,1,9,1,1,1,1,1,1,9,0,1,9,4,1,1,1,9,1,4,1,1,9,1,1,0,1,4,1,0,4,1,1,1,1,1,0,0,1,0,1,9,0,1,9
Daniel,PC,1,1,4,1,1,9,9,1,1,1,1,1,1,9,1,1,1,1,1,0,1,1,1,1,0,1,0,1,1,9,9,1,1,1,1,1,1,4,4,0,1,1,1,1,1,1,0,0,9,9,1,1,0,1,4,1,1,1
Christian,PS,1,1,1,0,1,1,0,0,1,1,1,1,1,1,4,1,1,0,9,1,9,1,9,1,1,4,0,0,1,9,4,1,1,1,1,0,1,4,1,4,9,1,1,1,0,4,1,1,1,1,9,0,1,0,1,1,1,1
Osvaldo,UDI,1,1,1,0,1,0,9,1,1,1,4,9,0,1,4,9,1,1,1,1,1,9,1,1,0,0,1,1,1,1,1,1,1,4,1,1,1,1,1,1,9,0,0,1,1,4,1,1,0,1,1,4,1,1,9,4,1,4
Daniel,PPD,9,9,9,1,1,1,1,1,4,1,1,1,9,1,9,1,4,4,9,1,1,1,1,0,4,1,1,1,1,4,1,0,1,4,1,1,1,1,9,0,1,9,0,1,1,0,1,1,1,9,0,1,1,1,1,9,0,1
Karol,PC,1,4,4,1,4,1,4,0,1,1,1,1,1,4,1,4,1,0,1,0,1,1,1,1,9,1,9,1,1,4,1,1,9,1,4,9,1,1,4,1,1,1,9,4,1,1,9,9,1,1,9,1,9,1,1,1,1,4
Maya,PS,1,1,1,1,1,1,4,1,1,1,9,0,1,1,1,4,4,1,1,1,9,9,4,0,1,4,1,1,1,1,0,9,1,4,1,1,1,9,4,4,1,1,1,1,1,1,1,1,4,1,1,1,1,1,1,1,4,0
Giorgio,REVD,1,1,1,1,1,4,1,0,1,1,1,1,4,0,1,1,0,1,1,1,1,0,9,1,1,1,4,0,0,4,0,1,4,1,0,4,9,1,1,1,9,9,1,4,1,1,1,1,1,1,1,0,1,1,1,1,1,0
Felipe,EVOP,1,9,9,9,4,1,0,1,1,9,1,1,1,1,1,0,0,0,1,1,9,1,1,1,1,0,1,1,1,1,1,1,9,1,9,1,1,9,1,9,0,1,4,4,1,9,9,4,1,1,4,1,1,0,9,0,4,1
Jaime,DC,9,1,1,1,1,1,0,1,4,4,9,9,0,0,9,1,4,4,9,9,1,0,1,4,0,1,4,1,9,4,1,1,9,0,1,1,1,9,1,1,1,1,4,1,4,1,1,1,1,1,1,4,9,1,1,9,1,1
Claudio,DC,9,1,4,0,1,1,1,1,1,9,1,4,1,1,1,1,0,1,0,1,1,4,4,9,4,1,1,1,0,1,1,1,9,1,1,9,4,0,9,1,1,0,1,9,1,1,1,1,1,1,9,4,1,1,9,1,1,1
Daniel,PS,9,4,1,9,1,1,9,1,4,1,9,9,4,4,1,1,1,4,1,1,1,1,4,1,9,1,1,9,0,1,9,1,4,0,1,9,1,4,1,1,4,1,9,1,1,1,4,1,1,4,1,1,1,1,0,1,1,1
Jaime,UDI,9,9,1,0,9,1,1,9,1,1,1,9,1,4,9,1,1,1,1,4,1,1,1,0,1,1,1,1,4,1,4,1,1,1,1,4,1,9,9,1,4,9,1,1,4,1,1,1,0,1,1,1,1,9,0,1,0,1
Leonardo,PS,1,1,4,1,4,1,4,1,1,4,1,1,1,1,1,1,1,1,0,9,1,1,1,9,1,4,1,4,0,1,1,1,1,9,9,1,4,9,1,1,1,0,9,0,1,4,1,1,9,1,1,9,1,1,1,1,1,4
Juan Antonio,UDI,1,1,1,1,1,4,1,4,0,1,9,9,1,1,1,1,4,0,0,4,1,1,1,1,4,0,1,1,1,9,1,1,1,4,9,1,9,1,4,0,1,1,1,1,0,1,9,1,0,9,1,1,1,9,0,1,1,1
Sergio,DC,1,9,1,9,9,1,1,1,1,1,1,1,0,1,1,1,1,1,1,9,1,1,4,1,1,1,1,1,9,9,1,1,1,1,1,1,1,1,9,9,1,1,1,0,9,4,1,1,1,1,9,1,0,1,1,1,1,1
Marcelo,DC,0,9,1,4,1,1,1,9,0,1,1,1,1,4,1,4,1,4,1,1,9,1,1,4,1,1,4,1,9,1,1,0,4,1,1,1,9,4,4,9,1,4,4,9,4,4,1,1,9,1,9,1,9,1,1,1,1,1
Roberto,IND,9,4,1,1,1,0,1,0,1,1,0,1,1,9,4,0,1,1,0,1,1,4,1,4,1,0,1,1,1,4,0,1,1,4,1,1,1,4,1,1,1,1,4,1,1,1,4,9,4,1,9,9,1,0,4,1,0,9
Diego,RN,1,1,1,1,0,1,9,1,1,9,1,0,1,1,1,1,1,4,1,1,1,1,4,4,1,1,1,9,4,0,9,1,1,4,1,1,4,0,1,1,1,1,4,1,9,9,1,1,1,1,1,1,9,1,1,0,9,0
Bernardo,RN,1,4,1,4,1,1,1,1,0,1,1,1,1,1,4,1,4,1,1,1,0,1,1,1,1,0,1,1,1,0,9,1,1,0,1,1,0,1,1,4,1,0,1,1,9,0,0,1,0,1,1,1,0,1,0,0,9,1
Gonzalo,RN,1,1,1,9,1,1,4,4,1,9,1,1,1,1,1,1,1,1,0,4,4,4,1,9,1,1,0,0,0,4,0,4,1,4,1,0,1,1,1,0,0,0,1,1,1,4,1,1,4,1,1,1,4,9,1,1,1,4
Felipe,UDI,1,1,4,1,9,1,1,1,4,1,9,1,1,4,1,1,1,9,0,1,1,0,1,4,0,1,1,1,1,4,0,1,1,0,1,1,1,1,4,1,1,9,1,1,1,9,4,9,0,1,1,1,1,1,4,1,1,9
Iván,IND,1,0,9,0,1,0,1,9,4,9,1,1,0,4,1,1,1,1,4,0,9,1,4,1,0,1,1,1,0,0,1,0,0,1,1,1,1,1,0,0,1,1,4,1,1,1,9,1,1,1,1,1,0,9,9,1,1,4
Gabriel,IND,9,1,4,1,1,0,0,1,1,1,1,1,4,4,0,9,1,4,1,1,0,9,1,4,1,1,9,1,4,0,1,0,1,1,1,1,1,1,1,9,0,1,1,1,1,1,1,0,9,1,9,1,1,4,1,1,1,1
Miguel Ángel,PPD,1,1,9,1,1,1,1,1,1,1,4,1,1,1,9,1,4,1,1,1,0,1,0,1,1,1,1,1,1,9,9,1,1,1,9,9,1,1,4,1,9,1,1,1,1,4,4,1,1,1,1,1,1,1,9,1,9,4
Florcita,Other,1,1,9,4,0,1,0,1,4,1,9,1,4,1,4,1,1,1,1,0,9,1,1,1,1,1,1,4,4,1,1,1,1,0,1,1,0,1,9,1,9,0,4,1,1,1,1,1,1,0,1,1,4,1,1,1,0,1
Jorge,Other,0,0,1,0,4,1,0,1,1,9,4,1,4,1,1,1,1,9,1,0,1,1,4,4,9,9,4,4,1,1,1,1,4,1,9,1,0,9,1,1,1,1,1,1,1,0,0,1,1,1,4,9,1,1,1,9,1,4
Sebastián,Other,1,1,4,1,1,1,1,1,4,1,1,9,1,1,4,0,1,1,1,1,0,1,9,0,1,1,1,0,1,1,9,1,9,0,1,1,1,1,1,1,1,1,0,1,1,4,9,1,1,1,0,1,1,1,1,1,1,1
Sandra,Other,1,1,9,1,0,1,1,4,4,9,0,0,0,1,1,1,1,1,1,9,1,0,1,1,0,0,1,1,1,4,4,1,1,9,1,0,1,1,0,1,1,1,1,0,9,9,1,1,1,1,4,1,4,1,1,9,4,9
Boris,Other,1,1,1,9,4,1,1,1,0,9,1,1,1,4,9,1,4,1,1,1,1,1,1,1,1,0,1,1,1,9,1,0,1,1,1,1,9,1,0,9,1,0,1,9,4,1,1,4,1,1,9,9,1,4,1,1,0,4
Karim,Other,4,1,9,1,1,1,1,1,1,1,4,1,0,1,4,1,9,1,1,1,1,9,1,4,1,1,1,9,9,1,1,1,1,1,1,1,1,1,1,1,1,0,1,9,0,4,9,1,0,1,9,4,1,1,1,1,1,1
Miguel Ángel,Other,1,1,1,1,1,4,1,9,1,9,9,1,1,1,4,1,1,9,9,1,1,1,1,9,1,9,1,9,1,1,1,1,1,9,1,1,1,9,9,4,4,1,9,1,1,1,1,1,9,9,1,4,1,1,1,0,1,1
Álvaro,Other,9,9,1,1,1,9,1,1,1,0,0,1,1,1,1,0,9,1,1,1,1,1,0,0,1,1,0,1,1,1,9,1,9,1,1,1,1,0,1,4,1,1,1,1,1,0,1,1,1,1,1,1,1,1,1,1,0,1
Natalia,Other,9,1,1,4,1,4,0,9,1,1,0,1,9,1,1,4,9,4,4,0,1,9,1,1,1,9,1,1,9,9,1,1,9,1,1,9,1,1,4,9,1,1,1,9,1,1,9,1,9,0,1,1,1,0,4,1,4,0
José Miguel,Other,1,1,9,1,4,1,9,1,9,1,1,0,1,1,1,0,1,0,1,9,1,9,1,1,1,1,1,0,1,0,9,1,0,1,1,0,1,0,1,1,9,1,1,1,1,4,9,9,0,1,1,1,9,1,1,9,1,1
Ricardo,Other,1,1,1,1,1,4,9,1,4,1,1,1,1,1,1,4,4,9,1,9,1,1,1,1,4,1,1,1,1,0,1,0,9,9,1,0,1,1,1,1,1,4,1,1,1,0,1,1,0,1,1,1,4,9,0,1,9,1
Andrés,Other,1,1,1,1,1,0,1,4,1,4,1,1,1,1,1,1,1,1,1,1,0,1,9,1,1,1,9,1,1,9,9,0,1,1,1,0,4,0,9,4,9,1,1,1,1,9,1,1,9,1,9,4,1,1,1,1,1,9
Sofía,Other,1,9,9,9,1,1,1,1,9,1,1,1,1,1,0,9,9,1,0,1,4,4,0,1,4,9,9,1,1,1,1,1,4,4,1,9,9,1,4,1,1,4,4,1,1,0,0,9,9,4,4,1,0,4,1,4,4,1
Luciano,Other,1,1,1,9,4,1,1,9,1,1,1,4,1,9,4,9,1,1,1,0,1,4,1,9,1,0,1,1,9,1,9,9,0,1,1,9,1,0,1,1,1,4,1,9,1,0,1,1,1,1,9,1,4,4,4,1,9,4
Catalina,Other,1,1,4,4,9,4,9,1,9,1,0,1,1,9,1,1,1,4,1,1,1,0,4,1,1,9,4,1,1,9,1,1,4,9,0,1,1,1,1,1,1,1,1,0,1,1,0,1,1,1,9,1,1,1,1,9,1,0
Mario,Other,4,0,1,0,4,4,1,1,1,1,0,9,1,9,1,1,1,0,9,1,4,1,4,0,0,1,9,4,9,1,4,1,0,9,9,1,1,4,1,0,4,1,1,1,1,4,9,1,1,1,0,1,9,1,4,0,1,1
Jorge,Other,1,0,1,1,9,1,1,1,0,1,0,1,1,1,0,1,1,1,1,9,1,1,1,0,0,1,1,1,1,9,1,4,1,4,1,1,1,1,1,1,1,1,1,1,0,1,1,1,1,9,1,0,4,1,4,1,1,1
Francisco,Other,1,1,1,1,1,1,1,1,4,4,1,1,1,9,1,1,1,1,1,0,1,1,0,1,0,9,4,1,0,1,1,1,1,9,1,1,1,1,0,1,1,1,1,1,9,1,0,9,1,4,1,1,1,1,1,1,1,1
Camila,Other,1,1,1,1,1,9,1,9,1,1,9,1,1,0,1,1,0,9,1,1,1,4,1,1,9,9,4,1,4,1,4,0,1,1,1,4,9,1,9,4,1,9,9,1,1,9,1,9,1,4,0,1,4,1,1,0,1,1
Juan,Other,1,1,4,1,1,1,0,1,4,9,1,1,4,0,1,1,9,1,0,1,1,4,1,4,1,1,9,1,9,4,9,1,9,1,9,4,4,1,0,1,1,1,1,1,1,1,1,1,0,9,1,4,1,9,1,1,0,9
Ramón,Other,0,4,1,1,1,1,1,1,1,1,1,1,1,4,1,1,4,1,1,1,9,1,1,1,1,0,1,4,0,1,1,9,1,1,4,9,4,1,1,1,1,1,1,0,1,1,1,1,9,1,9,1,1,0,1,1,9,1
Renato,Other,1,0,0,1,1,1,1,9,4,1,1,1,1,1,0,1,4,1,1,1,1,4,1,1,4,4,4,1,1,9,1,1,1,1,4,0,1,0,1,1,1,1,4,0,1,1,9,0,1,0,4,1,0,1,1,1,1,4
Carmen,Other,4,9,1,1,1,9,1,1,4,1,1,1,1,1,1,1,9,9,0,9,1,1,9,9,1,0,1,1,0,1,1,1,0,4,9,4,1,1,1,4,1,4,1,9,4,9,1,1,9,1,1,0,1,1,4,1,4,1
Tomás,Other,1,9,0,9,1,0,1,0,4,1,9,4,1,1,9,4,4,9,1,1,1,1,1,1,9,0,9,9,1,1,9,0,4,1,1,0,1,0,4,1,1,1,1,1,1,1,1,4,0,1,1,1,9,9,1,1,1,1
Diego,Other,4,1,9,1,0,4,0,1,1,9,1,1,1,1,4,1,1,0,0,1,1,4,1,1,1,4,1,1,1,1,1,0,1,1,1,1,1,0,1,1,4,9,1,1,1,9,1,1,9,1,1,4,4,9,4,1,1,1
Pamela,Other,1,9,9,1,1,1,1,1,9,4,1,9,0,1,1,1,1,4,1,1,9,4,1,0,1,0,1,1,9,1,1,1,4,1,4,9,0,1,9,1,0,1,1,1,1,1,1,1,0,1,4,4,1,1,1,9,1,9
Harry,Other,1,1,1,1,9,1,1,0,1,0,9,1,1,0,1,1,1,1,4,1,1,4,1,4,1,1,1,1,1,1,1,9,1,1,1,1,1,1,4,1,0,0,1,4,1,9,0,1,1,1,1,0,1,1,1,1,4,1
Sebastián,Other,1,9,1,1,9,1,1,1,1,1,1,1,1,1,4,9,1,1,1,1,0,0,1,1,1,1,0,4,1,1,0,9,0,4,1,1,4,1,1,0,4,1,1,1,1,1,4,1,1,1,1,0,4,4,0,4,1,1
Raúl,Other,4,1,1,1,1,9,4,1,1,4,0,1,1,1,9,1,1,1,1,9,4,4,1,1,1,1,1,1,9,0,0,1,1,4,1,1,1,1,1,1,4,1,1,1,1,1,1,1,1,9,1,1,9,1,1,1,1,0
Aracely,Other,9,1,1,0,0,1,1,4,9,9,1,1,1,1,1,1,4,1,1,4,0,1,1,1,9,0,1,1,1,1,9,1,1,9,1,9,1,0,1,1,1,1,1,0,1,1,1,1,9,0,1,9,1,9,1,0,1,4
Andrés,Other,1,1,1,1,1,1,4,1,0,1,1,1,0,9,1,1,0,1,0,1,1,1,1,1,1,1,4,9,1,1,9,1,1,4,1,1,0,4,1,1,9,1,1,1,1,1,1,4,9,0,1,1,4,1,1,0,1,0
Karin,Other,0,1,1,1,1,1,1,1,4,1,4,1,1,4,9,9,4,1,1,9,9,1,4,1,1,1,1,1,4,4,0,1,1,1,9,1,1,0,0,1,1,0,1,0,1,9,0,9,1,9,1,1,1,1,1,9,1,1
Carolina,Other,1,1,1,1,1,1,4,1,1,1,0,1,1,0,1,1,9,1,1,1,1,1,4,1,1,1,4,9,1,0,9,1,1,4,1,1,1,1,9,1,0,0,4,0,9,9,0,9,4,9,4,1,4,1,1,0,9,0
Cosme,Other,4,1,0,1,1,9,1,1,1,0,0,0,1,1,4,1,1,0,9,1,1,1,1,0,9,1,1,1,1,1,4,1,0,4,1,1,9,1,0,9,1,1,1,1,4,1,0,1,1,1,9,9,0,1,9,1,9,0
Miguel,Other,1,1,1,4,0,1,9,1,1,1,9,1,9,1,1,4,1,4,4,1,9,1,1,1,1,1,1,1,1,1,1,1,4,0,0,1,1,1,4,4,1,1,1,1,1,9,1,1,1,0,9,1,1,1,1,1,1,9
Claudia,Other,1,9,1,1,1,1,1,9,0,9,4,1,1,1,1,4,1,1,1,9,1,1,1,1,9,1,1,1,1,4,1,0,9,1,1,1,0,1,1,9,4,1,1,1,1,1,9,1,0,0,1,1,9,1,1,1,1,1
Andrés,Other,4,1,1,1,0,0,4,9,9,1,9,4,1,9,1,1,1,4,1,9,4,1,1,1,1,1,4,1,0,1,1,1,0,1,0,9,4,4,9,4,1,1,1,1,1,0,1,1,1,4,0,1,1,1,1,1,1,1
Cristhian,Other,1,1,1,0,0,9,0,1,1,4,4,1,1,1,1,4,0,1,1,1,4,1,1,1,9,0,1,1,9,0,0,1,1,0,9,1,9,0,4,1,1,0,1,0,0,1,9,1,9,4,1,1,1,9,1,0,4,1
Francesca,Other,1,1,1,9,1,0,1,1,1,1,1,0,1,4,0,4,1,9,1,1,1,0,4,1,1,1,1,9,0,1,1,9,0,1,1,0,1,1,1,1,1,1,1,1,4,1,9,9,0,1,1,1,0,1,0,1,0,0
Nicolás,Other,1,1,1,9,1,1,9,1,1,4,1,1,9,0,4,1,1,1,1,1,1,1,1,4,0,1,1,9,1,4,1,9,1,0,1,1,0,1,0,4,0,4,1,1,1,1,4,1,4,1,1,1,1,0,1,1,1,4
Emilia,Other,0,1,1,1,1,1,1,1,0,4,1,1,1,1,1,1,1,1,0,4,1,0,9,1,1,1,1,1,1,4,1,1,1,1,1,1,0,4,1,1,4,1,1,4,0,0,4,1,1,1,0,9,9,1,1,4,9,1
Erika,Other,1,0,0,1,1,0,1,9,1,0,4,1,1,9,0,1,1,1,1,1,1,4,1,1,9,4,1,1,1,1,4,1,1,1,1,1,1,1,4,1,1,0,1,9,1,9,1,4,9,1,1,0,9,1,1,1,4,1
Ximena,Other,1,4,4,9,1,0,1,9,1,4,1,0,1,4,1,0,1,1,1,0,1,9,1,0,0,1,1,1,4,1,1,0,1,9,0,1,1,1,1,0,1,1,1,0,0,1,1,9,1,9,9,9,1,1,1,1,0,0
Luis,Other,1,4,9,4,4,1,0,4,4,9,1,4,1,1,1,4,0,1,1,1,9,1,1,1,9,4,1,1,1,1,0,1,0,1,4,9,4,4,4,4,1,1,9,1,0,1,9,4,1,1,1,1,9,1,1,1,4,4
Andrea,Other,1,9,1,1,1,9,1,1,1,1,1,0,4,1,1,9,9,9,9,1,0,4,9,0,1,9,9,9,0,0,1,1,1,9,4,9,1,1,9,1,1,1,1,1,1,1,0,1,0,1,1,9,0,9,1,1,1,1
Joanna,Other,4,1,1,1,9,1,9,1,0,1,9,1,4,1,9,1,1,1,1,1,1,1,9,0,0,1,1,1,0,1,0,0,1,1,1,4,9,1,4,0,9,9,1,1,1,1,0,1,1,1,1,1,0,9,1,9,1,1
Catalina,Other,9,1,9,1,1,1,1,9,1,1,1,4,4,1,1,1,0,0,0,1,0,1,1,1,1,9,1,9,9,1,1,1,1,4,0,1,1,0,1,0,1,0,1,0,1,0,9,1,1,0,1,0,1,9,1,1,1,1
Pablo,Other,9,9,4,9,9,4,0,4,1,9,9,1,1,1,1,1,1,1,1,1,0,1,0,1,1,1,1,1,1,1,1,1,1,0,1,1,1,0,1,1,0,1,1,1,1,1,4,1,0,1,1,1,4,1,1,1,9,9
Guillermo,Other,1,1,9,4,1,1,1,1,4,4,1,4,9,1,1,9,4,9,1,0,1,9,1,1,1,1,1,1,1,1,1,1,1,4,1,1,1,1,1,1,1,1,1,4,1,1,4,4,0,9,4,1,0,1,0,1,1,1
Rolando,Other,1,1,1,0,1,1,0,1,1,4,4,4,1,1,0,1,0,1,1,1,1,4,1,9,1,4,1,1,1,1,9,0,1,1,9,1,4,1,4,4,4,1,9,9,1,1,1,0,1,1,0,1,1,1,4,1,1,1
Hugo,Other,0,1,1,4,1,9,1,0,1,1,4,1,1,1,0,1,9,1,1,4,1,9,0,4,0,1,1,4,1,1,1,4,1,1,1,0,9,1,1,1,1,0,1,1,1,4,1,1,1,9,1,1,1,1,1,4,1,9
Camila,Other,1,1,1,1,1,1,1,1,9,1,4,1,0,1,1,4,1,1,4,9,1,9,1,9,9,4,4,1,9,1,4,1,1,1,0,9,0,4,0,1,1,1,4,9,1,9,1,4,1,1,1,1,0,1,1,1,0,4
Leonidas,Other,0,4,1,1,1,9,1,1,1,1,1,4,4,9,1,4,9,0,1,0,1,0,1,1,4,1,9,4,1,9,1,9,1,0,9,0,0,9,9,1,1,1,9,0,0,0,1,9,1,1,1,1,9,1,4,1,1,1
Patricio,Other,1,1,1,0,0,0,1,0,1,1,1,4,1,9,0,4,1,1,1,4,4,4,1,1,4,4,1,0,1,1,1,1,1,1,1,9,1,1,1,1,1,1,0,9,1,1,1,0,1,9,1,9,4,1,1,1,1,9
Gastón,Other,9,4,9,0,1,1,0,1,1,9,4,4,9,1,0,1,1,1,1,1,4,1,1,1,4,1,0,0,1,1,4,1,1,0,1,0,1,1,9,1,1,1,9,1,9,1,0,4,0,1,9,0,1,0,1,1,1,1
Gustavo,Other,4,1,0,1,9,1,1,1,0,1,4,1,1,1,1,9,1,1,1,1,0,1,1,1,1,1,0,4,0,1,1,0,1,1,1,0,1,9,1,1,4,1,4,1,9,9,1,0,1,4,1,0,4,1,0,1,1,1
Juan,Other,1,1,0,1,1,1,1,0,4,1,1,9,1,4,1,1,1,1,9,9,9,0,1,1,1,1,1,1,1,4,4,1,1,1,1,1,1,4,1,0,0,9,4,1,1,9,1,1,9,4,1,4,1,1,1,1,1,9
Marisela,Other,9,9,1,4,1,1,1,1,1,9,1,1,1,1,9,1,0,0,0,1,0,1,1,1,1,0,1,0,0,1,1,0,1,1,4,9,0,1,1,0,1,9,1,1,1,9,1,1,4,9,9,1,9,9,1,1,1,1
Luis,PS,1,1,1,1,1,1,1,1,4,1,1,1,4,1,1,1,1,4,4,4,1,0,9,1,1,1,1,1,1,1,1,1,1,4,0,1,1,1,1,1,1,1,1,1,1,1,9,1,1,1,1,0,1,0,9,1,0,1
Alexis,Other,1,0,9,1,1,1,1,1,9,1,0,1,1,1,4,9,4,9,1,0,1,4,9,1,9,0,1,0,1,1,1,1,0,9,0,1,1,0,1,4,0,1,1,9,4,4,4,1,1,1,1,1,1,9,1,9,1,1
Jenny,PS,0,1,1,9,1,1,1,1,9,9,4,0,1,1,0,1,1,0,1,4,9,0,9,1,1,1,1,9,9,1,9,4,0,1,1,1,0,0,9,4,0,9,9,1,1,1,9,1,0,1,9,1,1,1,0,1,1,1
Jorge,Other,1,4,1,1,1,1,1,4,1,9,9,1,1,1,4,1,1,1,9,1,1,9,1,1,4,9,1,1,9,1,1,1,1,0,0,1,1,1,1,1,1,1,1,4,1,1,4,0,9,9,9,4,4,1,1,1,1,0
Daniella,PS,1,0,0,1,4,0,1,1,1,1,1,0,0,0,1,1,1,1,1,1,1,1,1,1,1,4,4,4,1,1,1,1,1,1,1,1,0,1,1,1,1,1,1,1,1,1,1,9,1,1,1,1,9,0,9,1,9,1
Miguel,Other,1,9,4,1,4,1,9,1,1,0,1,1,1,1,0,0,1,9,4,9,9,1,4,0,1,9,1,1,9,1,4,9,1,1,1,9,1,1,4,1,1,4,4,1,1,1,1,1,0,1,1,1,1,9,9,1,9,9
Eduardo,Other,1,0,1,0,0,1,1,0,1,1,1,1,1,1,1,1,4,4,1,1,1,1,4,1,4,1,1,1,4,1,1,1,9,4,0,1,1,9,1,1,1,1,4,9,4,1,9,1,1,1,1,9,0,4,1,4,4,0
Raúl,Other,9,4,1,1,9,1,1,4,4,0,9,4,9,1,1,1,1,1,9,9,0,1,1,4,1,1,1,9,1,1,1,4,1,1,1,1,1,1,1,1,0,1,9,9,1,9,1,1,1,0,4,1,1,1,0,0,4,9
Jaime,Other,0,1,4,1,0,4,4,9,4,4,0,9,9,1,1,1,1,1,1,4,4,4,1,1,1,1,1,0,1,1,1,1,1,0,1,1,0,1,4,1,1,1,1,9,4,0,4,1,1,4,0,1,0,1,1,1,0,1
Sebastián,Other,1,9,0,0,1,1,1,0,4,4,0,1,1,1,9,4,1,1,1,1,0,9,1,1,4,9,4,4,1,1,0,1,1,9,1,1,1,1,1,1,1,1,9,1,1,0,4,1,1,1,1,1,1,1,1,1,0,9
Virginia,Other,9,1,1,4,1,4,1,1,4,0,9,0,0,0,4,1,1,4,1,1,1,1,1,1,4,1,1,1,1,4,0,0,1,1,1,0,4,4,1,9,1,0,9,4,1,1,4,1,1,9,4,1,9,1,0,1,4,0
Francisco,Other,4,4,0,4,1,1,4,1,1,1,1,1,1,0,1,1,1,1,9,1,9,1,1,1,9,1,1,1,4,1,0,1,1,1,1,1,1,1,0,1,1,0,9,0,9,9,9,1,0,1,0,4,1,4,4,1,1,1
Cristóbal,Other,4,1,9,4,1,1,4,4,1,1,1,4,1,1,9,1,9,1,1,1,1,1,4,1,4,1,4,1,1,1,1,1,1,4,1,0,1,1,4,1,9,1,1,0,9,1,0,0,1,1,4,4,1,4,1,1,1,1
Esteban,Other,0,1,0,1,0,1,4,1,9,1,1,9,1,1,1,9,4,1,1,1,4,1,9,4,4,1,1,4,1,1,1,1,1,1,1,4,1,9,4,4,1,1,4,1,1,9,1,1,9,1,0,1,0,4,9,1,1,1
Daniel,Other,0,1,0,1,4,0,1,9,1,0,1,1,9,0,9,9,0,1,1,9,0,1,1,9,4,1,1,1,1,0,4,1,9,1,1,1,1,9,1,0,0,1,1,4,1,1,1,1,4,0,1,1,0,9,0,0,1,9
Pablo,Other,1,4,1,0,4,1,1,0,9,4,1,4,0,1,9,9,4,1,1,1,1,1,4,4,1,1,4,1,1,9,1,1,9,1,9,0,1,0,4,0,0,1,1,1,4,1,4,1,9,0,4,1,1,0,1,9,4,0
Gonzalo,Other,4,1,1,9,1,1,1,4,1,4,1,1,1,1,1,1,9,4,1,1,0,1,9,1,1,1,1,1,1,1,1,1,9,1,1,1,9,0,4,1,1,1,4,1,9,1,1,9,1,0,1,1,1,0,4,1,4,1
Gael,Other,1,1,1,9,1,1,1,1,1,1,1,1,1,9,1,4,1,1,1,4,4,0,1,4,0,1,4,1,0,9,4,1,9,1,4,1,1,1,4,1,1,1,0,1,1,9,1,1,0,4,1,4,1,4,9,1,1,1
Félix,Other,1,0,1,1,1,0,0,1,9,1,1,1,4,1,4,1,1,0,1,1,1,4,4,1,9,9,1,1,1,4,1,1,1,0,9,1,1,1,1,1,9,1,1,1,1,9,1,1,1,1,0,1,0,1,1,4,1,1
Marcos,Other,1,4,4,1,4,1,1,0,9,1,1,9,9,1,1,0,1,1,1,0,1,1,1,1,4,1,1,1,1,1,1,4,1,1,1,1,9,1,1,1,0,1,4,1,0,1,4,4,1,1,1,0,1,4,0,0,9,1
Pablo,Other,9,9,1,1,1,1,9,1,1,9,9,4,9,0,1,4,9,9,1,9,1,0,1,4,4,1,0,1,1,1,1,1,0,1,1,1,0,1,1,1,1,0,1,0,1,1,1,1,9,1,1,9,1,9,9,0,1,9
Amaro,Other,4,1,4,1,1,1,1,1,1,0,1,1,9,9,1,1,1,1,1,1,1,4,1,9,9,1,1,1,4,1,1,4,1,1,1,1,1,1,4,1,1,4,1,0,1,1,1,4,1,9,0,1,1,1,1,1,1,0
Vlado,PL,1,1,1,1,0,0,4,0,1,0,1,4,0,1,1,0,1,1,1,4,1,0,1,4,4,1,1,1,1,1,4,0,9,4,1,1,1,1,1,0,1,1,4,1,1,4,1,4,1,1,0,0,1,1,9,1,0,1
Maite,Other,0,1,1,1,1,1,9,1,1,1,4,4,1,1,1,9,9,1,1,1,1,1,1,1,4,0,1,1,1,1,1,1,1,4,4,4,1,1,1,1,1,0,1,9,1,1,1,9,4,4,1,0,1,1,0,1,0,1
Jorge,RN,1,1,9,0,1,9,1,1,1,1,1,1,4,1,1,1,1,1,1,4,1,1,1,1,9,1,9,9,1,4,0,1,1,1,1,0,1,1,1,1,9,1,4,1,1,9,9,1,1,1,1,1,1,0,4,1,1,1
Raúl,PS,1,4,1,1,1,9,1,0,9,1,1,9,1,4,1,1,1,1,1,1,1,4,1,4,1,4,9,1,4,0,1,1,4,1,9,1,1,1,4,9,4,1,1,1,0,1,4,1,1,1,1,1,1,1,4,1,1,9
Diego,Other,4,1,1,1,1,9,1,1,4,9,1,1,1,1,1,0,0,4,1,4,1,1,1,9,1,1,4,9,0,1,1,0,1,1,1,9,1,1,1,1,1,1,1,1,1,1,1,1,9,1,1,1,1,0,4,4,1,1
Alejandro,Other,1,1,1,0,1,1,1,9,1,1,1,1,4,0,1,1,9,1,0,1,1,1,1,1,1,0,9,1,1,1,9,1,1,1,1,1,9,9,1,1,9,1,1,1,1,1,1,1,1,4,1,1,4,1,1,0,1,0
