Florcita,PH,1,5,7,1,1,9,9,2,8,4,5,6,4,6,9,2,7,8,4,7,6,9,3,2,1,4,7,1,7,1,2,1,8,6,1,2,8,1,9,3,1,4,9,6,7,7,2,2,7,4,3,1,1,9,1,5,7,2
Jorge,UDI,5,3,9,9,3,6,2,2,6,6,9,7,7,9,2,9,4,2,3,7,6,6,8,9,2,3,7,4,2,4,6,7,9,9,1,1,1,9,3,5,6,9,1,7,4,4,8,1,9,1,7,1,4,5,6,6,7,2
Rene,IND,9,2,9,2,2,4,9,5,2,6,3,7,8,3,7,3,1,3,2,1,7,6,7,3,6,5,5,2,8,4,1,5,3,6,1,1,2,3,6,8,6,9,5,8,1,5,7,9,3,8,8,1,8,7,1,4,2,6
Sebastian,EVOP,1,2,8,6,3,2,6,2,5,3,7,6,3,9,8,3,4,8,6,8,9,8,2,2,9,9,5,1,6,5,9,7,3,4,7,7,9,1,5,3,8,5,7,1,4,2,4,3,4,8,7,1,4,1,5,4,4,3
Jenny,PS,8,8,9,2,5,8,7,7,3,6,5,5,5,2,7,8,6,3,3,1,5,8,7,3,2,9,6,9,9,6,7,1,4,4,5,1,7,4,3,4,6,7,1,3,4,3,4,8,2,8,6,1,1,5,1,2,8,9
Pedro-Pablo,UDI,8,5,7,5,4,4,4,8,7,1,8,4,4,2,8,9,8,7,8,9,7,5,1,8,5,3,9,2,4,4,2,5,3,9,2,6,1,6,1,3,4,1,2,3,5,4,1,8,8,6,6,2,3,4,6,7,4,1
Sandra,UDI,2,4,2,3,3,1,4,2,3,6,3,2,9,1,1,4,8,2,6,6,2,1,9,8,2,1,5,4,8,5,8,4,1,7,2,9,3,5,2,3,2,1,5,3,3,1,1,9,2,6,5,2,8,9,4,8,8,2
Gabriel,DC,1,6,9,8,2,3,4,2,7,9,1,6,3,9,4,1,5,2,7,2,2,8,9,9,7,5,4,9,3,1,9,8,8,5,9,6,5,1,9,4,6,8,6,4,2,3,7,4,3,3,6,5,7,1,5,1,7,6
Pepe,IND,1,6,4,4,8,8,5,2,2,7,3,9,4,9,1,2,7,7,7,6,7,9,8,9,4,8,3,2,7,8,9,1,8,4,8,2,6,1,2,9,7,1,1,6,4,2,2,2,8,1,9,9,5,4,9,5,3,4
Nino,UDI,1,5,6,9,7,7,6,9,8,3,6,6,3,1,4,2,1,6,3,5,6,5,9,8,1,7,3,3,5,1,7,8,3,1,2,5,6,1,7,2,8,1,3,6,7,8,3,1,3,4,6,4,5,1,1,9,8,9
Boris,PC,8,4,4,2,3,4,4,3,8,2,6,7,6,5,9,2,8,8,9,2,9,2,7,8,3,4,3,3,1,2,7,3,4,5,5,2,2,1,5,1,2,2,6,8,7,3,2,7,7,9,3,2,1,9,5,8,9,8
Ramon,UDI,1,4,1,1,6,7,8,7,4,2,1,6,1,6,6,8,6,6,1,6,2,5,5,1,6,5,9,2,5,4,9,8,7,1,1,1,8,2,4,6,3,4,4,8,8,8,7,7,4,9,8,8,3,9,6,6,1,4
Jaime,UDI,7,5,2,5,5,3,4,3,3,1,2,2,9,5,5,6,7,8,8,4,8,8,7,3,3,5,2,2,3,2,4,5,4,3,9,6,2,3,3,1,7,2,2,8,9,1,5,3,6,5,6,7,1,1,1,8,4,1
Bernardo,RN,7,7,6,4,3,2,4,9,4,6,9,5,6,3,9,7,2,6,3,4,1,9,4,4,7,3,8,8,5,3,6,7,8,8,1,1,8,2,5,8,7,7,9,7,1,9,4,4,4,5,8,6,7,4,5,5,9,5
Alejandro,LIBERAL,9,4,3,7,1,5,9,6,7,9,3,7,2,8,5,8,4,3,8,4,5,6,5,3,7,6,8,8,7,1,7,1,6,3,4,2,5,6,3,8,4,5,8,4,6,2,9,6,9,1,3,8,1,6,1,1,2,4
Karim,IND,8,3,2,5,1,2,4,3,1,9,7,1,7,1,7,1,5,8,7,8,7,4,5,2,2,8,6,8,1,6,3,8,8,7,2,5,1,6,3,9,7,4,9,9,7,4,2,2,5,8,3,2,7,8,1,7,1,5
Sergio,UDI,5,8,7,1,2,7,9,8,2,8,6,5,1,6,2,2,6,9,7,4,6,6,8,8,4,8,4,3,6,5,2,1,6,2,5,6,2,9,8,5,3,8,9,8,2,1,9,6,7,8,5,7,9,8,6,1,2,2
Gabriel,IND,2,3,3,1,7,7,3,4,5,2,3,7,9,6,7,7,9,4,6,3,8,4,6,2,8,8,3,9,1,8,5,6,2,2,8,7,9,3,2,9,5,2,2,7,6,7,3,9,5,5,3,7,5,9,6,7,1,2
Jorge,RD,5,4,7,5,7,6,3,2,6,9,2,2,5,3,8,4,8,3,7,2,9,9,1,8,9,2,5,5,2,2,5,6,5,7,9,3,8,9,7,8,6,9,2,2,2,8,8,8,7,4,1,7,2,5,2,1,3,3
Miguel-Anngel,DC,3,3,8,3,4,4,9,5,1,5,1,3,5,7,3,6,4,6,5,9,3,5,2,6,8,5,9,9,2,7,4,5,7,1,8,7,6,9,8,1,1,1,2,1,1,1,2,5,6,2,1,7,9,9,1,9,6,5
Karol,PC,9,5,6,1,1,7,6,7,4,2,6,7,1,8,2,2,2,3,1,7,6,8,4,7,2,7,8,1,4,8,3,3,2,7,6,5,6,2,3,7,4,9,6,3,6,5,1,6,3,8,4,3,4,5,4,6,7,8
Alvaro,UDI,3,2,4,6,6,4,1,5,1,8,3,4,8,2,9,4,5,5,6,1,1,3,8,6,1,9,1,2,1,9,6,8,4,6,3,6,2,7,1,2,6,9,2,3,7,6,6,1,7,3,4,5,1,7,9,7,3,9
Loreto,PPD,7,9,9,6,5,4,6,6,9,8,6,6,4,7,1,3,2,1,5,9,1,5,3,9,2,5,1,7,3,4,1,4,5,9,9,9,2,9,7,4,7,3,6,3,7,1,8,9,2,6,6,7,6,2,6,8,6,8
Natalia,RD,1,1,5,9,7,9,1,4,7,4,5,7,3,7,1,3,7,2,1,7,3,1,1,5,5,7,4,8,4,8,8,8,4,8,5,9,1,2,4,2,5,7,7,2,7,5,6,7,3,3,7,9,6,6,4,6,7,7
Jose-Miguel,RN,5,4,1,8,3,8,3,6,5,9,5,5,3,5,9,8,7,6,3,3,3,4,9,5,7,3,2,2,3,9,1,6,1,3,8,1,3,3,1,8,5,8,9,2,3,7,2,4,7,9,8,9,6,4,5,5,4,8
Juan-Luis,PS,8,9,7,9,8,9,3,1,1,5,2,8,7,4,7,9,3,7,6,4,6,5,4,1,8,9,4,5,7,4,6,4,2,5,4,4,6,9,1,7,5,4,1,5,2,6,5,7,5,6,6,3,3,7,2,9,5,7
Ricardo,PPD,6,6,3,8,3,8,8,5,6,2,8,8,3,3,9,8,2,5,4,5,6,8,5,1,2,5,6,8,5,5,5,6,2,5,7,2,7,7,9,2,5,8,4,3,5,4,3,5,9,5,5,8,1,8,6,7,9,2
Andres,RN,6,2,1,1,1,3,2,7,4,3,3,6,9,9,5,3,2,1,4,5,9,3,4,8,4,5,3,1,7,5,2,6,3,9,8,9,3,3,5,3,8,2,1,9,6,2,5,3,8,8,3,2,1,2,5,8,1,5
Daniella,PS,1,5,4,5,9,3,4,5,7,7,5,8,2,6,2,9,9,7,7,2,4,3,1,9,6,5,5,4,2,2,4,9,6,5,8,8,3,6,4,6,1,4,7,2,8,3,8,9,5,2,8,6,9,7,2,7,3,9
Sofia,RN,5,3,5,5,5,9,8,4,7,6,2,6,7,4,7,3,2,6,1,9,7,8,7,3,8,4,5,5,2,9,5,8,1,2,5,5,1,6,8,2,8,4,9,6,2,4,9,5,3,5,6,3,7,1,1,9,1,5
Juan-Antonio,UDI,4,6,6,4,9,4,8,8,5,4,3,4,1,4,4,9,6,2,1,8,9,1,1,3,5,2,5,2,4,2,8,1,3,3,3,2,7,2,6,7,5,4,4,2,6,8,8,1,4,6,1,9,7,5,9,3,5,5
Miguel,RD,5,2,2,4,5,8,5,5,3,6,7,5,9,4,1,8,1,5,7,3,8,9,2,3,1,8,3,9,2,8,8,6,6,6,6,5,1,3,8,3,8,8,5,5,9,7,8,8,1,4,9,3,4,3,1,9,8,2
Luciano,EVOP,1,1,3,8,4,2,6,5,1,2,5,2,7,4,9,1,3,9,9,2,5,8,3,2,1,5,2,5,9,4,9,9,4,9,9,5,5,2,7,1,2,9,7,7,5,4,7,4,8,5,9,7,8,8,7,5,2,9
Catalina,RN,8,9,1,1,7,1,9,5,2,2,1,6,7,6,9,5,1,5,8,4,6,3,2,9,9,2,3,5,9,4,8,9,6,8,1,1,4,6,4,2,9,6,4,5,5,9,9,2,6,4,2,1,1,5,2,5,3,1
Mario,RN,4,8,3,5,3,1,8,8,2,3,1,8,6,4,6,7,1,3,6,4,3,2,8,7,9,2,3,7,8,6,6,2,9,5,9,2,9,2,4,1,9,2,6,4,3,8,6,8,5,2,3,5,8,3,7,6,3,1
Marcelo,PS,6,2,1,4,7,6,6,6,9,3,4,8,3,7,4,4,6,3,3,1,2,6,2,6,1,8,4,3,4,4,1,6,7,5,9,1,3,3,9,1,9,5,7,1,4,4,4,8,3,4,4,8,7,2,1,4,5,8
Jorge,RN,6,3,3,3,2,8,1,7,6,7,3,3,2,5,4,3,8,3,9,9,5,2,1,6,7,7,2,3,9,4,9,6,7,8,3,9,1,5,3,2,2,2,4,7,9,3,2,2,8,2,5,3,7,2,9,9,8,4
Eduardo,RN,7,2,5,1,7,5,3,2,9,5,4,6,4,5,5,6,5,7,5,9,9,6,2,5,5,1,6,3,1,5,9,2,9,6,2,1,4,2,7,9,1,7,4,7,1,4,1,9,5,8,9,8,9,6,9,6,3,4
Francisco,RN,5,8,2,5,3,7,1,8,1,6,4,1,5,1,6,3,8,2,9,7,2,7,3,5,9,8,9,1,7,4,1,2,1,3,7,3,5,9,1,2,8,4,5,6,1,1,4,3,3,4,3,3,9,8,4,7,1,6
Fidel,PS,8,9,4,4,9,4,6,3,9,7,6,7,8,8,4,7,8,5,2,7,7,9,5,3,8,7,9,8,5,5,4,6,6,7,1,4,9,6,5,5,5,6,6,9,4,6,2,8,4,2,6,8,1,7,1,4,9,8
Maya,PS,3,9,5,8,4,4,5,4,2,2,4,3,6,8,9,8,6,3,7,2,4,5,6,7,6,7,9,8,2,7,7,2,4,9,8,9,7,4,8,9,6,3,3,9,6,3,9,4,3,7,1,4,7,7,9,6,9,5
Ivan,DC,9,7,3,8,8,5,6,4,2,8,2,5,2,6,6,6,2,7,6,2,3,8,4,7,1,5,8,5,9,6,4,8,8,6,3,8,1,1,8,8,2,9,3,8,3,3,7,8,3,8,4,4,4,6,8,5,7,1
Camila,RN,2,4,4,1,6,8,7,7,8,1,3,7,1,6,3,2,1,2,2,6,4,2,3,9,2,7,8,6,7,5,1,3,1,6,7,8,8,6,8,9,2,6,7,5,4,2,4,9,7,8,8,9,2,4,3,8,9,7
Juan,UDI,1,4,4,1,9,3,3,7,7,7,1,3,2,9,2,2,9,2,9,8,3,2,1,2,2,1,3,3,6,7,5,5,3,7,6,8,5,7,5,6,7,3,5,9,1,3,4,5,2,5,7,2,5,4,3,6,3,6
Gonzalo,RN,5,2,2,6,2,5,8,1,1,8,3,3,4,5,3,4,6,1,2,1,1,9,2,2,9,7,6,8,2,6,3,2,5,1,7,8,2,6,3,1,7,7,4,7,4,3,4,8,3,5,2,6,2,6,4,3,7,5
Sergio,UDI,4,8,9,3,8,9,9,7,8,2,3,4,7,8,2,4,3,8,9,5,6,4,3,5,8,2,4,7,6,7,5,4,3,2,3,5,3,8,6,3,2,6,3,4,7,4,9,6,6,2,9,4,9,8,9,9,4,5
Ramon,RN,7,1,6,3,7,7,7,1,4,9,1,5,4,7,3,5,6,7,9,8,7,2,5,6,3,5,1,5,7,1,3,4,1,8,3,7,3,7,4,4,4,4,7,6,2,2,3,1,3,1,5,5,8,1,2,7,5,2
Rene-Manuel,RN,5,6,4,1,6,9,4,7,9,5,2,5,2,1,4,2,5,7,8,6,4,1,9,3,9,1,3,1,7,3,6,1,5,7,6,8,9,2,5,5,7,8,2,1,2,4,9,1,6,3,4,6,3,4,5,1,9,8
Renato,RD,4,4,1,2,5,4,9,4,8,7,8,8,7,2,4,8,6,8,9,5,7,7,6,4,3,5,8,2,4,9,2,3,1,1,8,6,9,1,3,4,5,2,5,6,3,7,8,2,9,9,1,3,6,2,4,4,1,6
Cristina,PPD,6,8,4,7,9,2,1,7,2,4,2,9,6,4,5,7,8,9,2,9,1,8,4,9,8,5,6,3,5,8,6,5,5,9,2,8,6,9,9,1,4,2,1,5,9,9,1,2,7,6,5,4,2,1,6,1,7,6
Felix,PEV,6,4,5,4,4,6,9,7,9,8,2,9,2,3,3,5,8,5,7,8,8,7,6,9,7,9,8,2,9,9,9,8,4,2,4,6,8,3,1,1,4,9,3,9,4,9,9,4,5,4,4,9,9,1,3,2,2,5
Rodrigo,PPD,5,3,2,5,7,2,2,7,7,6,5,5,4,6,5,2,2,2,3,3,1,4,2,5,1,8,5,9,6,5,8,6,6,1,3,7,3,4,4,7,6,3,4,8,9,2,5,9,6,1,2,8,3,4,7,2,8,7
Hugo,PC,4,5,9,1,9,8,6,6,1,9,4,2,9,4,4,9,2,6,5,6,3,6,3,9,6,8,5,6,8,7,8,2,6,1,4,4,1,1,7,7,9,1,9,7,5,7,6,8,1,9,1,6,1,8,3,4,5,3
Javier,UDI,1,5,8,8,2,6,7,5,1,7,2,2,7,8,6,7,8,1,8,5,8,1,7,1,5,6,9,2,7,8,9,7,1,3,6,8,1,1,8,5,4,7,3,2,1,5,6,8,4,1,8,8,3,9,4,3,7,8
Marcela,PRSD,1,4,2,2,3,5,5,6,7,7,8,6,2,2,2,7,3,9,6,7,7,4,3,1,9,3,2,6,8,2,1,1,4,4,2,1,9,6,7,3,3,4,8,7,2,1,2,5,4,5,4,3,5,9,6,8,7,7
Carmen,PC,3,7,9,4,9,6,1,9,7,3,2,7,6,9,3,9,5,2,6,9,3,5,8,4,8,2,2,9,9,2,9,9,3,2,6,7,8,6,5,3,1,9,4,6,9,8,3,7,9,2,1,1,3,5,2,1,6,6
Tomas,PH,8,7,3,2,4,8,7,8,8,7,2,4,5,8,5,9,7,6,4,1,8,9,3,6,9,9,1,3,6,8,7,7,7,3,1,3,4,5,3,5,5,7,8,3,5,9,1,8,9,4,6,3,1,7,7,3,4,8
Maria-Jose,UDI,2,4,1,8,5,7,1,1,2,2,1,6,7,3,6,3,3,9,1,2,7,7,1,5,6,2,3,7,8,8,5,3,2,5,7,4,6,9,6,6,9,6,1,5,9,7,2,9,5,7,7,6,5,1,5,8,5,7
Diego,IND,6,9,4,4,1,1,3,1,6,9,2,4,2,2,7,5,6,7,8,6,7,3,2,3,1,3,8,3,2,6,6,6,7,3,3,7,7,4,9,6,6,6,9,3,7,3,6,6,2,8,4,6,2,8,7,1,2,4
Marcos,PS,5,6,9,4,6,5,2,6,7,9,7,2,5,6,2,4,4,6,2,3,1,4,9,4,1,4,9,1,4,5,9,9,5,3,9,1,1,9,9,6,1,7,1,7,9,5,1,9,6,3,4,9,1,9,5,6,5,2
Giorgio,RD,7,8,2,1,7,3,9,9,8,4,1,5,5,8,4,3,6,7,6,3,1,1,6,3,5,7,2,2,7,2,5,9,9,1,6,6,7,6,5,1,9,4,3,8,5,8,4,7,2,8,6,2,6,3,8,4,9,2
Carlos-Abel,PRSD,7,3,6,3,2,5,8,2,4,8,4,2,9,5,6,9,1,8,3,9,7,7,9,1,2,8,1,3,4,8,4,8,6,5,2,4,8,1,9,5,3,5,4,7,2,7,1,8,9,8,7,3,1,7,4,5,4,7
Pamela,PH,7,9,6,8,2,5,6,4,6,1,8,5,1,2,1,5,9,9,7,1,4,9,3,2,9,6,6,6,7,8,2,8,6,3,1,8,8,7,4,1,9,9,8,2,2,8,5,2,9,1,2,8,1,3,6,3,4,5
Tucapel,PPD,4,7,1,5,5,3,8,1,8,1,7,1,8,2,3,2,2,4,3,9,7,6,4,3,7,3,5,1,7,2,7,1,7,9,8,1,4,3,4,2,9,6,5,4,7,1,8,2,8,6,2,3,7,7,3,6,6,2
Harry,RN,2,3,2,6,8,2,6,5,1,7,9,8,8,9,6,4,6,4,1,2,4,3,1,1,3,8,9,9,9,5,3,4,6,9,2,8,1,4,9,8,9,3,8,8,5,1,7,8,3,2,8,4,8,7,8,5,1,4
Pablo,EVOP,1,9,2,1,8,9,9,6,7,3,6,4,6,9,2,8,2,7,8,6,7,6,7,7,4,2,6,3,7,5,1,8,7,8,5,6,4,2,7,2,6,4,7,1,6,4,1,1,2,3,3,8,7,9,6,8,4,4
Sebastian,EVOP,8,7,4,6,6,5,1,3,6,5,2,4,5,8,5,8,5,9,7,7,9,9,1,8,3,1,7,4,3,8,9,2,2,8,6,4,4,5,6,5,4,3,1,4,6,2,7,7,2,5,8,1,1,9,4,6,8,8
Issa,UDI,7,7,7,9,1,6,1,3,7,4,6,4,1,9,6,1,4,7,7,3,2,1,3,1,1,1,2,5,7,6,4,4,7,8,7,3,4,9,6,3,9,3,4,5,1,7,6,2,3,1,3,6,4,8,2,3,4,8
Carlos,RN,4,7,3,2,3,5,1,8,6,3,9,9,4,5,6,5,6,2,9,4,1,9,9,4,6,4,4,3,5,7,5,4,4,4,3,9,6,2,5,5,3,2,7,4,8,9,7,8,3,9,5,8,8,1,7,2,5,1
Amaro,PC,8,4,5,4,9,8,6,2,1,8,4,3,7,9,9,9,5,4,7,7,1,2,6,8,1,5,3,2,6,7,6,7,7,5,3,4,4,5,7,6,7,1,7,4,9,8,7,5,5,3,9,5,7,8,9,2,1,7
Joaquin,UDI,7,8,7,1,9,2,6,6,1,2,8,2,2,7,8,1,7,7,4,6,2,4,1,1,4,9,4,2,6,7,3,5,5,4,6,6,8,6,2,8,1,4,4,9,6,8,9,2,2,1,3,7,3,8,9,8,8,8
Raul,PS,3,2,3,5,5,3,3,7,1,1,3,5,4,8,9,4,2,5,8,6,9,2,4,6,5,7,5,1,4,7,2,5,5,6,5,8,4,2,3,6,2,4,1,1,8,2,7,7,4,9,9,2,7,8,4,7,1,6
Aracely,RN,3,7,7,8,1,7,5,5,2,1,6,9,3,5,8,4,7,5,6,9,8,4,7,5,6,2,8,6,3,1,8,6,8,2,4,5,3,8,4,4,4,4,7,4,5,2,7,7,1,8,8,4,2,9,3,2,1,8
Andres,RN,4,2,3,1,8,1,1,9,7,7,8,4,1,3,6,8,8,7,2,9,9,3,1,2,7,3,6,2,6,1,4,3,9,7,8,1,8,6,1,2,2,1,5,2,4,4,3,7,4,4,9,7,3,9,5,4,7,8
Pablo,DC,4,6,3,1,9,8,9,6,1,3,2,1,8,8,9,2,3,6,7,2,8,2,8,4,7,2,3,5,9,7,7,2,1,8,2,7,3,7,2,8,5,8,7,7,4,7,9,5,2,5,1,9,1,5,3,9,8,1
Karin,RN,9,7,5,7,2,5,8,2,4,3,1,7,8,7,3,8,4,7,2,6,5,7,8,2,3,7,6,7,1,6,5,1,2,3,8,3,4,9,5,2,3,9,3,1,3,3,3,3,2,3,5,7,6,9,1,7,6,6
Javier,UDI,7,2,3,9,5,3,2,9,9,1,7,7,5,5,9,2,5,5,4,7,7,9,3,1,8,2,8,6,1,7,8,3,5,1,7,8,5,6,7,2,7,2,6,9,5,4,6,2,1,7,7,4,7,5,3,1,2,7
Carolina,PPD,2,4,5,8,2,6,7,1,4,3,4,5,3,2,5,3,7,7,9,1,5,9,9,4,7,7,8,7,5,6,2,5,5,5,7,1,3,5,1,3,6,6,7,1,4,7,3,6,6,2,4,2,5,3,1,8,7,3
Manuel,DC,8,1,7,3,4,9,9,6,2,6,9,2,5,8,2,8,2,7,4,9,6,1,1,8,1,9,7,2,6,3,1,1,3,9,4,9,1,5,3,4,2,2,6,3,6,2,2,2,6,4,7,2,9,1,4,9,3,7
Patricio,UDI,8,2,3,4,8,9,9,9,9,2,6,4,8,6,2,7,5,7,2,9,2,5,4,1,1,4,3,4,4,8,3,7,4,9,6,6,4,3,5,9,7,4,4,8,6,2,8,9,8,9,8,1,2,1,4,3,6,5
Cosme,PRSD,3,4,2,9,5,1,5,3,9,9,5,7,3,4,6,7,4,8,4,9,1,6,2,9,5,5,8,1,3,4,5,1,1,6,4,4,3,3,5,5,7,7,4,1,6,4,9,5,1,6,5,9,3,8,6,2,2,3
Miguel,RN,4,7,3,9,3,5,7,8,3,3,9,5,5,3,2,3,1,6,3,8,6,8,9,7,1,4,6,9,1,3,2,6,2,5,9,7,8,2,4,2,7,6,6,2,1,2,1,4,5,5,6,9,2,7,8,3,1,5
Fernando,PRSD,3,7,3,5,9,7,4,7,2,7,1,5,1,6,3,8,1,6,3,9,6,4,9,2,9,6,1,5,9,7,2,6,8,2,4,6,1,3,8,8,5,1,4,4,7,3,3,6,2,4,7,6,4,6,6,3,5,5
Vlado,LIBERAL,2,3,8,4,5,1,3,7,4,1,9,6,2,5,2,8,8,1,7,7,1,6,2,5,9,4,5,6,3,2,2,9,8,9,2,8,2,9,9,9,8,2,7,3,3,8,3,1,6,8,9,4,6,7,9,4,2,3
Claudia,PODER,3,3,6,5,9,6,1,4,2,8,1,8,6,4,5,6,7,3,5,9,5,7,3,1,5,1,2,8,8,1,2,6,2,2,6,4,8,8,9,1,6,9,7,8,6,3,9,3,3,1,2,1,8,6,9,6,1,4
Andres,EVOP,4,6,9,9,2,8,7,2,1,2,4,4,2,7,5,8,5,3,6,5,2,8,8,5,4,4,7,9,3,9,3,9,7,4,9,7,5,9,2,3,7,6,6,4,8,1,5,9,3,9,1,5,7,7,5,6,8,9
Manuel,PS,7,2,5,6,3,7,9,7,5,3,8,2,3,9,3,8,8,1,1,4,3,7,9,3,9,5,9,9,2,5,9,7,2,4,4,4,8,1,1,8,5,7,1,1,7,1,6,7,8,2,1,4,7,3,4,5,9,8
Celso,UDI,3,4,9,3,9,4,7,7,2,2,5,5,8,4,5,4,9,1,3,2,4,5,2,5,4,6,8,8,4,6,5,1,5,5,5,3,4,8,7,4,3,1,5,7,4,5,5,6,8,6,4,8,9,3,3,1,9,2
Cristhian,UDI,9,3,2,5,9,3,7,3,9,2,9,4,3,2,6,3,7,9,8,2,2,9,2,8,5,1,1,2,8,1,4,8,1,8,7,5,7,6,9,4,1,1,5,4,8,8,7,2,9,3,7,5,7,7,2,2,1,4
Jaime,FRVS,2,1,3,1,1,9,5,5,5,7,9,3,3,4,3,5,8,5,5,5,2,5,7,7,3,5,1,3,7,3,1,6,3,1,8,2,1,8,4,5,2,9,5,2,3,6,4,1,8,5,3,6,5,6,1,1,8,6
Francesca,RN,1,1,6,3,1,4,5,7,9,3,8,5,5,6,8,3,3,6,7,3,7,7,1,5,1,3,1,8,1,1,2,9,7,2,6,1,1,8,5,3,3,8,2,9,1,4,3,9,7,3,8,2,2,9,7,8,9,7
Jaime,PS,9,8,2,8,3,8,4,4,4,4,8,7,4,9,9,1,5,3,9,5,4,1,7,1,9,1,6,1,4,1,8,5,4,3,9,8,7,2,9,4,9,5,5,7,4,6,2,1,1,1,7,6,7,9,6,1,8,2
Nicolas,UDI,5,9,8,5,1,1,7,8,7,3,8,5,3,8,5,8,3,8,9,4,5,1,4,1,4,2,5,3,7,5,8,7,7,4,3,7,2,4,6,4,6,1,9,7,3,2,5,4,2,7,3,9,9,4,3,9,7,8
Ivan,UDI,8,5,1,1,4,5,6,6,6,3,2,7,9,7,3,5,2,1,7,8,9,5,6,5,4,8,3,4,1,5,3,9,9,1,5,3,1,2,2,6,4,4,1,5,7,5,7,4,5,4,1,7,8,5,8,6,6,8
Daniel,PC,9,9,3,3,7,5,1,7,8,8,7,3,6,3,6,6,2,5,9,7,7,1,4,3,7,6,3,4,8,6,5,5,4,1,2,6,5,2,8,6,4,5,1,9,9,6,4,8,4,8,7,5,7,8,6,8,7,8
Paulina,RN,8,4,2,3,7,1,9,7,9,1,4,7,5,7,4,8,2,4,6,7,8,3,3,3,3,3,1,2,7,4,5,3,7,2,7,2,4,7,2,6,8,6,9,6,1,7,6,5,6,7,2,4,4,4,8,3,1,3
Emilia,PS,6,5,7,8,3,8,3,3,6,2,5,3,2,4,6,4,7,6,2,4,2,3,2,3,9,4,5,4,7,3,7,5,4,3,5,6,5,8,8,6,2,1,5,4,1,1,5,7,6,2,5,8,6,1,7,6,2,3
Erika,IND,8,5,4,3,1,6,9,2,8,8,2,7,6,6,6,7,7,5,6,9,8,4,8,5,8,5,4,1,6,2,2,2,2,6,7,7,1,2,1,6,7,2,3,9,9,7,2,4,6,1,9,1,5,9,1,4,3,4
Maite,RD,7,5,2,9,1,5,3,7,9,7,5,8,6,1,7,9,1,9,8,5,1,7,9,9,4,3,9,3,6,8,4,4,6,7,7,2,5,4,3,6,8,3,7,7,9,2,9,9,5,4,4,8,7,2,9,8,1,3
Jose-Miguel,DC,7,7,7,8,3,8,5,4,8,2,4,1,7,5,7,7,8,3,9,9,3,4,1,4,3,4,9,1,7,8,4,4,2,1,4,7,4,1,7,3,3,1,8,8,9,6,5,8,8,2,1,3,5,9,2,8,8,3
Ximena,RN,6,9,5,9,4,4,8,4,6,2,5,6,3,1,3,5,5,8,4,4,8,6,1,7,1,4,5,2,3,6,7,3,9,7,4,9,5,7,7,7,2,4,3,4,6,4,4,8,5,7,3,7,3,4,5,2,3,2
Luis,RN,5,8,4,2,1,8,3,5,2,6,4,6,3,3,7,1,8,3,2,7,5,6,7,8,6,7,2,7,3,5,6,2,6,7,7,8,3,1,6,8,7,9,1,2,1,4,1,3,4,4,4,4,8,3,5,8,5,5
Andrea,PPD,7,5,9,9,4,9,4,1,3,3,8,1,6,6,4,2,8,6,8,2,9,7,6,5,4,6,6,2,8,4,3,8,1,9,7,8,4,1,7,8,6,5,8,5,2,1,1,4,9,2,6,2,9,8,9,2,7,6
Diego,RN,7,8,5,2,3,7,1,2,5,1,4,4,7,1,9,7,8,2,7,3,1,5,2,4,2,6,8,4,2,6,2,2,1,9,6,3,1,1,6,1,7,4,8,4,2,9,5,8,4,5,9,1,7,4,7,6,8,6
Jose,PRSD,3,5,9,4,3,7,3,2,2,2,7,4,9,1,6,7,2,8,4,8,5,8,4,6,5,9,2,2,3,2,8,9,6,5,6,7,7,6,5,9,8,3,9,2,5,1,8,8,6,1,4,3,8,2,2,9,1,1
Leopoldo,RN,9,4,9,7,1,4,5,5,4,2,2,4,3,1,8,9,4,8,6,8,9,8,1,5,1,5,7,5,7,7,7,1,3,1,8,6,2,4,8,6,5,5,9,3,2,9,5,9,9,5,3,4,3,1,8,9,3,4
Joanna,DC,6,3,2,6,8,9,5,4,5,8,4,7,3,4,8,4,1,3,4,8,8,4,4,7,8,6,2,2,4,8,1,1,1,3,2,3,6,7,1,8,4,8,4,6,6,3,2,8,7,7,7,8,9,2,4,2,9,2
Catalina,RD,3,9,2,2,3,7,5,5,2,5,3,9,9,1,6,4,3,9,1,1,7,2,8,4,3,9,3,2,3,5,5,2,3,9,2,3,2,3,7,8,6,2,2,9,5,7,8,5,7,7,4,4,2,6,7,7,8,9
Pablo,IND,9,6,1,7,3,1,8,2,4,7,5,1,3,6,6,2,5,2,8,8,8,8,2,3,7,6,4,4,8,8,9,8,2,2,8,2,8,8,2,4,9,2,8,7,8,4,2,8,6,3,1,3,7,1,7,3,2,8
Guillermo,UDI,6,6,8,7,6,6,1,5,3,6,8,7,8,5,9,4,8,1,5,8,2,1,5,8,2,9,5,3,1,9,5,9,9,1,2,3,8,6,9,7,1,6,5,4,3,1,2,7,5,7,8,2,8,7,8,3,4,4
Jorge,RN,8,6,2,8,1,7,9,5,9,3,2,9,2,6,5,2,1,7,6,3,1,4,9,6,6,6,5,1,6,4,9,7,7,5,1,7,4,7,4,1,6,2,8,8,1,4,3,9,1,5,6,4,5,3,4,6,8,7
Rolando,UDI,1,7,4,9,5,6,9,3,4,6,4,8,3,5,4,3,3,3,9,4,8,1,5,9,2,7,7,2,4,9,8,2,4,9,1,5,8,5,6,3,2,8,8,9,5,3,7,9,3,8,6,6,5,4,7,8,9,2
Hugo,RN,5,7,3,6,5,9,7,9,4,7,5,9,3,1,7,8,8,1,5,4,7,2,6,9,6,3,7,5,6,3,2,4,7,5,2,9,6,5,8,9,7,1,9,8,7,8,5,5,4,2,7,7,9,5,1,9,6,1
Luis,PS,1,4,8,7,9,5,7,9,8,1,6,6,9,5,7,5,5,4,9,7,1,9,7,4,3,2,8,9,4,3,7,2,8,1,1,6,2,5,4,9,7,9,6,9,8,2,9,1,3,6,2,4,5,6,7,9,8,2
Camila,IND,7,6,8,2,4,8,2,4,6,7,2,8,9,5,3,5,8,4,3,8,6,4,1,9,2,6,1,8,6,6,3,5,9,4,9,1,9,1,1,8,6,8,2,3,7,4,1,4,7,4,8,1,4,3,4,1,2,8
Leonidas,RN,9,1,4,4,6,8,3,4,3,3,5,4,1,2,8,8,8,7,2,1,9,3,6,4,4,2,5,6,8,8,8,8,4,5,9,3,6,6,8,2,8,4,3,6,5,9,9,1,1,6,1,3,5,4,8,5,4,3
Patricio,PS,2,7,7,1,1,8,3,7,2,5,6,3,3,5,8,2,7,3,9,3,4,8,6,1,5,2,3,7,8,8,7,8,1,1,8,6,7,9,3,9,8,7,4,2,7,2,5,5,1,6,9,6,3,5,2,8,4,4
Gaston,PS,9,4,3,1,8,5,3,1,8,1,2,6,9,5,6,3,4,2,8,8,8,3,3,7,2,7,3,3,6,7,1,5,2,2,7,4,4,3,6,8,5,4,7,9,3,5,6,4,1,2,7,6,5,7,3,3,3,7
Jorge,DC,6,8,4,4,1,1,6,3,2,6,7,3,3,5,9,5,4,3,4,9,7,8,3,5,5,1,2,7,1,5,2,5,6,2,3,7,6,6,1,4,6,8,1,1,8,3,8,2,6,2,2,4,4,7,9,2,6,3
Marcela,RN,5,5,1,3,6,4,7,7,6,7,1,3,6,7,4,1,1,1,7,1,5,6,4,7,4,7,2,6,5,3,4,8,4,8,2,4,2,1,8,7,4,1,6,6,2,4,4,2,3,3,1,6,5,3,2,8,9,5
Rene,IND,4,3,6,4,1,1,3,7,9,4,6,3,4,8,2,1,6,2,8,9,7,2,8,3,3,4,6,6,1,7,4,8,6,4,7,7,5,4,2,2,1,3,5,2,3,8,3,8,2,1,9,2,2,5,9,9,2,1
Raul,PS,8,5,9,4,7,4,7,2,7,4,8,6,2,5,8,9,5,8,5,2,5,9,4,9,3,8,4,1,3,4,9,3,8,9,4,1,4,6,9,9,6,4,3,5,7,7,6,8,5,9,4,6,1,7,3,9,6,7
Gustavo,UDI,8,9,9,9,8,9,3,6,1,3,9,1,1,9,8,5,8,3,3,8,4,2,8,1,5,6,9,1,8,9,6,7,6,4,8,9,1,3,9,7,8,2,7,9,9,9,8,4,3,6,5,4,5,9,9,7,4,5
Juan,PS,2,5,7,8,6,6,7,6,7,6,8,3,1,9,7,3,3,1,6,9,4,7,5,9,7,8,3,5,4,7,7,4,6,9,3,2,3,6,3,3,3,7,1,6,3,8,6,1,3,5,3,3,2,7,7,1,5,1
Alejandro,RN,1,6,4,6,4,6,4,7,8,4,8,2,9,1,7,9,2,3,2,8,6,9,1,1,1,8,4,9,3,6,5,2,7,5,2,6,1,5,4,8,8,6,9,9,4,8,1,1,7,3,2,7,1,4,3,2,7,2
Marisela,PRO,3,5,2,6,8,5,4,4,8,8,2,2,2,1,4,1,4,7,1,4,4,2,4,2,5,8,9,3,3,8,4,8,1,3,6,3,9,8,1,7,6,7,5,9,5,3,5,6,5,5,6,7,8,5,6,4,2,2
Frank,RN,1,7,9,5,8,5,3,1,1,7,2,6,4,4,1,4,4,5,5,1,8,5,7,4,3,4,2,9,2,3,2,8,6,1,3,7,4,3,2,6,5,2,7,9,2,7,9,7,5,1,2,3,9,1,6,3,1,6
Diego,RN,8,5,9,5,2,3,9,1,5,6,9,7,1,7,4,5,6,2,2,8,8,7,4,9,3,8,8,5,4,1,1,9,9,9,5,2,6,1,1,6,3,5,3,2,2,4,5,6,5,5,9,8,4,2,2,1,3,9
Marcelo,PS,9,6,1,5,8,9,6,2,4,5,1,6,8,5,4,7,8,4,4,7,9,6,8,3,1,8,4,9,9,7,7,1,9,4,1,9,8,4,5,6,4,6,3,5,6,6,9,1,8,5,6,5,7,2,1,7,7,1
Alejandra,FRVS,5,7,3,8,9,1,6,7,5,5,3,4,4,5,8,9,9,8,3,9,2,1,8,8,2,1,6,6,6,4,6,3,8,4,2,8,5,3,8,8,5,9,6,2,3,8,4,5,5,7,8,6,3,8,7,6,2,4
Alexis,PRSD,5,5,5,4,9,6,2,9,6,3,1,4,1,3,2,1,2,2,6,4,6,8,2,7,5,1,6,7,4,3,1,8,4,1,8,3,8,3,9,5,7,6,2,9,5,4,2,1,2,9,3,4,9,7,1,6,9,5
Gabriel,DC,9,1,9,5,7,8,7,6,8,3,6,3,8,7,9,7,7,7,6,4,3,4,6,1,4,4,6,8,4,4,7,9,5,6,1,8,3,5,7,2,9,9,6,5,2,9,7,9,5,9,1,1,9,4,8,7,3,5
Leonardo,PS,3,9,1,7,1,2,8,3,6,4,3,7,2,9,7,2,5,1,6,1,1,6,7,7,5,5,3,1,1,3,5,1,7,7,9,3,2,6,6,6,7,4,6,6,7,9,2,1,3,4,7,2,4,3,5,3,2,9
Raul,DC,5,4,1,5,3,2,5,6,7,9,7,3,9,4,9,6,6,1,3,4,4,6,8,7,6,8,5,4,7,6,6,5,3,7,3,9,2,1,9,2,7,4,6,3,2,7,4,8,2,4,8,7,1,6,6,5,7,1
Guillermo,PC,2,8,3,1,5,3,3,2,9,9,6,8,3,1,4,2,7,7,3,1,5,1,7,2,1,2,7,6,7,1,1,8,4,8,6,3,8,4,4,4,2,6,8,1,8,1,3,8,1,9,3,1,7,7,4,5,2,9
Jaime,PS,4,4,4,8,4,9,5,2,9,2,4,8,3,8,9,9,1,4,6,3,3,2,1,7,7,2,8,6,1,9,4,9,9,8,3,9,3,8,7,3,8,4,5,2,3,1,3,7,8,7,9,5,4,4,2,4,9,8
Sebastian,RN,1,6,2,6,1,5,3,8,7,4,4,7,1,3,5,1,2,1,3,7,5,8,8,4,3,2,5,2,1,6,2,8,7,2,8,1,7,3,2,1,1,9,2,1,1,9,2,4,1,1,6,1,9,5,5,3,7,3
Vi­ctor,DC,7,3,8,2,5,9,7,5,3,9,3,9,4,3,5,7,6,4,9,5,2,1,2,2,5,2,6,9,1,2,8,5,7,7,8,2,6,8,7,7,6,3,9,7,6,6,7,3,3,5,7,8,1,6,1,6,1,1
Renzo,UDI,4,1,3,4,1,5,9,8,4,2,4,8,7,9,7,7,7,3,5,5,5,9,7,6,6,9,3,2,4,3,2,6,2,9,4,8,8,4,5,4,9,6,3,4,8,4,4,9,6,6,3,8,8,5,3,4,3,1
Virginia,UDI,2,7,4,1,1,2,3,5,9,9,2,1,1,3,1,9,3,7,8,7,3,9,2,3,3,6,3,3,4,5,1,6,4,5,5,4,1,3,1,1,4,8,9,5,3,7,2,9,4,9,5,2,4,3,8,6,3,2
Francisco,EVOP,1,3,2,5,5,2,5,7,5,5,6,5,8,9,9,4,5,6,5,5,9,1,8,7,4,5,8,4,7,6,3,8,2,6,3,3,6,7,1,3,5,4,5,2,2,7,1,3,5,3,7,6,8,3,8,6,1,8
Ignacio,UDI,8,8,4,1,2,8,8,4,8,5,5,1,8,4,2,3,4,7,7,9,5,1,2,2,4,7,4,8,1,7,4,5,5,1,5,9,8,2,8,5,5,1,3,9,5,9,9,4,3,3,3,8,9,7,5,3,6,5
Osvaldo,UDI,8,9,1,6,9,1,8,9,7,1,7,9,3,4,8,2,1,2,6,6,4,1,4,3,5,1,8,5,6,7,1,1,3,3,1,2,3,4,2,7,5,2,6,6,1,5,9,5,3,6,7,4,9,1,3,9,1,3
Cristobal,RN,3,6,9,1,2,1,4,8,6,9,6,4,4,6,6,8,5,1,1,4,2,3,7,2,3,3,5,4,7,4,2,3,6,3,4,6,5,5,1,9,3,9,4,1,7,8,2,9,5,7,4,7,5,3,8,6,9,7
Camila,PC,5,3,7,2,2,5,8,5,4,6,1,4,4,8,8,5,2,6,8,1,1,7,5,3,2,5,8,4,8,7,6,4,5,8,3,3,8,9,2,6,7,8,4,6,2,9,9,8,2,8,9,9,1,5,5,7,7,1
Enrique,UDI,9,2,2,4,8,6,9,2,1,1,5,4,7,3,7,7,3,5,2,1,5,5,3,2,6,7,9,2,1,6,5,1,1,3,5,7,7,6,4,6,2,7,2,2,2,9,4,7,7,7,3,3,7,4,3,3,4,5
Esteban,FRVS,2,1,6,6,3,7,9,1,5,2,3,6,3,1,7,4,4,7,6,9,3,9,3,5,8,2,2,7,9,2,5,6,1,3,7,3,6,5,3,1,7,1,6,5,4,1,2,6,4,8,7,3,7,4,9,6,3,5
Pedro,IND,9,5,1,4,5,8,1,5,2,1,2,8,3,8,3,3,9,6,9,8,3,5,3,9,9,5,7,4,5,3,7,6,2,1,4,1,9,1,9,2,7,2,3,2,5,5,3,9,1,8,4,1,9,2,4,2,5,6
Mario,DC,7,4,4,8,8,2,3,3,9,7,2,7,6,1,9,3,3,3,1,5,6,7,2,9,6,9,4,3,7,1,6,6,9,9,4,1,2,2,8,4,4,3,6,3,6,5,8,2,5,7,1,8,9,7,4,4,1,2
Daniel,DC,3,4,2,4,5,8,9,4,9,4,9,7,9,8,9,6,2,6,5,3,6,5,1,5,3,7,4,1,7,8,5,8,9,1,8,6,5,4,3,4,5,6,2,7,3,6,4,2,2,9,2,3,5,4,5,4,5,4
Pablo,RD,9,7,6,7,2,8,4,6,6,4,7,5,1,7,1,1,8,6,7,5,8,7,2,9,4,8,2,8,2,5,1,1,6,4,9,8,4,8,9,7,6,1,6,7,9,1,1,7,5,7,3,3,7,9,7,9,9,7
Gaston,UDI,3,7,7,2,5,4,6,7,9,6,8,5,9,7,9,1,8,5,5,9,1,5,7,7,3,1,2,6,1,2,4,5,8,6,6,9,2,6,6,4,7,8,3,5,3,1,3,8,5,5,1,3,4,5,6,4,5,7
Matias,DC,1,8,3,9,2,9,9,8,5,4,4,3,8,4,3,2,1,1,5,6,8,3,8,5,9,4,5,6,3,7,3,7,4,5,1,8,3,7,7,6,2,8,5,9,5,8,8,7,8,5,8,3,7,1,3,4,9,3
Gonzalo,IND,8,4,1,2,5,5,9,5,6,6,7,9,1,2,2,9,2,2,8,2,8,2,5,1,4,1,9,7,4,9,9,4,6,4,9,8,4,9,1,8,4,7,7,4,1,7,4,3,8,3,3,5,6,4,3,7,4,4
Gael,RD,3,5,7,9,4,9,8,1,4,6,8,1,7,5,9,8,2,5,3,6,6,7,6,3,9,4,8,3,8,8,5,3,2,1,9,6,5,3,5,3,8,1,3,6,8,5,2,4,2,9,4,1,6,2,4,3,6,9
