DIPUTADOS,PARTIDO,v1,v2,v3,v4,v5,v6,v7,v8,v9,v10,v11,v12,v13,v14,v15,v16,v17,v18,v19,v20,v21,v22,v23,v24,v25,v26,v27,v28,v29,v30,v31,v32,v33,v34,v35,v36,v37,v38,v39,v40,v41,v42,v43,v44,v45,v46,v47,v48,v49,v50,v51,v52,v53,v54,v55,v56,v57,v58,v59,v60,v61,v62,v63,v64,v65,v66,v67,v68,v69,v70,v71,v72,v73,v74,v75,v76,v77,v78,v79,v80,v81,v82,v83,v84,v85,v86,v87,v88,v89,v90,v91,v92,v93,v94,v95,v96,v97,v98,v99,v100,v101,v102,v103,v104,v105,v106,v107,v108,v109,v110,v111,v112,v113,v114,v115,v116,v117,v118,v119,v120,v121,v122,v123,v124,v125,v126,v127,v128,v129,v130,v131,v132,v133,v134,v135,v136,v137,v138,v139,v140,v141,v142,v143,v144,v145,v146,v147,v148,v149,v150,v151,v152,v153,v154
Aguiló Melo Sergio,IC,1,1,1,1,1,5,5,5,5,5,1,1,1,1,1,1,1,1,1,1,1,1,1,1,1,1,1,1,1,5,5,5,5,5,1,1,5,1,1,1,1,1,1,1,1,1,1,9,1,1,1,1,1,5,5,5,5,5,1,1,1,1,1,1,1,1,1,1,1,1,1,1,1,1,1,1,1,5,5,5,5,5,1,1,5,1,1,1,1,1,1,1,1,1,1,9,1,5,5,5,5,5,1,1,1,1,1,1,1,1,1,1,1,1,1,1,1,1,1,1,5,1,1,5,1,1,1,1,1,1,1,1,1,1,9,1,5,5,5,5,5,1,1,1,1,1,1,1,1,1,1,1,1,1
Alvarez Vera Jenny,PS,1,1,1,1,1,5,5,5,5,5,1,1,1,1,1,1,1,1,1,1,1,1,9,1,1,1,1,1,1,1,1,1,1,9,1,1,1,1,1,1,1,1,1,1,1,9,9,9,1,1,1,1,1,5,5,5,5,5,1,1,1,1,1,1,1,1,1,1,1,1,9,1,1,1,1,1,1,1,1,1,1,9,1,1,1,1,1,1,1,1,1,1,1,9,9,9,1,5,5,5,5,5,1,1,1,1,1,1,1,1,1,1,1,1,9,1,1,1,1,1,9,1,1,1,1,1,1,1,1,1,1,1,9,9,9,1,5,5,5,5,5,1,1,1,1,1,1,1,1,1,1,1,1,9
Alvarez-Salamanca Ramírez Pedro Pablo,UDI,1,1,1,1,1,1,1,1,1,1,1,1,5,1,1,1,1,1,1,1,1,1,1,1,1,1,1,1,1,1,5,1,9,9,9,9,9,9,9,9,9,9,9,9,9,9,9,9,1,1,1,1,1,1,1,1,1,1,1,1,5,1,1,1,1,1,1,1,1,1,1,1,1,1,1,1,1,1,5,1,9,9,9,9,9,9,9,9,9,9,9,9,9,9,9,9,1,1,1,1,1,1,1,1,5,1,1,1,1,1,1,1,1,1,1,1,1,1,1,1,9,9,9,9,9,9,9,9,9,9,9,9,9,9,9,1,1,1,1,1,1,1,1,5,1,1,1,1,1,1,1,1,1,1
Andrade Lara Osvaldo,PS,1,1,1,1,1,5,5,5,5,5,1,1,5,1,1,1,1,1,1,1,1,1,1,9,1,1,1,1,1,1,5,1,9,9,9,9,9,9,9,9,9,9,9,9,9,9,9,9,1,1,1,1,1,5,5,5,5,5,1,1,5,1,1,1,1,1,1,1,1,1,1,9,1,1,1,1,1,1,5,1,9,9,9,9,9,9,9,9,9,9,9,9,9,9,9,9,1,5,5,5,5,5,1,1,5,1,1,1,1,1,1,1,1,1,1,9,1,1,1,1,9,9,9,9,9,9,9,9,9,9,9,9,9,9,9,1,5,5,5,5,5,1,1,5,1,1,1,1,1,1,1,1,1,1
Arriagada Macaya Claudio,DC,1,1,1,1,1,1,1,1,1,1,1,1,1,5,1,1,1,1,1,1,1,1,1,1,1,1,1,1,1,5,5,5,5,5,1,1,5,1,1,1,1,1,1,1,1,1,1,9,1,1,1,1,1,1,1,1,1,1,1,1,1,5,1,1,1,1,1,1,1,1,1,1,1,1,1,1,1,5,5,5,5,5,1,1,5,1,1,1,1,1,1,1,1,1,1,9,1,1,1,1,1,1,1,1,1,5,1,1,1,1,1,1,1,1,1,1,1,1,1,1,5,1,1,5,1,1,1,1,1,1,1,1,1,1,9,1,1,1,1,1,1,1,1,1,5,1,1,1,1,1,1,1,1,1
Auth Stewart Pepe,IND,1,1,1,1,1,1,1,1,1,1,1,1,1,1,1,1,1,1,1,1,1,1,1,1,1,1,1,1,1,1,5,1,9,9,9,9,9,9,9,9,9,9,9,9,9,9,9,9,1,1,1,1,1,1,1,1,1,1,1,1,1,1,1,1,1,1,1,1,1,1,1,1,1,1,1,1,1,1,5,1,9,9,9,9,9,9,9,9,9,9,9,9,9,9,9,9,1,1,1,1,1,1,1,1,1,1,1,1,1,1,1,1,1,1,1,1,1,1,1,1,9,9,9,9,9,9,9,9,9,9,9,9,9,9,9,1,1,1,1,1,1,1,1,1,1,1,1,1,1,1,1,1,1,1
Barros Montero Ramón,UDI,1,1,1,1,1,1,1,1,1,1,1,1,5,1,1,1,1,1,1,1,1,1,1,1,1,1,1,1,1,5,5,5,5,5,1,1,5,1,1,1,1,1,1,1,1,1,1,9,1,1,1,1,1,1,1,1,1,1,1,1,5,1,1,1,1,1,1,1,1,1,1,1,1,1,1,1,1,5,5,5,5,5,1,1,5,1,1,1,1,1,1,1,1,1,1,9,1,1,1,1,1,1,1,1,5,1,1,1,1,1,1,1,1,1,1,1,1,1,1,1,5,1,1,5,1,1,1,1,1,1,1,1,1,1,9,1,1,1,1,1,1,1,1,5,1,1,1,1,1,1,1,1,1,1
Becker Alvear Germán,RN,5,1,1,1,1,1,1,1,1,9,1,1,1,1,1,1,1,1,9,1,1,1,1,1,1,1,1,1,1,1,5,1,9,9,9,9,9,9,9,9,9,9,9,9,9,9,9,9,5,1,1,1,1,1,1,1,1,9,1,1,1,1,1,1,1,1,9,1,1,1,1,1,1,1,1,1,1,1,5,1,9,9,9,9,9,9,9,9,9,9,9,9,9,9,9,9,1,1,1,1,1,9,1,1,1,1,1,1,1,1,9,1,1,1,1,1,1,1,1,1,9,9,9,9,9,9,9,9,9,9,9,9,9,9,9,1,1,1,1,1,9,1,1,1,1,1,1,1,1,9,1,1,1,1
Bellolio Avaria Jaime,UDI,1,1,1,1,1,1,1,1,1,1,1,1,5,1,1,1,1,1,1,1,1,1,1,1,1,1,1,1,1,1,5,1,9,9,9,9,9,9,9,9,9,9,9,9,9,9,9,9,1,1,1,1,1,1,1,1,1,1,1,1,5,1,1,1,1,1,1,1,1,1,1,1,1,1,1,1,1,1,5,1,9,9,9,9,9,9,9,9,9,9,9,9,9,9,9,9,1,1,1,1,1,1,1,1,5,1,1,1,1,1,1,1,1,1,1,1,1,1,1,1,9,9,9,9,9,9,9,9,9,9,9,9,9,9,9,1,1,1,1,1,1,1,1,5,1,1,1,1,1,1,1,1,1,1
Berger Fett Bernardo,RN,1,1,1,1,1,1,1,1,1,1,1,1,5,1,1,1,1,1,1,1,1,1,1,1,1,1,1,1,1,1,5,1,9,9,9,9,9,9,9,9,9,9,9,9,9,9,9,9,1,1,1,1,1,1,1,1,1,1,1,1,5,1,1,1,1,1,1,1,1,1,1,1,1,1,1,1,1,1,5,1,9,9,9,9,9,9,9,9,9,9,9,9,9,9,9,9,1,1,1,1,1,1,1,1,5,1,1,1,1,1,1,1,1,1,1,1,1,1,1,1,9,9,9,9,9,9,9,9,9,9,9,9,9,9,9,1,1,1,1,1,1,1,1,5,1,1,1,1,1,1,1,1,1,1
Boric Font Gabriel,IND,1,1,1,1,1,1,1,1,5,5,5,1,5,5,1,5,5,1,1,5,5,5,1,5,1,1,1,1,1,5,5,5,5,5,1,1,5,1,1,1,1,1,1,1,1,1,1,9,1,1,1,1,1,1,1,1,5,5,5,1,5,5,1,5,5,1,1,5,5,5,1,5,1,1,1,1,1,5,5,5,5,5,1,1,5,1,1,1,1,1,1,1,1,1,1,9,1,1,1,1,5,5,5,1,5,5,1,5,5,1,1,5,5,5,1,5,1,1,1,1,5,1,1,5,1,1,1,1,1,1,1,1,1,1,9,1,1,1,1,5,5,5,1,5,5,1,5,5,1,1,5,5,5,1
Browne Urrejola Pedro,IND,1,1,1,1,1,1,1,1,1,1,1,1,5,1,1,1,1,1,1,1,1,1,1,1,1,1,1,1,1,1,5,1,9,9,9,9,9,9,9,9,9,9,9,9,9,9,9,9,1,1,1,1,1,1,1,1,1,1,1,1,5,1,1,1,1,1,1,1,1,1,1,1,1,1,1,1,1,1,5,1,9,9,9,9,9,9,9,9,9,9,9,9,9,9,9,9,1,1,1,1,1,1,1,1,5,1,1,1,1,1,1,1,1,1,1,1,1,1,1,1,9,9,9,9,9,9,9,9,9,9,9,9,9,9,9,1,1,1,1,1,1,1,1,5,1,1,1,1,1,1,1,1,1,1
Campos Jara Cristián,PPD,1,1,1,1,1,9,9,9,9,9,1,1,1,9,1,1,1,1,1,1,1,1,1,1,1,1,1,1,1,1,5,1,9,9,9,9,9,9,9,9,9,9,9,9,9,9,9,9,1,1,1,1,1,9,9,9,9,9,1,1,1,9,1,1,1,1,1,1,1,1,1,1,1,1,1,1,1,1,5,1,9,9,9,9,9,9,9,9,9,9,9,9,9,9,9,9,1,9,9,9,9,9,1,1,1,9,1,1,1,1,1,1,1,1,1,1,1,1,1,1,9,9,9,9,9,9,9,9,9,9,9,9,9,9,9,1,9,9,9,9,9,1,1,1,9,1,1,1,1,1,1,1,1,1
Cariola Oliva Karol,PC,1,1,1,1,1,5,5,5,5,5,1,1,1,5,1,1,1,1,5,1,1,1,1,1,1,1,1,1,1,1,5,1,9,9,9,9,9,9,9,9,9,9,9,9,9,9,9,9,1,1,1,1,1,5,5,5,5,5,1,1,1,5,1,1,1,1,5,1,1,1,1,1,1,1,1,1,1,1,5,1,9,9,9,9,9,9,9,9,9,9,9,9,9,9,9,9,1,5,5,5,5,5,1,1,1,5,1,1,1,1,5,1,1,1,1,1,1,1,1,1,9,9,9,9,9,9,9,9,9,9,9,9,9,9,9,1,5,5,5,5,5,1,1,1,5,1,1,1,1,5,1,1,1,1
Carmona Soto Lautaro,PC,1,1,1,1,1,5,5,5,5,5,1,1,1,5,1,9,1,1,1,1,1,1,1,1,1,1,1,1,1,1,5,1,9,9,9,9,9,9,9,9,9,9,9,9,9,9,9,9,1,1,1,1,1,5,5,5,5,5,1,1,1,5,1,9,1,1,1,1,1,1,1,1,1,1,1,1,1,1,5,1,9,9,9,9,9,9,9,9,9,9,9,9,9,9,9,9,1,5,5,5,5,5,1,1,1,5,1,9,1,1,1,1,1,1,1,1,1,1,1,1,9,9,9,9,9,9,9,9,9,9,9,9,9,9,9,1,5,5,5,5,5,1,1,1,5,1,9,1,1,1,1,1,1,1
Carvajal Ambiado Loreto,PPD,5,1,5,1,5,1,1,1,5,1,1,1,1,5,1,1,1,1,1,1,1,1,1,1,1,1,1,1,1,5,5,5,5,5,1,1,5,1,1,1,1,1,1,1,1,1,1,9,5,1,5,1,5,1,1,1,5,1,1,1,1,5,1,1,1,1,1,1,1,1,1,1,1,1,1,1,1,5,5,5,5,5,1,1,5,1,1,1,1,1,1,1,1,1,1,9,5,1,1,1,5,1,1,1,1,5,1,1,1,1,1,1,1,1,1,1,1,1,1,1,5,1,1,5,1,1,1,1,1,1,1,1,1,1,9,5,1,1,1,5,1,1,1,1,5,1,1,1,1,1,1,1,1,1
Castro González Juan Luis,PS,1,1,1,1,1,1,9,9,1,9,1,1,9,1,1,1,1,1,1,1,1,1,1,1,1,1,1,1,1,1,5,1,9,9,9,9,9,9,9,9,9,9,9,9,9,9,9,9,1,1,1,1,1,1,9,9,1,9,1,1,9,1,1,1,1,1,1,1,1,1,1,1,1,1,1,1,1,1,5,1,9,9,9,9,9,9,9,9,9,9,9,9,9,9,9,9,1,1,9,9,1,9,1,1,9,1,1,1,1,1,1,1,1,1,1,1,1,1,1,1,9,9,9,9,9,9,9,9,9,9,9,9,9,9,9,1,1,9,9,1,9,1,1,9,1,1,1,1,1,1,1,1,1,1
Ceroni Fuentes Guillermo,PPD,1,1,1,1,1,1,1,1,1,1,1,1,1,1,1,1,5,1,1,5,1,1,1,1,1,1,1,1,1,1,5,1,9,9,9,9,9,9,9,9,9,9,9,9,9,9,9,9,1,1,1,1,1,1,1,1,1,1,1,1,1,1,1,1,5,1,1,5,1,1,1,1,1,1,1,1,1,1,5,1,9,9,9,9,9,9,9,9,9,9,9,9,9,9,9,9,1,1,1,1,1,1,1,1,1,1,1,1,5,1,1,5,1,1,1,1,1,1,1,1,9,9,9,9,9,9,9,9,9,9,9,9,9,9,9,1,1,1,1,1,1,1,1,1,1,1,1,5,1,1,5,1,1,1
Chahin Valenzuela Fuad,DC,1,1,1,1,1,1,9,9,1,9,1,1,1,9,1,1,1,1,1,5,1,1,1,1,1,1,1,1,1,1,5,1,9,9,9,9,9,9,9,9,9,9,9,9,9,9,9,9,1,1,1,1,1,1,9,9,1,9,1,1,1,9,1,1,1,1,1,5,1,1,1,1,1,1,1,1,1,1,5,1,9,9,9,9,9,9,9,9,9,9,9,9,9,9,9,9,1,1,9,9,1,9,1,1,1,9,1,1,1,1,1,5,1,1,1,1,1,1,1,1,9,9,9,9,9,9,9,9,9,9,9,9,9,9,9,1,1,9,9,1,9,1,1,1,9,1,1,1,1,1,5,1,1,1
Chávez Velásquez Marcelo,DC,1,1,1,1,1,1,5,1,9,9,9,9,9,9,9,9,9,9,9,9,9,9,9,9,1,1,1,1,1,1,5,1,9,9,9,9,9,9,9,9,9,9,9,9,9,9,9,9,1,1,1,1,1,1,5,1,9,9,9,9,9,9,9,9,9,9,9,9,9,9,9,9,1,1,1,1,1,1,5,1,9,9,9,9,9,9,9,9,9,9,9,9,9,9,9,9,1,1,5,1,9,9,9,9,9,9,9,9,9,9,9,9,9,9,9,9,1,1,1,1,9,9,9,9,9,9,9,9,9,9,9,9,9,9,9,1,1,5,1,9,9,9,9,9,9,9,9,9,9,9,9,9,9,9
Cicardini Milla Daniella,PS,1,9,1,1,1,1,1,1,1,1,1,1,1,1,1,5,1,5,5,1,1,5,1,1,1,1,1,1,1,1,5,1,9,9,9,9,9,9,9,9,9,9,9,9,9,9,9,9,1,9,1,1,1,1,1,1,1,1,1,1,1,1,1,5,1,5,5,1,1,5,1,1,1,1,1,1,1,1,5,1,9,9,9,9,9,9,9,9,9,9,9,9,9,9,9,9,1,1,1,1,1,1,1,1,1,1,1,5,1,5,5,1,1,5,1,1,1,1,1,1,9,9,9,9,9,9,9,9,9,9,9,9,9,9,9,1,1,1,1,1,1,1,1,1,1,1,5,1,5,5,1,1,5,1
Coloma Alamos Juan Antonio,UDI,1,1,1,1,1,1,1,1,1,1,1,1,5,1,1,1,1,1,1,1,1,1,1,1,1,1,1,1,1,5,5,5,5,5,1,1,5,1,1,1,1,1,1,1,1,1,1,9,1,1,1,1,1,1,1,1,1,1,1,1,5,1,1,1,1,1,1,1,1,1,1,1,1,1,1,1,1,5,5,5,5,5,1,1,5,1,1,1,1,1,1,1,1,1,1,9,1,1,1,1,1,1,1,1,5,1,1,1,1,1,1,1,1,1,1,1,1,1,1,1,5,1,1,5,1,1,1,1,1,1,1,1,1,1,9,1,1,1,1,1,1,1,1,5,1,1,1,1,1,1,1,1,1,1
Cornejo González Aldo,DC,9,1,1,1,1,9,9,9,1,1,1,9,1,1,1,1,5,1,1,1,1,1,1,1,1,1,1,1,1,1,1,9,9,9,1,5,1,1,1,1,1,1,1,1,1,1,1,1,9,1,1,1,1,9,9,9,1,1,1,9,1,1,1,1,5,1,1,1,1,1,1,1,1,1,1,1,1,1,1,9,9,9,1,5,1,1,1,1,1,1,1,1,1,1,1,1,1,9,9,9,1,1,1,9,1,1,1,1,5,1,1,1,1,1,1,1,1,1,1,1,9,1,5,1,1,1,1,1,1,1,1,1,1,1,1,1,9,9,9,1,1,1,9,1,1,1,1,5,1,1,1,1,1,1
De Mussy Hiriart Felipe,UDI,1,1,1,1,1,1,1,1,1,1,1,1,5,1,1,1,1,1,1,1,1,1,1,1,1,1,1,1,1,1,1,1,1,1,1,1,5,1,1,1,1,1,1,1,1,9,9,1,1,1,1,1,1,1,1,1,1,1,1,1,5,1,1,1,1,1,1,1,1,1,1,1,1,1,1,1,1,1,1,1,1,1,1,1,5,1,1,1,1,1,1,1,1,9,9,1,1,1,1,1,1,1,1,1,5,1,1,1,1,1,1,1,1,1,1,1,1,1,1,1,1,1,1,5,1,1,1,1,1,1,1,1,9,9,1,1,1,1,1,1,1,1,1,5,1,1,1,1,1,1,1,1,1,1
Edwards Silva Rojo,IND,1,1,1,1,1,1,1,1,1,1,1,1,5,1,1,1,1,1,1,1,1,1,1,1,0,0,0,0,0,0,0,0,0,0,0,0,0,0,0,0,0,0,0,0,0,0,0,0,1,1,1,1,1,1,1,1,1,1,1,1,5,1,1,1,1,1,1,1,1,1,1,1,0,0,0,0,0,0,0,0,0,0,0,0,0,0,0,0,0,0,0,0,0,0,0,0,1,1,1,1,1,1,1,1,5,1,1,1,1,1,1,1,1,1,1,1,0,0,0,0,0,0,0,0,0,0,0,0,0,0,0,0,0,0,0,1,1,1,1,1,1,1,1,5,1,1,1,1,1,1,1,1,1,1
Espejo Yaksic Sergio,IND,1,1,1,1,1,1,1,9,1,1,1,1,1,1,1,1,1,1,1,1,9,9,9,9,1,1,1,1,1,1,1,1,1,1,1,1,1,1,1,1,1,1,1,1,1,1,1,9,1,1,1,1,1,1,1,9,1,1,1,1,1,1,1,1,1,1,1,1,9,9,9,9,1,1,1,1,1,1,1,1,1,1,1,1,1,1,1,1,1,1,1,1,1,1,1,9,1,1,1,9,1,1,1,1,1,1,1,1,1,1,1,1,9,9,9,9,1,1,1,1,1,1,1,1,1,1,1,1,1,1,1,1,1,1,9,1,1,1,9,1,1,1,1,1,1,1,1,1,1,1,1,9,9,9
Espinosa Monardes Marcos,PRSD,1,1,1,1,1,1,1,1,1,1,1,1,1,5,1,1,1,1,1,1,1,1,1,1,1,1,1,1,1,9,9,5,5,9,1,1,1,9,1,1,1,1,5,1,1,1,1,1,1,1,1,1,1,1,1,1,1,1,1,1,1,5,1,1,1,1,1,1,1,1,1,1,1,1,1,1,1,9,9,5,5,9,1,1,1,9,1,1,1,1,5,1,1,1,1,1,1,1,1,1,1,1,1,1,1,5,1,1,1,1,1,1,1,1,1,1,1,1,1,1,9,1,1,1,9,1,1,1,1,5,1,1,1,1,1,1,1,1,1,1,1,1,1,1,5,1,1,1,1,1,1,1,1,1
Espinoza Sandoval Fidel,PS,1,1,1,1,1,1,1,1,1,1,1,1,1,1,1,1,5,1,5,5,1,1,5,1,1,1,1,1,1,1,1,1,1,1,1,1,1,5,1,1,1,1,1,1,1,1,1,1,1,1,1,1,1,1,1,1,1,1,1,1,1,1,1,1,5,1,5,5,1,1,5,1,1,1,1,1,1,1,1,1,1,1,1,1,1,5,1,1,1,1,1,1,1,1,1,1,1,1,1,1,1,1,1,1,1,1,1,1,5,1,5,5,1,1,5,1,1,1,1,1,1,1,1,1,5,1,1,1,1,1,1,1,1,1,1,1,1,1,1,1,1,1,1,1,1,1,1,5,1,5,5,1,1,5
Farcas Guendelman Daniel,PPD,1,9,1,1,1,5,1,1,1,9,1,1,1,1,1,1,1,1,1,1,1,1,1,1,1,1,1,1,1,1,1,1,1,1,1,1,1,1,1,1,1,1,5,1,1,9,1,1,1,9,1,1,1,5,1,1,1,9,1,1,1,1,1,1,1,1,1,1,1,1,1,1,1,1,1,1,1,1,1,1,1,1,1,1,1,1,1,1,1,1,5,1,1,9,1,1,1,5,1,1,1,9,1,1,1,1,1,1,1,1,1,1,1,1,1,1,1,1,1,1,1,1,1,1,1,1,1,1,1,5,1,1,9,1,1,1,5,1,1,1,9,1,1,1,1,1,1,1,1,1,1,1,1,1
Farías Ponce Ramón,PPD,1,1,1,1,1,9,1,1,1,1,1,1,1,9,1,1,1,1,9,1,1,1,1,1,1,1,1,1,1,1,1,1,1,1,1,1,5,1,1,1,1,1,1,1,1,1,5,1,1,1,1,1,1,9,1,1,1,1,1,1,1,9,1,1,1,1,9,1,1,1,1,1,1,1,1,1,1,1,1,1,1,1,1,1,5,1,1,1,1,1,1,1,1,1,5,1,1,9,1,1,1,1,1,1,1,9,1,1,1,1,9,1,1,1,1,1,1,1,1,1,1,1,1,5,1,1,1,1,1,1,1,1,1,5,1,1,9,1,1,1,1,1,1,1,9,1,1,1,1,9,1,1,1,1
Fernández Allende Maya,PS,1,1,1,1,1,5,9,9,9,9,1,1,1,5,1,1,1,1,5,1,1,1,1,1,1,1,1,1,1,1,1,1,1,1,5,1,9,1,5,1,1,1,1,1,1,1,1,1,1,1,1,1,1,5,9,9,9,9,1,1,1,5,1,1,1,1,5,1,1,1,1,1,1,1,1,1,1,1,1,1,1,1,5,1,9,1,5,1,1,1,1,1,1,1,1,1,1,5,9,9,9,9,1,1,1,5,1,1,1,1,5,1,1,1,1,1,1,1,1,1,1,5,1,9,1,5,1,1,1,1,1,1,1,1,1,1,5,9,9,9,9,1,1,1,5,1,1,1,1,5,1,1,1,1
Flores García Iván,DC,1,1,1,1,1,1,1,1,1,1,1,1,1,1,1,1,1,1,5,1,1,1,1,9,5,1,1,1,1,1,1,1,1,1,1,1,1,1,5,1,9,1,5,1,1,1,1,1,1,1,1,1,1,1,1,1,1,1,1,1,1,1,1,1,1,1,5,1,1,1,1,9,5,1,1,1,1,1,1,1,1,1,1,1,1,1,5,1,9,1,5,1,1,1,1,1,1,1,1,1,1,1,1,1,1,1,1,1,1,1,5,1,1,1,1,9,5,1,1,1,1,1,1,1,1,5,1,9,1,5,1,1,1,1,1,1,1,1,1,1,1,1,1,1,1,1,1,1,1,5,1,1,1,1
Fuentes Castillo Iván,IND,1,1,1,1,1,1,1,1,9,1,1,1,1,9,1,1,1,1,5,1,1,1,1,1,1,1,1,1,1,1,1,5,5,5,1,1,1,5,1,1,1,1,1,1,1,1,1,1,1,1,1,1,1,1,1,1,9,1,1,1,1,9,1,1,1,1,5,1,1,1,1,1,1,1,1,1,1,1,1,5,5,5,1,1,1,5,1,1,1,1,1,1,1,1,1,1,1,1,1,1,9,1,1,1,1,9,1,1,1,1,5,1,1,1,1,1,1,1,1,1,5,1,1,1,5,1,1,1,1,1,1,1,1,1,1,1,1,1,1,9,1,1,1,1,9,1,1,1,1,5,1,1,1,1
Fuenzalida Figueroa Gonzalo,RN,1,1,1,1,1,1,1,1,1,1,1,1,1,1,1,1,1,1,1,1,1,1,1,1,5,1,1,1,1,1,1,1,1,1,1,1,9,1,1,1,1,1,1,1,1,9,1,1,1,1,1,1,1,1,1,1,1,1,1,1,1,1,1,1,1,1,1,1,1,1,1,1,5,1,1,1,1,1,1,1,1,1,1,1,9,1,1,1,1,1,1,1,1,9,1,1,1,1,1,1,1,1,1,1,1,1,1,1,1,1,1,1,1,1,1,1,5,1,1,1,1,1,1,9,1,1,1,1,1,1,1,1,9,1,1,1,1,1,1,1,1,1,1,1,1,1,1,1,1,1,1,1,1,1
Gahona Salazar Sergio,UDI,1,1,1,1,1,1,1,1,1,1,1,1,5,1,1,1,1,1,1,1,1,1,1,1,1,1,1,1,1,1,1,9,9,9,1,1,1,9,1,1,1,1,5,1,1,1,1,1,1,1,1,1,1,1,1,1,1,1,1,1,5,1,1,1,1,1,1,1,1,1,1,1,1,1,1,1,1,1,1,9,9,9,1,1,1,9,1,1,1,1,5,1,1,1,1,1,1,1,1,1,1,1,1,1,5,1,1,1,1,1,1,1,1,1,1,1,1,1,1,1,9,1,1,1,9,1,1,1,1,5,1,1,1,1,1,1,1,1,1,1,1,1,1,5,1,1,1,1,1,1,1,1,1,1
García García René Manuel,RN,1,1,1,1,1,1,1,1,1,1,1,1,5,1,1,1,1,1,1,1,1,1,1,1,1,1,1,1,1,1,1,1,1,1,1,1,5,1,1,1,1,1,1,1,1,9,9,1,1,1,1,1,1,1,1,1,1,1,1,1,5,1,1,1,1,1,1,1,1,1,1,1,1,1,1,1,1,1,1,1,1,1,1,1,5,1,1,1,1,1,1,1,1,9,9,1,1,1,1,1,1,1,1,1,5,1,1,1,1,1,1,1,1,1,1,1,1,1,1,1,1,1,1,5,1,1,1,1,1,1,1,1,9,9,1,1,1,1,1,1,1,1,1,5,1,1,1,1,1,1,1,1,1,1
Girardi Lavín Cristina,PPD,5,5,5,5,1,1,1,1,1,1,5,1,1,1,1,1,1,1,1,1,1,1,1,1,1,1,1,1,1,1,1,1,1,1,1,5,1,1,1,1,1,1,1,1,1,9,9,1,5,5,5,5,1,1,1,1,1,1,5,1,1,1,1,1,1,1,1,1,1,1,1,1,1,1,1,1,1,1,1,1,1,1,1,5,1,1,1,1,1,1,1,1,1,9,9,1,1,1,1,1,1,1,5,1,1,1,1,1,1,1,1,1,1,1,1,1,1,1,1,1,1,1,5,1,1,1,1,1,1,1,1,1,9,9,1,1,1,1,1,1,1,5,1,1,1,1,1,1,1,1,1,1,1,1
Godoy Ibáñez Joaquín,AMPL,1,1,1,1,1,1,1,1,1,1,1,1,1,9,1,1,1,1,9,1,1,1,1,1,1,1,1,1,1,5,5,5,5,5,1,1,1,9,1,1,5,1,1,9,1,1,1,1,1,1,1,1,1,1,1,1,1,1,1,1,1,9,1,1,1,1,9,1,1,1,1,1,1,1,1,1,1,5,5,5,5,5,1,1,1,9,1,1,5,1,1,9,1,1,1,1,1,1,1,1,1,1,1,1,1,9,1,1,1,1,9,1,1,1,1,1,1,1,1,1,5,1,1,1,9,1,1,5,1,1,9,1,1,1,1,1,1,1,1,1,1,1,1,1,9,1,1,1,1,9,1,1,1,1
González Torres Rodrigo,PPD,1,5,1,1,1,1,1,1,1,1,1,1,1,1,1,1,1,1,5,5,5,1,5,5,1,1,1,1,1,1,1,1,1,1,1,1,1,9,1,1,1,1,1,1,1,1,1,1,1,5,1,1,1,1,1,1,1,1,1,1,1,1,1,1,1,1,5,5,5,1,5,5,1,1,1,1,1,1,1,1,1,1,1,1,1,9,1,1,1,1,1,1,1,1,1,1,1,1,1,1,1,1,1,1,1,1,1,1,1,1,5,5,5,1,5,5,1,1,1,1,1,1,1,1,9,1,1,1,1,1,1,1,1,1,1,1,1,1,1,1,1,1,1,1,1,1,1,1,1,5,5,5,1,5
Gutiérrez Gálvez Hugo,PC,1,1,1,1,1,5,5,5,5,5,1,1,1,5,1,1,1,1,5,1,1,1,1,1,1,1,1,1,1,1,1,1,1,1,1,5,1,1,1,1,1,1,1,1,1,1,1,1,1,1,1,1,1,5,5,5,5,5,1,1,1,5,1,1,1,1,5,1,1,1,1,1,1,1,1,1,1,1,1,1,1,1,1,5,1,1,1,1,1,1,1,1,1,1,1,1,1,5,5,5,5,5,1,1,1,5,1,1,1,1,5,1,1,1,1,1,1,1,1,1,1,1,5,1,1,1,1,1,1,1,1,1,1,1,1,1,5,5,5,5,5,1,1,1,5,1,1,1,1,5,1,1,1,1
Gutiérrez Pino Romilio,UDI,0,0,0,1,9,1,1,1,1,1,1,5,1,9,1,5,1,1,1,1,1,1,1,1,1,1,1,1,1,1,1,1,9,1,1,1,1,9,1,1,1,1,5,1,1,1,1,1,0,0,0,1,9,1,1,1,1,1,1,5,1,9,1,5,1,1,1,1,1,1,1,1,1,1,1,1,1,1,1,1,9,1,1,1,1,9,1,1,1,1,5,1,1,1,1,1,9,1,1,1,1,1,1,5,1,9,1,5,1,1,1,1,1,1,1,1,1,1,1,1,1,1,1,1,9,1,1,1,1,5,1,1,1,1,1,9,1,1,1,1,1,1,5,1,9,1,5,1,1,1,1,1,1,1
Hasbún Selume Gustavo,UDI,1,1,1,1,1,1,1,1,1,1,1,1,5,1,1,1,1,1,1,1,1,9,9,1,1,1,1,1,1,1,1,1,1,1,1,1,1,5,1,1,1,1,1,1,1,1,1,1,1,1,1,1,1,1,1,1,1,1,1,1,5,1,1,1,1,1,1,1,1,9,9,1,1,1,1,1,1,1,1,1,1,1,1,1,1,5,1,1,1,1,1,1,1,1,1,1,1,1,1,1,1,1,1,1,5,1,1,1,1,1,1,1,1,9,9,1,1,1,1,1,1,1,1,1,5,1,1,1,1,1,1,1,1,1,1,1,1,1,1,1,1,1,1,5,1,1,1,1,1,1,1,1,9,9
Hernández Hernández Javier,UDI,1,1,1,1,1,1,1,1,1,1,1,1,5,1,1,1,1,1,1,1,1,1,1,1,1,1,1,1,1,5,5,5,5,5,1,1,5,1,1,1,1,5,1,1,1,1,1,1,1,1,1,1,1,1,1,1,1,1,1,1,5,1,1,1,1,1,1,1,1,1,1,1,1,1,1,1,1,5,5,5,5,5,1,1,5,1,1,1,1,5,1,1,1,1,1,1,1,1,1,1,1,1,1,1,5,1,1,1,1,1,1,1,1,1,1,1,1,1,1,1,5,1,1,5,1,1,1,1,5,1,1,1,1,1,1,1,1,1,1,1,1,1,1,5,1,1,1,1,1,1,1,1,1,1
Hernando Pérez Marcela,PRSD,1,1,1,1,1,1,1,1,1,1,1,1,1,5,1,1,1,1,1,1,1,1,1,1,1,1,1,1,1,5,5,5,5,5,1,1,1,5,1,1,1,0,0,0,0,1,1,1,1,1,1,1,1,1,1,1,1,1,1,1,1,5,1,1,1,1,1,1,1,1,1,1,1,1,1,1,1,5,5,5,5,5,1,1,1,5,1,1,1,0,0,0,0,1,1,1,1,1,1,1,1,1,1,1,1,5,1,1,1,1,1,1,1,1,1,1,1,1,1,1,5,1,1,1,5,1,1,1,0,0,0,0,1,1,1,1,1,1,1,1,1,1,1,1,5,1,1,1,1,1,1,1,1,1
Hoffmann Opazo María José,UDI,1,1,1,1,1,1,1,5,1,1,1,1,1,1,9,9,1,1,1,1,1,5,1,9,1,1,1,1,1,1,1,1,1,1,1,1,5,1,1,1,1,1,1,1,1,1,1,1,1,1,1,1,1,1,1,5,1,1,1,1,1,1,9,9,1,1,1,1,1,5,1,9,1,1,1,1,1,1,1,1,1,1,1,1,5,1,1,1,1,1,1,1,1,1,1,1,1,1,1,5,1,1,1,1,1,1,9,9,1,1,1,1,1,5,1,9,1,1,1,1,1,1,1,5,1,1,1,1,1,1,1,1,1,1,1,1,1,1,5,1,1,1,1,1,1,9,9,1,1,1,1,1,5,1
Alvarado Ramírez Miguel Ángel,PPD,1,9,1,1,1,1,1,1,1,1,1,1,1,5,1,1,1,1,5,1,1,1,1,1,1,1,1,1,1,1,1,1,1,1,1,1,1,5,1,1,1,1,1,1,1,1,1,1,1,9,1,1,1,1,1,1,1,1,1,1,1,5,1,1,1,1,5,1,1,1,1,1,1,1,1,1,1,1,1,1,1,1,1,1,1,5,1,1,1,1,1,1,1,1,1,1,1,1,1,1,1,1,1,1,1,5,1,1,1,1,5,1,1,1,1,1,1,1,1,1,1,1,1,1,5,1,1,1,1,1,1,1,1,1,1,1,1,1,1,1,1,1,1,1,5,1,1,1,1,5,1,1,1,1
Jackson Drago Giorgio,REVD,1,1,1,1,5,9,9,9,9,9,1,1,1,1,1,1,1,1,5,1,1,1,1,1,1,1,1,1,1,1,1,1,1,1,1,1,1,1,1,1,1,1,5,1,1,1,1,9,1,1,1,1,5,9,9,9,9,9,1,1,1,1,1,1,1,1,5,1,1,1,1,1,1,1,1,1,1,1,1,1,1,1,1,1,1,1,1,1,1,1,5,1,1,1,1,9,5,9,9,9,9,9,1,1,1,1,1,1,1,1,5,1,1,1,1,1,1,1,1,1,1,1,1,1,1,1,1,1,1,5,1,1,1,1,9,5,9,9,9,9,9,1,1,1,1,1,1,1,1,5,1,1,1,1
Jaramillo Becker Enrique,PPD,1,1,1,1,1,1,1,1,1,1,1,1,1,5,1,1,1,1,1,1,1,1,1,1,1,1,1,1,1,1,1,1,9,1,1,1,1,9,1,1,1,1,5,1,1,1,1,1,1,1,1,1,1,1,1,1,1,1,1,1,1,5,1,1,1,1,1,1,1,1,1,1,1,1,1,1,1,1,1,1,9,1,1,1,1,9,1,1,1,1,5,1,1,1,1,1,1,1,1,1,1,1,1,1,1,5,1,1,1,1,1,1,1,1,1,1,1,1,1,1,1,1,1,1,9,1,1,1,1,5,1,1,1,1,1,1,1,1,1,1,1,1,1,1,5,1,1,1,1,1,1,1,1,1
Jarpa Wevar Carlos Abel,PRSD,1,1,1,1,1,1,1,1,1,1,1,1,1,1,1,1,1,1,1,1,1,1,1,1,1,1,1,1,1,1,1,1,1,1,1,1,1,1,1,1,1,1,1,1,1,1,1,1,1,1,1,1,1,1,1,1,1,1,1,1,1,1,1,1,1,1,1,1,1,1,1,1,1,1,1,1,1,1,1,1,1,1,1,1,1,1,1,1,1,1,1,1,1,1,1,1,1,1,1,1,1,1,1,1,1,1,1,1,1,1,1,1,1,1,1,1,1,1,1,1,1,1,1,1,1,1,1,1,1,1,1,1,1,1,1,1,1,1,1,1,1,1,1,1,1,1,1,1,1,1,1,1,1,1
Jiménez Fuentes Tucapel,PPD,1,1,1,1,1,1,1,1,1,1,1,1,1,9,1,1,1,1,5,1,1,1,1,1,1,1,1,1,1,1,1,1,1,1,1,1,5,1,1,1,1,1,1,1,1,1,1,1,1,1,1,1,1,1,1,1,1,1,1,1,1,9,1,1,1,1,5,1,1,1,1,1,1,1,1,1,1,1,1,1,1,1,1,1,5,1,1,1,1,1,1,1,1,1,1,1,1,1,1,1,1,1,1,1,1,9,1,1,1,1,5,1,1,1,1,1,1,1,1,1,1,1,1,5,1,1,1,1,1,1,1,1,1,1,1,1,1,1,1,1,1,1,1,1,9,1,1,1,1,5,1,1,1,1
Kast Rist José Antonio,IND,0,0,0,0,0,0,0,0,0,0,0,0,0,0,0,0,0,0,0,0,0,0,0,0,1,1,1,1,1,1,1,1,1,1,1,1,5,1,1,1,1,1,1,1,1,1,1,1,0,0,0,0,0,0,0,0,0,0,0,0,0,0,0,0,0,0,0,0,0,0,0,0,1,1,1,1,1,1,1,1,1,1,1,1,5,1,1,1,1,1,1,1,1,1,1,1,0,0,0,0,0,0,0,0,0,0,0,0,0,0,0,0,0,0,0,0,1,1,1,1,1,1,1,5,1,1,1,1,1,1,1,1,1,1,1,0,0,0,0,0,0,0,0,0,0,0,0,0,0,0,0,0,0,0
Kast Sommerhoff Felipe,EVOP,1,1,1,1,1,1,1,1,1,1,1,1,5,1,1,1,1,1,1,1,1,1,1,1,5,5,5,5,1,1,1,1,1,1,5,1,1,1,1,1,1,1,1,1,1,1,1,1,1,1,1,1,1,1,1,1,1,1,1,1,5,1,1,1,1,1,1,1,1,1,1,1,5,5,5,5,1,1,1,1,1,1,5,1,1,1,1,1,1,1,1,1,1,1,1,1,1,1,1,1,1,1,1,1,5,1,1,1,1,1,1,1,1,1,1,1,5,5,5,5,1,5,1,1,1,1,1,1,1,1,1,1,1,1,1,1,1,1,1,1,1,1,1,5,1,1,1,1,1,1,1,1,1,1
Kort Garriga Issa,UDI,0,0,0,0,0,0,0,0,0,0,0,1,9,9,1,1,1,1,0,0,0,0,0,0,1,1,1,1,1,1,1,1,1,1,1,1,1,9,1,1,1,1,9,1,1,1,1,1,0,0,0,0,0,0,0,0,0,0,0,1,9,9,1,1,1,1,0,0,0,0,0,0,1,1,1,1,1,1,1,1,1,1,1,1,1,9,1,1,1,1,9,1,1,1,1,1,0,0,0,0,0,0,0,1,9,9,1,1,1,1,0,0,0,0,0,0,1,1,1,1,1,1,1,1,9,1,1,1,1,9,1,1,1,1,1,0,0,0,0,0,0,0,1,9,9,1,1,1,1,0,0,0,0,0
Lavín León Joaquín,UDI,5,1,1,1,1,1,1,1,1,9,1,1,1,1,1,1,5,1,9,1,5,1,1,1,1,5,1,1,1,1,1,1,1,1,1,1,1,1,1,1,1,1,5,5,5,1,5,5,5,1,1,1,1,1,1,1,1,9,1,1,1,1,1,1,5,1,9,1,5,1,1,1,1,5,1,1,1,1,1,1,1,1,1,1,1,1,1,1,1,1,5,5,5,1,5,5,1,1,1,1,1,9,1,1,1,1,1,1,5,1,9,1,5,1,1,1,1,5,1,1,1,1,1,1,1,1,1,1,1,5,5,5,1,5,5,1,1,1,1,1,9,1,1,1,1,1,1,5,1,9,1,5,1,1
Lemus Aracena Luis,PS,1,1,1,1,1,9,9,9,9,9,1,1,1,9,1,1,1,1,9,9,1,1,1,1,1,1,1,1,1,5,5,5,5,5,1,1,1,5,1,1,1,1,5,1,1,1,1,1,1,1,1,1,1,9,9,9,9,9,1,1,1,9,1,1,1,1,9,9,1,1,1,1,1,1,1,1,1,5,5,5,5,5,1,1,1,5,1,1,1,1,5,1,1,1,1,1,1,9,9,9,9,9,1,1,1,9,1,1,1,1,9,9,1,1,1,1,1,1,1,1,5,1,1,1,5,1,1,1,1,5,1,1,1,1,1,1,9,9,9,9,9,1,1,1,9,1,1,1,1,9,9,1,1,1
León Ramírez Roberto,DC,1,1,1,1,1,1,1,1,1,1,1,1,1,5,1,1,1,1,1,1,1,1,1,1,0,0,0,1,9,1,1,1,1,1,1,5,1,9,1,5,1,1,1,1,1,1,1,1,1,1,1,1,1,1,1,1,1,1,1,1,1,5,1,1,1,1,1,1,1,1,1,1,0,0,0,1,9,1,1,1,1,1,1,5,1,9,1,5,1,1,1,1,1,1,1,1,1,1,1,1,1,1,1,1,1,5,1,1,1,1,1,1,1,1,1,1,0,0,0,1,1,1,5,1,9,1,5,1,1,1,1,1,1,1,1,1,1,1,1,1,1,1,1,1,5,1,1,1,1,1,1,1,1,1
Letelier Norambuena Felipe,PPD,1,9,1,1,1,9,9,1,9,1,1,1,1,1,1,1,5,1,1,1,1,1,1,1,1,1,1,1,1,1,1,1,1,1,1,1,5,1,1,1,1,1,1,1,1,9,9,1,1,9,1,1,1,9,9,1,9,1,1,1,1,1,1,1,5,1,1,1,1,1,1,1,1,1,1,1,1,1,1,1,1,1,1,1,5,1,1,1,1,1,1,1,1,9,9,1,1,9,9,1,9,1,1,1,1,1,1,1,5,1,1,1,1,1,1,1,1,1,1,1,1,1,1,5,1,1,1,1,1,1,1,1,9,9,1,1,9,9,1,9,1,1,1,1,1,1,1,5,1,1,1,1,1,1
Lorenzini Basso Pablo,DC,1,1,1,1,1,1,1,9,9,9,1,5,1,1,1,1,1,1,1,1,1,1,1,1,1,1,1,1,1,1,1,1,1,1,1,1,5,1,1,1,1,1,1,1,1,1,1,1,1,1,1,1,1,1,1,9,9,9,1,5,1,1,1,1,1,1,1,1,1,1,1,1,1,1,1,1,1,1,1,1,1,1,1,1,5,1,1,1,1,1,1,1,1,1,1,1,1,1,1,9,9,9,1,5,1,1,1,1,1,1,1,1,1,1,1,1,1,1,1,1,1,1,1,5,1,1,1,1,1,1,1,1,1,1,1,1,1,1,9,9,9,1,5,1,1,1,1,1,1,1,1,1,1,1
Macaya Danús Javier,UDI,1,1,1,1,1,1,1,1,1,1,1,1,5,1,1,1,1,1,1,1,1,9,9,1,1,1,1,1,1,5,5,5,5,5,1,1,1,5,1,1,1,1,5,1,1,1,1,1,1,1,1,1,1,1,1,1,1,1,1,1,5,1,1,1,1,1,1,1,1,9,9,1,1,1,1,1,1,5,5,5,5,5,1,1,1,5,1,1,1,1,5,1,1,1,1,1,1,1,1,1,1,1,1,1,5,1,1,1,1,1,1,1,1,9,9,1,1,1,1,1,5,1,1,1,5,1,1,1,1,5,1,1,1,1,1,1,1,1,1,1,1,1,1,5,1,1,1,1,1,1,1,1,9,9
Martínez Labbé Rosauro,RN,0,0,0,0,0,0,0,0,0,0,0,0,0,0,0,0,0,0,0,0,0,0,0,0,1,1,1,1,9,1,1,9,9,9,1,1,5,1,1,1,1,1,1,1,1,1,1,1,0,0,0,0,0,0,0,0,0,0,0,0,0,0,0,0,0,0,0,0,0,0,0,0,1,1,1,1,9,1,1,9,9,9,1,1,5,1,1,1,1,1,1,1,1,1,1,1,0,0,0,0,0,0,0,0,0,0,0,0,0,0,0,0,0,0,0,0,1,1,1,1,9,1,1,5,1,1,1,1,1,1,1,1,1,1,1,0,0,0,0,0,0,0,0,0,0,0,0,0,0,0,0,0,0,0
Melero Abaroa Patricio,UDI,1,1,1,1,1,1,1,1,1,1,1,1,1,1,1,1,1,1,1,1,1,1,1,9,1,1,1,1,1,1,5,1,1,9,1,1,1,1,1,1,1,1,1,1,9,1,1,1,1,1,1,1,1,1,1,1,1,1,1,1,1,1,1,1,1,1,1,1,1,1,1,9,1,1,1,1,1,1,5,1,1,9,1,1,1,1,1,1,1,1,1,1,9,1,1,1,1,1,1,1,1,1,1,1,1,1,1,1,1,1,1,1,1,1,1,9,1,1,1,1,9,1,1,1,1,1,1,1,1,1,1,9,1,1,1,1,1,1,1,1,1,1,1,1,1,1,1,1,1,1,1,1,1,1
Melo Contreras Daniel,PS,1,1,1,1,1,9,9,5,5,9,1,1,1,9,1,1,1,1,5,1,1,1,1,1,1,1,1,1,1,1,1,1,1,9,1,1,1,1,1,1,1,1,1,1,1,9,9,9,1,1,1,1,1,9,9,5,5,9,1,1,1,9,1,1,1,1,5,1,1,1,1,1,1,1,1,1,1,1,1,1,1,9,1,1,1,1,1,1,1,1,1,1,1,9,9,9,1,9,9,5,5,9,1,1,1,9,1,1,1,1,5,1,1,1,1,1,1,1,1,1,9,1,1,1,1,1,1,1,1,1,1,1,9,9,9,1,9,9,5,5,9,1,1,1,9,1,1,1,1,5,1,1,1,1
Meza Moncada Fernando,PRSD,1,1,1,1,1,1,1,1,1,1,1,1,1,5,1,1,1,1,1,1,1,1,1,1,1,1,1,1,9,9,9,9,1,1,1,1,1,1,1,1,1,1,1,1,1,1,1,1,1,1,1,1,1,1,1,1,1,1,1,1,1,5,1,1,1,1,1,1,1,1,1,1,1,1,1,1,9,9,9,9,1,1,1,1,1,1,1,1,1,1,1,1,1,1,1,1,1,1,1,1,1,1,1,1,1,5,1,1,1,1,1,1,1,1,1,1,1,1,1,1,1,1,1,1,1,1,1,1,1,1,1,1,1,1,1,1,1,1,1,1,1,1,1,1,5,1,1,1,1,1,1,1,1,1
Mirosevic Verdugo Vlado,PL,1,1,1,1,1,1,1,1,1,1,1,1,1,1,1,1,1,1,5,1,1,9,1,1,1,1,1,1,1,5,5,5,5,5,1,1,1,1,1,1,5,1,1,1,1,1,1,1,1,1,1,1,1,1,1,1,1,1,1,1,1,1,1,1,1,1,5,1,1,9,1,1,1,1,1,1,1,5,5,5,5,5,1,1,1,1,1,1,5,1,1,1,1,1,1,1,1,1,1,1,1,1,1,1,1,1,1,1,1,1,5,1,1,9,1,1,1,1,1,1,5,1,1,1,1,1,1,5,1,1,1,1,1,1,1,1,1,1,1,1,1,1,1,1,1,1,1,1,1,5,1,1,9,1
Molina Oliva Andrea,UDI,1,1,1,1,1,1,1,1,1,1,1,1,5,1,1,1,1,1,1,1,1,1,5,1,1,1,1,1,1,1,1,1,1,1,1,1,5,1,1,1,1,1,1,1,1,9,1,1,1,1,1,1,1,1,1,1,1,1,1,1,5,1,1,1,1,1,1,1,1,1,5,1,1,1,1,1,1,1,1,1,1,1,1,1,5,1,1,1,1,1,1,1,1,9,1,1,1,1,1,1,1,1,1,1,5,1,1,1,1,1,1,1,1,1,5,1,1,1,1,1,1,1,1,5,1,1,1,1,1,1,1,1,9,1,1,1,1,1,1,1,1,1,1,5,1,1,1,1,1,1,1,1,1,5
Monckeberg Bruner Cristián,RN,1,1,1,1,1,1,1,1,1,1,5,1,9,1,5,1,1,1,1,1,1,1,1,1,1,1,1,1,1,1,1,1,1,1,1,1,1,5,1,1,1,1,1,1,1,1,1,1,1,1,1,1,1,1,1,1,1,1,5,1,9,1,5,1,1,1,1,1,1,1,1,1,1,1,1,1,1,1,1,1,1,1,1,1,1,5,1,1,1,1,1,1,1,1,1,1,1,1,1,1,1,1,5,1,9,1,5,1,1,1,1,1,1,1,1,1,1,1,1,1,1,1,1,1,5,1,1,1,1,1,1,1,1,1,1,1,1,1,1,1,1,5,1,9,1,5,1,1,1,1,1,1,1,1
Monckeberg Díaz Nicolás,RN,5,1,1,1,1,1,1,1,1,1,1,1,1,1,5,1,9,1,5,1,1,1,1,1,1,1,1,1,1,1,1,1,1,1,1,1,5,1,1,1,1,1,1,1,1,1,1,1,5,1,1,1,1,1,1,1,1,1,1,1,1,1,5,1,9,1,5,1,1,1,1,1,1,1,1,1,1,1,1,1,1,1,1,1,5,1,1,1,1,1,1,1,1,1,1,1,1,1,1,1,1,1,1,1,1,1,5,1,9,1,5,1,1,1,1,1,1,1,1,1,1,1,1,5,1,1,1,1,1,1,1,1,1,1,1,1,1,1,1,1,1,1,1,1,1,5,1,9,1,5,1,1,1,1
Monsalve Benavides Manuel,PS,1,1,1,1,1,1,1,5,5,5,1,1,1,5,1,1,1,1,1,1,1,1,1,1,1,1,1,1,9,9,9,9,9,5,1,1,1,1,1,1,1,1,1,5,1,1,1,1,1,1,1,1,1,1,1,5,5,5,1,1,1,5,1,1,1,1,1,1,1,1,1,1,1,1,1,1,9,9,9,9,9,5,1,1,1,1,1,1,1,1,1,5,1,1,1,1,1,1,1,5,5,5,1,1,1,5,1,1,1,1,1,1,1,1,1,1,1,1,1,1,5,1,1,1,1,1,1,1,1,1,5,1,1,1,1,1,1,1,5,5,5,1,1,1,5,1,1,1,1,1,1,1,1,1
Morales Muñoz Celso,UDI,5,1,1,1,1,1,1,1,1,1,1,1,9,1,1,1,1,1,1,1,1,9,1,1,1,1,1,1,1,9,5,5,5,5,1,1,1,9,1,1,1,1,1,1,1,1,1,1,5,1,1,1,1,1,1,1,1,1,1,1,9,1,1,1,1,1,1,1,1,9,1,1,1,1,1,1,1,9,5,5,5,5,1,1,1,9,1,1,1,1,1,1,1,1,1,1,1,1,1,1,1,1,1,1,9,1,1,1,1,1,1,1,1,9,1,1,1,1,1,1,5,1,1,1,9,1,1,1,1,1,1,1,1,1,1,1,1,1,1,1,1,1,1,9,1,1,1,1,1,1,1,1,9,1
Morano Cornejo Juan Enrique,DC,1,1,1,1,1,1,1,9,9,9,1,1,1,9,1,1,1,1,5,1,1,1,1,1,1,1,1,1,1,1,1,1,1,1,1,1,5,1,1,1,1,1,1,1,1,1,1,1,1,1,1,1,1,1,1,9,9,9,1,1,1,9,1,1,1,1,5,1,1,1,1,1,1,1,1,1,1,1,1,1,1,1,1,1,5,1,1,1,1,1,1,1,1,1,1,1,1,1,1,9,9,9,1,1,1,9,1,1,1,1,5,1,1,1,1,1,1,1,1,1,1,1,1,5,1,1,1,1,1,1,1,1,1,1,1,1,1,1,9,9,9,1,1,1,9,1,1,1,1,5,1,1,1,1
Nogueira Fernández Claudia,UDI,1,1,1,1,1,1,1,1,1,1,1,1,5,1,1,1,1,1,1,1,1,9,9,1,1,1,1,1,1,1,1,1,1,1,1,1,1,1,1,1,1,1,1,1,1,1,1,1,1,1,1,1,1,1,1,1,1,1,1,1,5,1,1,1,1,1,1,1,1,9,9,1,1,1,1,1,1,1,1,1,1,1,1,1,1,1,1,1,1,1,1,1,1,1,1,1,1,1,1,1,1,1,1,1,5,1,1,1,1,1,1,1,1,9,9,1,1,1,1,1,1,1,1,1,1,1,1,1,1,1,1,1,1,1,1,1,1,1,1,1,1,1,1,5,1,1,1,1,1,1,1,1,9,9
Norambuena Farías Iván,UDI,1,1,1,1,1,1,1,1,1,1,1,5,1,1,1,1,1,1,1,1,1,9,9,1,1,1,1,1,1,5,5,5,5,5,1,1,1,9,1,1,1,1,1,1,1,1,1,1,1,1,1,1,1,1,1,1,1,1,1,5,1,1,1,1,1,1,1,1,1,9,9,1,1,1,1,1,1,5,5,5,5,5,1,1,1,9,1,1,1,1,1,1,1,1,1,1,1,1,1,1,1,1,1,5,1,1,1,1,1,1,1,1,1,9,9,1,1,1,1,1,5,1,1,1,9,1,1,1,1,1,1,1,1,1,1,1,1,1,1,1,1,1,5,1,1,1,1,1,1,1,1,1,9,9
Núñez Arancibia Daniel,PC,1,1,1,1,1,5,5,5,5,5,1,1,1,9,1,1,5,1,1,9,1,1,1,1,1,1,1,1,1,1,1,1,1,1,1,1,1,1,1,1,1,1,1,9,1,1,1,1,1,1,1,1,1,5,5,5,5,5,1,1,1,9,1,1,5,1,1,9,1,1,1,1,1,1,1,1,1,1,1,1,1,1,1,1,1,1,1,1,1,1,1,9,1,1,1,1,1,5,5,5,5,5,1,1,1,9,1,1,5,1,1,9,1,1,1,1,1,1,1,1,1,1,1,1,1,1,1,1,1,1,9,1,1,1,1,1,5,5,5,5,5,1,1,1,9,1,1,5,1,1,9,1,1,1
Núñez Lozano Marco Antonio,PPC,1,1,1,1,1,1,1,1,1,1,1,1,1,9,1,1,1,1,1,1,1,1,1,1,1,1,1,1,1,1,1,1,1,1,1,1,1,1,1,1,1,1,1,1,1,1,1,9,1,1,1,1,1,1,1,1,1,1,1,1,1,9,1,1,1,1,1,1,1,1,1,1,1,1,1,1,1,1,1,1,1,1,1,1,1,1,1,1,1,1,1,1,1,1,1,9,1,1,1,1,1,1,1,1,1,9,1,1,1,1,1,1,1,1,1,1,1,1,1,1,1,1,1,1,1,1,1,1,1,1,1,1,1,1,9,1,1,1,1,1,1,1,1,1,9,1,1,1,1,1,1,1,1,1
Núñez Urrutia Paulina,RN,1,1,1,1,1,1,1,1,1,1,1,5,1,1,1,1,1,1,1,1,1,1,1,1,1,1,1,1,1,1,1,1,1,1,1,1,5,1,1,1,1,1,1,1,9,5,1,1,1,1,1,1,1,1,1,1,1,1,1,5,1,1,1,1,1,1,1,1,1,1,1,1,1,1,1,1,1,1,1,1,1,1,1,1,5,1,1,1,1,1,1,1,9,5,1,1,1,1,1,1,1,1,1,5,1,1,1,1,1,1,1,1,1,1,1,1,1,1,1,1,1,1,1,5,1,1,1,1,1,1,1,9,5,1,1,1,1,1,1,1,1,1,5,1,1,1,1,1,1,1,1,1,1,1
Ojeda Uribe Sergio,DC,1,1,1,1,1,1,1,1,9,1,1,1,1,9,1,1,1,1,5,1,1,1,1,1,1,1,1,1,1,9,5,5,5,9,1,1,1,1,1,1,1,1,1,1,1,1,1,1,1,1,1,1,1,1,1,1,9,1,1,1,1,9,1,1,1,1,5,1,1,1,1,1,1,1,1,1,1,9,5,5,5,9,1,1,1,1,1,1,1,1,1,1,1,1,1,1,1,1,1,1,9,1,1,1,1,9,1,1,1,1,5,1,1,1,1,1,1,1,1,1,9,1,1,1,1,1,1,1,1,1,1,1,1,1,1,1,1,1,1,9,1,1,1,1,9,1,1,1,1,5,1,1,1,1
Ortiz Novoa José Miguel,DC,1,1,1,1,1,1,1,1,1,1,1,1,1,5,1,1,1,1,1,1,1,1,1,1,1,1,1,1,1,1,1,1,1,1,1,1,5,1,1,1,1,1,1,1,1,1,1,1,1,1,1,1,1,1,1,1,1,1,1,1,1,5,1,1,1,1,1,1,1,1,1,1,1,1,1,1,1,1,1,1,1,1,1,1,5,1,1,1,1,1,1,1,1,1,1,1,1,1,1,1,1,1,1,1,1,5,1,1,1,1,1,1,1,1,1,1,1,1,1,1,1,1,1,5,1,1,1,1,1,1,1,1,1,1,1,1,1,1,1,1,1,1,1,1,5,1,1,1,1,1,1,1,1,1
Pacheco Rivas Clemira,PS,1,1,1,1,1,5,5,5,5,5,1,1,5,1,1,1,1,5,1,1,1,1,1,1,1,1,1,1,5,1,5,1,1,1,1,1,9,1,1,1,1,5,1,1,1,1,1,1,1,1,1,1,1,5,5,5,5,5,1,1,5,1,1,1,1,5,1,1,1,1,1,1,1,1,1,1,5,1,5,1,1,1,1,1,9,1,1,1,1,5,1,1,1,1,1,1,1,5,5,5,5,5,1,1,5,1,1,1,1,5,1,1,1,1,1,1,1,1,1,1,1,1,1,9,1,1,1,1,5,1,1,1,1,1,1,1,5,5,5,5,5,1,1,5,1,1,1,1,5,1,1,1,1,1
Pascal Allende Denise,PS,1,1,1,1,1,5,5,5,5,5,1,1,1,5,1,1,1,0,0,0,0,1,1,1,1,1,1,1,1,5,5,5,5,5,1,1,1,5,1,1,1,1,1,9,1,1,1,1,1,1,1,1,1,5,5,5,5,5,1,1,1,5,1,1,1,0,0,0,0,1,1,1,1,1,1,1,1,5,5,5,5,5,1,1,1,5,1,1,1,1,1,9,1,1,1,1,1,5,5,5,5,5,1,1,1,5,1,1,1,0,0,0,0,1,1,1,1,1,1,1,5,1,1,1,5,1,1,1,1,1,9,1,1,1,1,1,5,5,5,5,5,1,1,1,5,1,1,1,0,0,0,0,1,1
Paulsen Kehr Diego,RN,1,1,1,1,1,1,1,1,1,1,1,1,5,1,1,1,1,1,1,1,1,1,1,1,1,1,1,1,1,1,1,1,1,1,1,1,5,1,1,1,1,1,1,1,1,1,1,1,1,1,1,1,1,1,1,1,1,1,1,1,5,1,1,1,1,1,1,1,1,1,1,1,1,1,1,1,1,1,1,1,1,1,1,1,5,1,1,1,1,1,1,1,1,1,1,1,1,1,1,1,1,1,1,1,5,1,1,1,1,1,1,1,1,1,1,1,1,1,1,1,1,1,1,5,1,1,1,1,1,1,1,1,1,1,1,1,1,1,1,1,1,1,1,5,1,1,1,1,1,1,1,1,1,1
Pérez Arriagada José,PRSD,1,1,1,1,1,1,1,1,1,1,1,1,1,5,1,1,1,1,1,1,1,1,1,1,1,1,1,1,1,1,1,1,1,1,1,5,1,1,1,1,1,1,9,9,1,1,1,1,1,1,1,1,1,1,1,1,1,1,1,1,1,5,1,1,1,1,1,1,1,1,1,1,1,1,1,1,1,1,1,1,1,1,1,5,1,1,1,1,1,1,9,9,1,1,1,1,1,1,1,1,1,1,1,1,1,5,1,1,1,1,1,1,1,1,1,1,1,1,1,1,1,1,5,1,1,1,1,1,1,9,9,1,1,1,1,1,1,1,1,1,1,1,1,1,5,1,1,1,1,1,1,1,1,1
Pérez Lahsen Leopoldo,RN,1,1,1,1,1,1,1,1,1,1,1,1,5,1,1,1,1,1,1,1,1,1,1,1,1,1,1,1,1,1,1,1,1,1,1,1,1,1,1,1,1,1,1,1,1,1,1,1,1,1,1,1,1,1,1,1,1,1,1,1,5,1,1,1,1,1,1,1,1,1,1,1,1,1,1,1,1,1,1,1,1,1,1,1,1,1,1,1,1,1,1,1,1,1,1,1,1,1,1,1,1,1,1,1,5,1,1,1,1,1,1,1,1,1,1,1,1,1,1,1,1,1,1,1,1,1,1,1,1,1,1,1,1,1,1,1,1,1,1,1,1,1,1,5,1,1,1,1,1,1,1,1,1,1
Pilowsky Greene Jaime,DC,1,1,1,1,1,1,1,9,1,1,1,1,1,1,1,1,1,1,1,1,1,1,1,1,1,1,1,1,1,1,1,1,1,1,1,5,1,1,1,1,1,1,9,9,1,1,1,1,1,1,1,1,1,1,1,9,1,1,1,1,1,1,1,1,1,1,1,1,1,1,1,1,1,1,1,1,1,1,1,1,1,1,1,5,1,1,1,1,1,1,9,9,1,1,1,1,1,1,1,9,1,1,1,1,1,1,1,1,1,1,1,1,1,1,1,1,1,1,1,1,1,1,5,1,1,1,1,1,1,9,9,1,1,1,1,1,1,1,9,1,1,1,1,1,1,1,1,1,1,1,1,1,1,1
Poblete Zapata Roberto,IND,1,1,1,1,1,5,5,5,5,5,1,1,1,5,1,1,1,1,5,5,1,1,1,1,1,1,1,1,1,1,1,1,1,1,1,1,1,1,1,1,1,1,1,1,1,1,1,1,1,1,1,1,1,5,5,5,5,5,1,1,1,5,1,1,1,1,5,5,1,1,1,1,1,1,1,1,1,1,1,1,1,1,1,1,1,1,1,1,1,1,1,1,1,1,1,1,1,5,5,5,5,5,1,1,1,5,1,1,1,1,5,5,1,1,1,1,1,1,1,1,1,1,1,1,1,1,1,1,1,1,1,1,1,1,1,1,5,5,5,5,5,1,1,1,5,1,1,1,1,5,5,1,1,1
Provoste Campillay Yasna,DC,1,1,1,1,1,5,5,5,5,5,1,1,1,5,1,1,1,1,5,1,1,1,1,1,1,1,1,1,1,1,1,1,1,1,1,5,1,1,1,1,1,1,9,9,1,1,1,1,1,1,1,1,1,5,5,5,5,5,1,1,1,5,1,1,1,1,5,1,1,1,1,1,1,1,1,1,1,1,1,1,1,1,1,5,1,1,1,1,1,1,9,9,1,1,1,1,1,5,5,5,5,5,1,1,1,5,1,1,1,1,5,1,1,1,1,1,1,1,1,1,1,1,5,1,1,1,1,1,1,9,9,1,1,1,1,1,5,5,5,5,5,1,1,1,5,1,1,1,1,5,1,1,1,1
Rathgeb Schifferli Jorge,RN,1,1,1,1,9,1,1,9,9,9,1,1,5,1,1,1,1,1,1,1,1,1,1,1,1,1,1,1,1,1,1,1,1,1,1,1,1,1,1,1,1,1,1,1,1,1,1,1,1,1,1,1,9,1,1,9,9,9,1,1,5,1,1,1,1,1,1,1,1,1,1,1,1,1,1,1,1,1,1,1,1,1,1,1,1,1,1,1,1,1,1,1,1,1,1,1,9,1,1,9,9,9,1,1,5,1,1,1,1,1,1,1,1,1,1,1,1,1,1,1,1,1,1,1,1,1,1,1,1,1,1,1,1,1,1,9,1,1,9,9,9,1,1,5,1,1,1,1,1,1,1,1,1,1
Rincón González Ricardo,DC,1,1,1,1,1,1,5,1,1,9,1,1,1,1,1,1,1,1,1,1,9,1,1,1,1,1,1,1,1,1,1,1,1,1,1,5,1,1,1,1,1,1,9,9,1,1,1,1,1,1,1,1,1,1,5,1,1,9,1,1,1,1,1,1,1,1,1,1,9,1,1,1,1,1,1,1,1,1,1,1,1,1,1,5,1,1,1,1,1,1,9,9,1,1,1,1,1,1,5,1,1,9,1,1,1,1,1,1,1,1,1,1,9,1,1,1,1,1,1,1,1,1,5,1,1,1,1,1,1,9,9,1,1,1,1,1,1,5,1,1,9,1,1,1,1,1,1,1,1,1,1,9,1,1
Rivas Sánchez Gaspar,IND,1,1,1,1,1,1,1,1,1,9,1,1,1,1,1,1,1,1,1,1,1,9,9,9,1,1,1,1,1,1,1,1,1,1,1,5,1,1,1,1,1,1,9,9,1,1,1,1,1,1,1,1,1,1,1,1,1,9,1,1,1,1,1,1,1,1,1,1,1,9,9,9,1,1,1,1,1,1,1,1,1,1,1,5,1,1,1,1,1,1,9,9,1,1,1,1,1,1,1,1,1,9,1,1,1,1,1,1,1,1,1,1,1,9,9,9,1,1,1,1,1,1,5,1,1,1,1,1,1,9,9,1,1,1,1,1,1,1,1,1,9,1,1,1,1,1,1,1,1,1,1,1,9,9
Robles Pantoja Alberto,PRSD,1,1,1,1,9,9,9,9,1,1,1,1,1,1,1,1,1,1,1,1,1,1,1,1,1,1,1,1,1,1,1,1,1,9,1,1,1,1,1,1,1,1,1,1,1,9,9,9,1,1,1,1,9,9,9,9,1,1,1,1,1,1,1,1,1,1,1,1,1,1,1,1,1,1,1,1,1,1,1,1,1,9,1,1,1,1,1,1,1,1,1,1,1,9,9,9,9,9,9,9,1,1,1,1,1,1,1,1,1,1,1,1,1,1,1,1,1,1,1,1,9,1,1,1,1,1,1,1,1,1,1,1,9,9,9,9,9,9,9,1,1,1,1,1,1,1,1,1,1,1,1,1,1,1
Rocafull López Luis,PS,1,1,1,1,1,5,5,5,5,5,1,1,1,1,1,1,5,1,1,1,1,1,1,1,1,1,1,1,1,1,1,1,1,1,1,5,1,1,1,1,1,1,9,9,1,1,1,1,1,1,1,1,1,5,5,5,5,5,1,1,1,1,1,1,5,1,1,1,1,1,1,1,1,1,1,1,1,1,1,1,1,1,1,5,1,1,1,1,1,1,9,9,1,1,1,1,1,5,5,5,5,5,1,1,1,1,1,1,5,1,1,1,1,1,1,1,1,1,1,1,1,1,5,1,1,1,1,1,1,9,9,1,1,1,1,1,5,5,5,5,5,1,1,1,1,1,1,5,1,1,1,1,1,1
Rubilar Barahona Karla,IND,1,1,1,1,1,1,1,1,1,1,1,1,5,1,1,1,1,1,1,1,1,9,1,1,1,1,1,1,1,1,1,1,1,9,1,1,1,1,1,1,1,1,1,1,1,9,9,9,1,1,1,1,1,1,1,1,1,1,1,1,5,1,1,1,1,1,1,1,1,9,1,1,1,1,1,1,1,1,1,1,1,9,1,1,1,1,1,1,1,1,1,1,1,9,9,9,1,1,1,1,1,1,1,1,5,1,1,1,1,1,1,1,1,9,1,1,1,1,1,1,9,1,1,1,1,1,1,1,1,1,1,1,9,9,9,1,1,1,1,1,1,1,1,5,1,1,1,1,1,1,1,1,9,1
Sabag Villalobos Jorge,DC,1,1,1,1,1,1,1,1,1,1,1,1,1,5,1,1,1,1,1,1,1,1,1,1,1,1,1,1,1,1,1,1,1,1,1,5,1,1,1,1,1,1,9,9,1,1,1,1,1,1,1,1,1,1,1,1,1,1,1,1,1,5,1,1,1,1,1,1,1,1,1,1,1,1,1,1,1,1,1,1,1,1,1,5,1,1,1,1,1,1,9,9,1,1,1,1,1,1,1,1,1,1,1,1,1,5,1,1,1,1,1,1,1,1,1,1,1,1,1,1,1,1,5,1,1,1,1,1,1,9,9,1,1,1,1,1,1,1,1,1,1,1,1,1,5,1,1,1,1,1,1,1,1,1
Sabat Fernández Marcela,RN,1,1,1,1,1,1,1,1,1,1,1,1,5,1,1,1,1,1,1,1,1,1,1,1,1,1,1,1,1,1,1,1,1,9,1,1,1,1,1,1,1,1,1,1,1,9,9,9,1,1,1,1,1,1,1,1,1,1,1,1,5,1,1,1,1,1,1,1,1,1,1,1,1,1,1,1,1,1,1,1,1,9,1,1,1,1,1,1,1,1,1,1,1,9,9,9,1,1,1,1,1,1,1,1,5,1,1,1,1,1,1,1,1,1,1,1,1,1,1,1,9,1,1,1,1,1,1,1,1,1,1,1,9,9,9,1,1,1,1,1,1,1,1,5,1,1,1,1,1,1,1,1,1,1
Saffirio Espinoza René,IND,1,1,1,1,9,9,9,9,9,5,1,1,1,1,1,1,1,1,1,5,1,1,1,1,1,1,1,1,1,1,1,1,1,1,1,5,1,1,1,1,1,1,9,9,1,1,1,1,1,1,1,1,9,9,9,9,9,5,1,1,1,1,1,1,1,1,1,5,1,1,1,1,1,1,1,1,1,1,1,1,1,1,1,5,1,1,1,1,1,1,9,9,1,1,1,1,9,9,9,9,9,5,1,1,1,1,1,1,1,1,1,5,1,1,1,1,1,1,1,1,1,1,5,1,1,1,1,1,1,9,9,1,1,1,1,9,9,9,9,9,5,1,1,1,1,1,1,1,1,1,5,1,1,1
Saldívar Auger Raúl,PS,1,1,1,1,1,9,5,5,5,5,1,1,1,9,1,1,1,1,1,1,1,1,1,1,1,1,1,1,1,1,1,1,1,9,1,1,1,1,1,1,1,1,1,1,1,9,9,9,1,1,1,1,1,9,5,5,5,5,1,1,1,9,1,1,1,1,1,1,1,1,1,1,1,1,1,1,1,1,1,1,1,9,1,1,1,1,1,1,1,1,1,1,1,9,9,9,1,9,5,5,5,5,1,1,1,9,1,1,1,1,1,1,1,1,1,1,1,1,1,1,9,1,1,1,1,1,1,1,1,1,1,1,9,9,9,1,9,5,5,5,5,1,1,1,9,1,1,1,1,1,1,1,1,1
Sandoval Plaza David,UDI,1,1,1,1,1,1,1,1,1,1,1,1,5,1,1,1,1,1,1,1,1,1,1,1,1,1,1,1,1,1,1,1,1,1,1,5,1,1,1,1,1,1,9,9,1,1,1,1,1,1,1,1,1,1,1,1,1,1,1,1,5,1,1,1,1,1,1,1,1,1,1,1,1,1,1,1,1,1,1,1,1,1,1,5,1,1,1,1,1,1,9,9,1,1,1,1,1,1,1,1,1,1,1,1,5,1,1,1,1,1,1,1,1,1,1,1,1,1,1,1,1,1,5,1,1,1,1,1,1,9,9,1,1,1,1,1,1,1,1,1,1,1,1,5,1,1,1,1,1,1,1,1,1,1
Santana Tirachini Alejandro,RN,1,1,1,1,1,1,1,1,1,1,1,1,1,1,1,1,1,1,1,1,1,1,1,1,1,1,1,1,1,1,1,1,1,9,1,1,1,1,1,1,1,1,1,1,1,9,9,9,1,1,1,1,1,1,1,1,1,1,1,1,1,1,1,1,1,1,1,1,1,1,1,1,1,1,1,1,1,1,1,1,1,9,1,1,1,1,1,1,1,1,1,1,1,9,9,9,1,1,1,1,1,1,1,1,1,1,1,1,1,1,1,1,1,1,1,1,1,1,1,1,9,1,1,1,1,1,1,1,1,1,1,1,9,9,9,1,1,1,1,1,1,1,1,1,1,1,1,1,1,1,1,1,1,1
Schilling Rodríguez Marcelo,PS,1,1,1,1,1,5,5,5,5,5,1,1,1,9,1,1,1,1,1,1,1,1,1,1,1,1,1,1,1,1,1,1,1,1,1,5,1,1,1,1,1,1,9,9,1,1,1,1,1,1,1,1,1,5,5,5,5,5,1,1,1,9,1,1,1,1,1,1,1,1,1,1,1,1,1,1,1,1,1,1,1,1,1,5,1,1,1,1,1,1,9,9,1,1,1,1,1,5,5,5,5,5,1,1,1,9,1,1,1,1,1,1,1,1,1,1,1,1,1,1,1,1,5,1,1,1,1,1,1,9,9,1,1,1,1,1,5,5,5,5,5,1,1,1,9,1,1,1,1,1,1,1,1,1
Sepúlveda Orbenes Alejandra,IND,1,1,1,1,1,1,1,1,1,1,1,1,1,1,1,1,1,1,1,9,1,1,1,1,1,1,1,1,1,1,1,1,1,9,1,1,1,1,1,1,1,1,1,1,1,9,9,9,1,1,1,1,1,1,1,1,1,1,1,1,1,1,1,1,1,1,1,9,1,1,1,1,1,1,1,1,1,1,1,1,1,9,1,1,1,1,1,1,1,1,1,1,1,9,9,9,1,1,1,1,1,1,1,1,1,1,1,1,1,1,1,9,1,1,1,1,1,1,1,1,9,1,1,1,1,1,1,1,1,1,1,1,9,9,9,1,1,1,1,1,1,1,1,1,1,1,1,1,1,1,9,1,1,1
Silber Romo Gabriel,DC,1,1,1,1,1,1,1,1,1,1,1,1,1,1,1,1,1,1,1,1,1,1,1,9,1,1,1,1,1,1,1,1,1,1,1,1,1,1,1,1,1,1,1,1,1,1,1,9,1,1,1,1,1,1,1,1,1,1,1,1,1,1,1,1,1,1,1,1,1,1,1,9,1,1,1,1,1,1,1,1,1,1,1,1,1,1,1,1,1,1,1,1,1,1,1,9,1,1,1,1,1,1,1,1,1,1,1,1,1,1,1,1,1,1,1,9,1,1,1,1,1,1,1,1,1,1,1,1,1,1,1,1,1,1,9,1,1,1,1,1,1,1,1,1,1,1,1,1,1,1,1,1,1,1
Silva Méndez Ernesto,UDI,1,1,1,1,1,1,1,1,1,1,1,1,5,1,1,1,1,1,1,1,9,5,1,1,1,1,1,1,1,1,1,1,1,1,1,5,1,1,1,1,1,1,9,9,1,1,1,1,1,1,1,1,1,1,1,1,1,1,1,1,5,1,1,1,1,1,1,1,9,5,1,1,1,1,1,1,1,1,1,1,1,1,1,5,1,1,1,1,1,1,9,9,1,1,1,1,1,1,1,1,1,1,1,1,5,1,1,1,1,1,1,1,9,5,1,1,1,1,1,1,1,1,5,1,1,1,1,1,1,9,9,1,1,1,1,1,1,1,1,1,1,1,1,5,1,1,1,1,1,1,1,9,5,1
Soto Ferrada Leonardo,PS,1,1,1,1,1,9,5,5,5,9,1,1,1,1,1,1,1,1,1,1,1,1,1,1,1,1,1,1,1,1,1,1,1,1,1,1,1,1,1,1,1,1,1,1,1,1,1,9,1,1,1,1,1,9,5,5,5,9,1,1,1,1,1,1,1,1,1,1,1,1,1,1,1,1,1,1,1,1,1,1,1,1,1,1,1,1,1,1,1,1,1,1,1,1,1,9,1,9,5,5,5,9,1,1,1,1,1,1,1,1,1,1,1,1,1,1,1,1,1,1,1,1,1,1,1,1,1,1,1,1,1,1,1,1,9,1,9,5,5,5,9,1,1,1,1,1,1,1,1,1,1,1,1,1
Squella Ovalle Arturo,UDI,1,1,1,1,1,1,1,1,1,1,1,1,5,1,1,1,1,1,1,1,1,1,1,1,1,1,1,1,1,1,1,1,1,1,1,5,1,1,1,1,1,1,9,9,1,1,1,1,1,1,1,1,1,1,1,1,1,1,1,1,5,1,1,1,1,1,1,1,1,1,1,1,1,1,1,1,1,1,1,1,1,1,1,5,1,1,1,1,1,1,9,9,1,1,1,1,1,1,1,1,1,1,1,1,5,1,1,1,1,1,1,1,1,1,1,1,1,1,1,1,1,1,5,1,1,1,1,1,1,9,9,1,1,1,1,1,1,1,1,1,1,1,1,5,1,1,1,1,1,1,1,1,1,1
Tarud Daccarett Jorge,PPD,1,1,1,1,5,1,5,1,1,1,1,1,9,1,1,1,1,5,1,1,1,1,1,1,1,1,1,1,1,1,1,1,1,1,1,1,1,1,1,1,1,1,1,1,1,1,1,9,1,1,1,1,5,1,5,1,1,1,1,1,9,1,1,1,1,5,1,1,1,1,1,1,1,1,1,1,1,1,1,1,1,1,1,1,1,1,1,1,1,1,1,1,1,1,1,9,5,1,5,1,1,1,1,1,9,1,1,1,1,5,1,1,1,1,1,1,1,1,1,1,1,1,1,1,1,1,1,1,1,1,1,1,1,1,9,5,1,5,1,1,1,1,1,9,1,1,1,1,5,1,1,1,1,1
Teillier Del Valle Guillermo,PC,1,1,1,1,1,5,5,5,5,5,1,1,1,5,1,1,1,1,1,9,1,1,1,1,1,1,1,1,1,1,1,1,1,1,1,5,1,1,1,1,1,1,9,9,1,1,1,1,1,1,1,1,1,5,5,5,5,5,1,1,1,5,1,1,1,1,1,9,1,1,1,1,1,1,1,1,1,1,1,1,1,1,1,5,1,1,1,1,1,1,9,9,1,1,1,1,1,5,5,5,5,5,1,1,1,5,1,1,1,1,1,9,1,1,1,1,1,1,1,1,1,1,5,1,1,1,1,1,1,9,9,1,1,1,1,1,5,5,5,5,5,1,1,1,5,1,1,1,1,1,9,1,1,1
Torres Jeldes Víctor,DC,1,1,1,1,1,1,5,5,5,5,1,1,1,9,1,1,1,1,5,1,1,1,1,1,1,1,1,1,1,1,1,1,1,1,1,1,1,1,1,1,1,1,1,1,1,1,1,1,1,1,1,1,1,1,5,5,5,5,1,1,1,9,1,1,1,1,5,1,1,1,1,1,1,1,1,1,1,1,1,1,1,1,1,1,1,1,1,1,1,1,1,1,1,1,1,1,1,1,5,5,5,5,1,1,1,9,1,1,1,1,5,1,1,1,1,1,1,1,1,1,1,1,1,1,1,1,1,1,1,1,1,1,1,1,1,1,1,5,5,5,5,1,1,1,9,1,1,1,1,5,1,1,1,1
Trisotti Martínez Renzo,UDI,0,0,0,1,9,9,1,1,1,1,1,1,5,1,9,1,5,1,1,1,1,1,1,1,1,1,1,1,1,1,1,1,1,1,1,1,1,1,1,1,1,1,1,1,1,1,1,9,0,0,0,1,9,9,1,1,1,1,1,1,5,1,9,1,5,1,1,1,1,1,1,1,1,1,1,1,1,1,1,1,1,1,1,1,1,1,1,1,1,1,1,1,1,1,1,9,9,9,1,1,1,1,1,1,5,1,9,1,5,1,1,1,1,1,1,1,1,1,1,1,1,1,1,1,1,1,1,1,1,1,1,1,1,1,9,9,9,1,1,1,1,1,1,5,1,9,1,5,1,1,1,1,1,1
Tuma Zedan Joaquín,PPD,1,1,1,1,1,1,1,1,1,1,1,1,1,1,1,1,1,1,1,1,1,1,1,1,1,1,1,1,1,1,1,1,1,1,1,1,1,1,1,1,1,1,1,1,1,1,1,9,1,1,1,1,1,1,1,1,1,1,1,1,1,1,1,1,1,1,1,1,1,1,1,1,1,1,1,1,1,1,1,1,1,1,1,1,1,1,1,1,1,1,1,1,1,1,1,9,1,1,1,1,1,1,1,1,1,1,1,1,1,1,1,1,1,1,1,1,1,1,1,1,1,1,1,1,1,1,1,1,1,1,1,1,1,1,9,1,1,1,1,1,1,1,1,1,1,1,1,1,1,1,1,1,1,1
Turres Figueroa Marisol,UDI,1,1,1,1,1,1,1,1,1,1,1,1,5,1,1,1,1,1,1,1,1,9,9,1,1,1,1,1,1,1,1,1,1,1,1,1,1,1,1,1,1,1,1,1,1,1,1,1,1,1,1,1,1,1,1,1,1,1,1,1,5,1,1,1,1,1,1,1,1,9,9,1,1,1,1,1,1,1,1,1,1,1,1,1,1,1,1,1,1,1,1,1,1,1,1,1,1,1,1,1,1,1,1,1,5,1,1,1,1,1,1,1,1,9,9,1,1,1,1,1,1,1,1,1,1,1,1,1,1,1,1,1,1,1,1,1,1,1,1,1,1,1,1,5,1,1,1,1,1,1,1,1,9,9
Ulloa Aguillón Jorge,UDI,1,1,1,1,1,1,1,1,1,1,1,1,5,1,1,1,1,1,1,1,1,1,1,1,1,1,1,1,1,1,1,1,1,1,1,5,1,1,1,1,1,1,9,9,1,1,1,1,1,1,1,1,1,1,1,1,1,1,1,1,5,1,1,1,1,1,1,1,1,1,1,1,1,1,1,1,1,1,1,1,1,1,1,5,1,1,1,1,1,1,9,9,1,1,1,1,1,1,1,1,1,1,1,1,5,1,1,1,1,1,1,1,1,1,1,1,1,1,1,1,1,1,5,1,1,1,1,1,1,9,9,1,1,1,1,1,1,1,1,1,1,1,1,5,1,1,1,1,1,1,1,1,1,1
Urízar Muñoz Christian,PS,0,0,0,0,0,1,1,1,1,1,1,1,1,1,1,1,1,1,1,1,1,1,1,1,1,1,1,1,1,1,1,1,1,1,1,5,1,1,1,1,1,1,9,9,1,1,1,1,0,0,0,0,0,1,1,1,1,1,1,1,1,1,1,1,1,1,1,1,1,1,1,1,1,1,1,1,1,1,1,1,1,1,1,5,1,1,1,1,1,1,9,9,1,1,1,1,0,1,1,1,1,1,1,1,1,1,1,1,1,1,1,1,1,1,1,1,1,1,1,1,1,1,5,1,1,1,1,1,1,9,9,1,1,1,1,0,1,1,1,1,1,1,1,1,1,1,1,1,1,1,1,1,1,1
Urrutia Bonilla Ignacio,UDI,1,1,1,1,1,1,1,1,1,1,1,1,5,1,1,1,1,1,1,1,1,9,9,1,1,1,1,1,1,1,1,1,1,1,1,1,5,1,1,1,1,1,1,1,1,1,1,1,1,1,1,1,1,1,1,1,1,1,1,1,5,1,1,1,1,1,1,1,1,9,9,1,1,1,1,1,1,1,1,1,1,1,1,1,5,1,1,1,1,1,1,1,1,1,1,1,1,1,1,1,1,1,1,1,5,1,1,1,1,1,1,1,1,9,9,1,1,1,1,1,1,1,1,5,1,1,1,1,1,1,1,1,1,1,1,1,1,1,1,1,1,1,1,5,1,1,1,1,1,1,1,1,9,9
Urrutia Soto Osvaldo,UDI,1,1,1,1,1,1,1,1,1,1,1,1,5,1,1,1,1,1,1,1,1,1,1,1,1,1,1,1,1,1,1,1,1,1,1,5,1,1,1,1,1,1,9,9,1,1,1,1,1,1,1,1,1,1,1,1,1,1,1,1,5,1,1,1,1,1,1,1,1,1,1,1,1,1,1,1,1,1,1,1,1,1,1,5,1,1,1,1,1,1,9,9,1,1,1,1,1,1,1,1,1,1,1,1,5,1,1,1,1,1,1,1,1,1,1,1,1,1,1,1,1,1,5,1,1,1,1,1,1,9,9,1,1,1,1,1,1,1,1,1,1,1,1,5,1,1,1,1,1,1,1,1,1,1
Vallejo Dowling Camila,PC,1,1,1,1,1,5,5,5,5,5,1,1,1,5,1,1,1,1,5,1,1,1,1,1,1,1,1,1,1,1,1,1,1,1,1,1,5,1,1,1,1,1,1,1,1,1,1,1,1,1,1,1,1,5,5,5,5,5,1,1,1,5,1,1,1,1,5,1,1,1,1,1,1,1,1,1,1,1,1,1,1,1,1,1,5,1,1,1,1,1,1,1,1,1,1,1,1,5,5,5,5,5,1,1,1,5,1,1,1,1,5,1,1,1,1,1,1,1,1,1,1,1,1,5,1,1,1,1,1,1,1,1,1,1,1,1,5,5,5,5,5,1,1,1,5,1,1,1,1,5,1,1,1,1
Vallespín López Patricio,DC,1,9,1,1,1,1,1,1,1,1,1,1,1,1,1,1,1,1,1,1,1,1,1,5,1,1,1,1,1,1,1,1,1,1,1,5,1,1,1,1,1,1,9,9,1,1,1,1,1,9,1,1,1,1,1,1,1,1,1,1,1,1,1,1,1,1,1,1,1,1,1,5,1,1,1,1,1,1,1,1,1,1,1,5,1,1,1,1,1,1,9,9,1,1,1,1,1,1,1,1,1,1,1,1,1,1,1,1,1,1,1,1,1,1,1,5,1,1,1,1,1,1,5,1,1,1,1,1,1,9,9,1,1,1,1,1,1,1,1,1,1,1,1,1,1,1,1,1,1,1,1,1,1,1
Van Rysselberghe Herrera Enrique,UDI,1,1,1,1,1,1,1,1,1,1,1,1,5,1,1,1,1,1,1,1,1,1,1,1,1,1,1,1,1,1,1,1,1,1,1,1,5,1,1,1,1,1,1,1,1,1,1,1,1,1,1,1,1,1,1,1,1,1,1,1,5,1,1,1,1,1,1,1,1,1,1,1,1,1,1,1,1,1,1,1,1,1,1,1,5,1,1,1,1,1,1,1,1,1,1,1,1,1,1,1,1,1,1,1,5,1,1,1,1,1,1,1,1,1,1,1,1,1,1,1,1,1,1,5,1,1,1,1,1,1,1,1,1,1,1,1,1,1,1,1,1,1,1,5,1,1,1,1,1,1,1,1,1,1
Venegas Cárdenas Mario,DC,1,1,1,1,1,1,1,1,1,1,1,1,1,5,1,1,1,1,1,1,1,1,1,1,1,1,1,1,1,1,1,1,1,1,1,1,5,1,1,1,1,1,1,1,1,1,1,1,1,1,1,1,1,1,1,1,1,1,1,1,1,5,1,1,1,1,1,1,1,1,1,1,1,1,1,1,1,1,1,1,1,1,1,1,5,1,1,1,1,1,1,1,1,1,1,1,1,1,1,1,1,1,1,1,1,5,1,1,1,1,1,1,1,1,1,1,1,1,1,1,1,1,1,5,1,1,1,1,1,1,1,1,1,1,1,1,1,1,1,1,1,1,1,1,5,1,1,1,1,1,1,1,1,1
Verdugo Soto Germán,RN,1,1,1,1,1,1,1,1,1,1,1,1,5,1,1,1,1,1,1,1,1,1,1,1,1,1,1,1,1,1,1,1,1,1,1,5,1,1,1,1,1,1,9,9,1,1,1,1,1,1,1,1,1,1,1,1,1,1,1,1,5,1,1,1,1,1,1,1,1,1,1,1,1,1,1,1,1,1,1,1,1,1,1,5,1,1,1,1,1,1,9,9,1,1,1,1,1,1,1,1,1,1,1,1,5,1,1,1,1,1,1,1,1,1,1,1,1,1,1,1,1,1,5,1,1,1,1,1,1,9,9,1,1,1,1,1,1,1,1,1,1,1,1,5,1,1,1,1,1,1,1,1,1,1
Walker Prieto Matías,DC,1,1,1,1,1,1,1,1,1,1,1,1,1,1,1,1,1,1,1,5,1,1,1,1,1,1,1,1,1,1,1,1,1,1,1,1,5,1,1,1,1,1,1,1,1,1,1,1,1,1,1,1,1,1,1,1,1,1,1,1,1,1,1,1,1,1,1,5,1,1,1,1,1,1,1,1,1,1,1,1,1,1,1,1,5,1,1,1,1,1,1,1,1,1,1,1,1,1,1,1,1,1,1,1,1,1,1,1,1,1,1,5,1,1,1,1,1,1,1,1,1,1,1,5,1,1,1,1,1,1,1,1,1,1,1,1,1,1,1,1,1,1,1,1,1,1,1,1,1,1,5,1,1,1
Ward Edwards Felipe,UDI,1,1,1,1,1,1,1,1,1,1,1,5,1,1,1,1,1,1,9,9,1,1,1,1,1,1,1,1,1,1,1,1,1,1,1,5,1,1,1,1,1,1,9,9,1,1,1,1,1,1,1,1,1,1,1,1,1,1,1,5,1,1,1,1,1,1,9,9,1,1,1,1,1,1,1,1,1,1,1,1,1,1,1,5,1,1,1,1,1,1,9,9,1,1,1,1,1,1,1,1,1,1,1,5,1,1,1,1,1,1,9,9,1,1,1,1,1,1,1,1,1,1,5,1,1,1,1,1,1,9,9,1,1,1,1,1,1,1,1,1,1,1,5,1,1,1,1,1,1,9,9,1,1,1
