"Partidos","correctYea","wrongYea","wrongNay","correctNay","GMP","CC","coord1D","coord2D","se1D","se2D","corr.1"
"Legislator 1","UDI",11,3,12,16,0.518992185592651,0.642857142857143,0.405577450990677,0.483434349298477,0,0,0
"Legislator 2","DC",19,10,4,11,0.534435093402863,0.681818181818182,-0.188448920845985,-0.140681743621826,0,0,0
"Legislator 3","DC",18,10,7,5,0.513293325901031,0.575,0.0350835062563419,-0.0954564958810806,0,0,0
"Legislator 4","RN",13,13,6,14,0.513555288314819,0.58695652173913,0.284746915102005,-0.2726711332798,0,0,0
"Legislator 5","UDI",13,8,11,10,0.510164797306061,0.547619047619048,0.146833419799805,0.402951151132584,0,0,0
"Legislator 6","IND",17,9,3,10,0.527604341506958,0.692307692307692,-0.00191422249190509,-0.417407065629959,0,0,0
"Legislator 7","RN",11,6,14,10,0.494180917739868,0.51219512195122,0.228346094489098,0.178915411233902,0,0,0
"Legislator 8","DC",6,10,8,9,0.498797833919525,0.454545454545455,0.263386249542236,-0.070136547088623,0,0,0
"Legislator 9","UDI",17,7,7,9,0.514463841915131,0.65,0.300991117954254,-0.930238783359528,0,0,0
"Legislator 10","UDI",8,5,7,19,0.573863685131073,0.692307692307692,0.87088006734848,0.491495549678802,0,0,0
"Legislator 11","DC",11,5,10,9,0.519579589366913,0.571428571428571,0.384412258863449,0.220441043376923,0,0,0
"Legislator 12","RN",13,12,6,8,0.52583247423172,0.538461538461538,-0.178749561309814,-0.0228494647890329,0,0,0
"Legislator 13","PC",17,7,7,7,0.555272459983826,0.631578947368421,-0.940527021884918,-0.339718997478485,0,0,0
"Legislator 14","IND",10,4,13,11,0.520291745662689,0.552631578947368,0.40943443775177,0.270391285419464,0,0,0
"Legislator 15","PPD",7,11,8,11,0.494609445333481,0.486486486486487,0.23097163438797,0.250862419605255,0,0,0
"Legislator 16","PS",14,4,13,13,0.535676062107086,0.613636363636364,0.272069722414017,0.839774966239929,0,0,0
"Legislator 17","PS",11,8,4,10,0.527998447418213,0.636363636363636,0.239772468805313,-0.488405644893646,0,0,0
"Legislator 18","UDI",11,8,7,14,0.526313126087189,0.625,0.26106670498848,-0.62781810760498,0,0,0
"Legislator 19","UDI",8,10,11,11,0.50690883398056,0.475,0.220445141196251,0.354532420635223,0,0,0
"Legislator 20","RN",15,11,4,10,0.515020489692688,0.625,0.162211358547211,-0.587668597698212,0,0,0
"Legislator 21","RN",21,8,7,5,0.555825591087341,0.634146341463415,-0.548357248306274,-0.724175930023193,0,0,0
"Legislator 22","DC",16,9,3,10,0.537875175476074,0.684210526315789,-0.146967887878418,0.13595587015152,0,0,0
"Legislator 23","UDI",17,4,8,5,0.586914300918579,0.647058823529412,-0.850707650184631,-0.525639116764069,0,0,0
"Legislator 24","UDI",9,6,11,14,0.526311635971069,0.575,0.46726867556572,0.24622954428196,0,0,0
"Legislator 25","RN",13,9,4,11,0.508181273937225,0.648648648648649,0.11978280544281,0.226670101284981,0,0,0
"Legislator 26","RN",12,2,9,21,0.611936569213867,0.75,0.755100011825562,0.655609548091888,0,0,0
"Legislator 27","DC",22,4,3,8,0.629467189311981,0.810810810810811,-0.384644597768784,-0.923064827919006,0,0,0
"Legislator 28","PS",12,8,3,16,0.517241597175598,0.717948717948718,0.297058254480362,-0.147649228572845,0,0,0
"Legislator 29","RN",13,6,10,10,0.546644270420074,0.58974358974359,0.0165666900575161,0.999862849712372,0,0,0
"Legislator 30","PPD",15,6,4,6,0.522428870201111,0.67741935483871,-0.0815651193261147,0.149791032075882,0,0,0
"Legislator 31","UDI",8,7,12,11,0.503100395202637,0.5,0.313749581575394,0.357140392065048,0,0,0
"Legislator 32","RN",11,11,5,12,0.514759480953217,0.58974358974359,0.181550949811935,-0.198713719844818,0,0,0
"Legislator 33","UDI",12,10,5,11,0.51834636926651,0.605263157894737,0.127452358603477,-0.419453650712967,0,0,0
"Legislator 34","RN",11,4,9,17,0.539076566696167,0.682926829268293,0.44094505906105,0.897534072399139,0,0,0
"Legislator 35","PRI",15,7,9,8,0.512226164340973,0.58974358974359,0.232483208179474,0.401006072759628,0,0,0
"Legislator 36","UDI",14,6,4,14,0.600710093975067,0.736842105263158,0.0825361311435699,0.996588051319122,0,0,0
"Legislator 37","UDI",9,4,11,11,0.51009601354599,0.571428571428571,0.489187151193619,0.31690326333046,0,0,0
"Legislator 38","PS",7,5,7,18,0.510976910591125,0.675675675675676,0.328434377908707,0.15622253715992,0,0,0
"Legislator 39","RN",12,13,2,9,0.544852674007416,0.583333333333333,-0.83383184671402,0.552018523216248,0,0,0
"Legislator 40","PS",6,12,9,7,0.4939806163311,0.382352941176471,0.249805808067322,-0.213483229279518,0,0,0
"Legislator 41","UDI",16,11,5,12,0.5387943983078,0.636363636363636,-0.350719690322876,0.253078192472458,0,0,0
"Legislator 42","RN",11,13,4,13,0.512979388237,0.585365853658537,0.12996344268322,0.13750296831131,0,0,0
"Legislator 43","RN",19,5,5,12,0.565946280956268,0.75609756097561,-0.0911109521985054,-0.995840668678284,0,0,0
"Legislator 44","UCCP",6,9,9,13,0.527924537658691,0.513513513513513,0.299529045820236,0.533272743225098,0,0,0
"Legislator 45","PPD",12,9,6,9,0.54253613948822,0.583333333333333,-0.0704369992017746,0.355536460876465,0,0,0
"Legislator 46","PPD",8,5,9,13,0.518653452396393,0.6,0.497389048337936,0.00559576787054539,0,0,0
"Legislator 47","UDI",20,6,7,6,0.52098286151886,0.666666666666667,-0.115401081740856,-0.228166416287422,0,0,0
"Legislator 48","PPD",16,8,3,10,0.540710687637329,0.702702702702703,-0.13351035118103,-0.450704246759415,0,0,0
"Legislator 49","PRSD",11,10,8,14,0.503090679645538,0.581395348837209,0.251439064741135,0.137476474046707,0,0,0
"Legislator 50","UDI",11,11,8,9,0.506744205951691,0.512820512820513,0.0859451964497566,0.0386737622320652,0,0,0
"Legislator 51","PPD",11,10,5,17,0.517506420612335,0.651162790697674,0.259368985891342,-0.365727484226227,0,0,0
"Legislator 52","DC",16,8,5,8,0.536372780799866,0.648648648648649,0.0792873576283455,-0.780337989330292,0,0,0
"Legislator 53","RN",9,8,13,16,0.525899708271027,0.543478260869565,0.468206197023392,0.502644956111908,0,0,0
"Legislator 54","UDI",9,5,11,18,0.551514625549316,0.627906976744186,0.996678173542023,0.0234286542981863,0,0,0
"Legislator 55","UDI",17,3,7,10,0.528889417648315,0.72972972972973,0.268207937479019,-0.963361024856567,0,0,0
"Legislator 56","PRSD",12,3,8,17,0.529752492904663,0.725,0.451078444719315,0.509483456611633,0,0,0
"Legislator 57","RN",5,6,12,13,0.504763603210449,0.5,0.322900414466858,0.195736601948738,0,0,0
"Legislator 58","PS",14,2,9,14,0.540136098861694,0.717948717948718,0.591515123844147,0.727516770362854,0,0,0
"Legislator 59","UDI",13,9,9,11,0.512290418148041,0.571428571428571,0.290974855422974,-0.585275948047638,0,0,0
"Legislator 60","PRI",15,11,3,9,0.506747484207153,0.631578947368421,0.219055131077766,-0.351157337427139,0,0,0
"Legislator 61","PS",5,8,8,16,0.533749222755432,0.567567567567568,0.615878760814667,0.00808395445346832,0,0,0
"Legislator 62","UDI",10,6,11,10,0.524698257446289,0.540540540540541,0.708903908729553,0.0172619260847569,0,0,0
"Legislator 63","DC",20,8,2,9,0.556167423725128,0.743589743589744,0.258541882038116,-0.966000020503998,0,0,0
"Legislator 64","PRI",10,4,11,13,0.532730937004089,0.605263157894737,0.599610090255737,-0.271077334880829,0,0,0
"Legislator 65","DC",15,13,5,9,0.509756624698639,0.571428571428571,0.0474452637135983,-0.216582760214806,0,0,0
"Legislator 66","RN",11,12,6,15,0.506537318229675,0.590909090909091,0.218450963497162,-0.0974792093038559,0,0,0
"Legislator 67","PS",8,8,6,20,0.511123061180115,0.666666666666667,0.304383456707001,0.373313844203949,0,0,0
"Legislator 68","UDI",14,7,6,9,0.545627892017365,0.638888888888889,-0.161357924342155,0.630990207195282,0,0,0
"Legislator 69","PRSD",10,10,8,10,0.503789603710175,0.526315789473684,0.063666857779026,-0.202833622694016,0,0,0
"Legislator 70","PPD",10,8,11,6,0.507994771003723,0.457142857142857,0.0883389338850975,-0.168401509523392,0,0,0
"Legislator 71","UDI",18,7,7,6,0.528190791606903,0.631578947368421,-0.134641468524933,-0.418730854988098,0,0,0
"Legislator 72","PRSD",8,6,8,13,0.5327108502388,0.6,0.383892208337784,0.903871059417725,0,0,0
"Legislator 73","UDI",10,12,5,9,0.503648817539215,0.527777777777778,0.102521382272243,0.0873428508639336,0,0,0
"Legislator 74","PS",16,10,6,7,0.501870930194855,0.58974358974359,-0.0453061982989311,-0.145193055272102,0,0,0
"Legislator 75","PPD",12,10,8,13,0.536262154579163,0.581395348837209,0.127522572875023,0.84989720582962,0,0,0
"Legislator 76","DC",17,9,5,7,0.526205897331238,0.631578947368421,0.119531370699406,-0.574283957481384,0,0,0
"Legislator 77","UDI",19,5,4,13,0.566076099872589,0.780487804878049,-0.400694489479065,0.43829333782196,0,0,0
"Legislator 78","IND",14,8,7,11,0.513130366802216,0.625,0.202670723199844,0.630542635917664,0,0,0
"Legislator 79","PPD",14,8,4,13,0.522984206676483,0.692307692307692,0.395340085029602,-0.646934509277344,0,0,0
"Legislator 80","PPD",10,4,5,16,0.563147783279419,0.742857142857143,0.980915069580078,-0.19443678855896,0,0,0
"Legislator 81","PPD",6,9,7,15,0.508167684078217,0.567567567567568,0.494488060474396,-0.00624669808894396,0,0,0
"Legislator 82","PPD",6,8,10,18,0.522783756256104,0.571428571428571,0.588684439659119,-0.132873132824898,0,0,0
"Legislator 83","UDI",7,7,12,11,0.496121942996979,0.486486486486487,0.232673019170761,-0.0252235699445009,0,0,0
"Legislator 84","UDI",7,5,11,15,0.537167310714722,0.578947368421053,0.522610902786255,0.647186040878296,0,0,0
"Legislator 85","UDI",11,4,9,14,0.515654802322388,0.657894736842105,0.454683542251587,0.418579757213593,0,0,0
"Legislator 86","IND",20,7,6,6,0.539466738700867,0.666666666666667,-0.18675322830677,-0.58518397808075,0,0,0
"Legislator 87","RN",17,4,8,8,0.519615590572357,0.675675675675676,0.105001628398895,-0.24309316277504,0,0,0
"Legislator 88","RN",17,9,3,7,0.559192001819611,0.666666666666667,0.487760037183762,-0.872977733612061,0,0,0
"Legislator 89","PPD",12,4,8,11,0.5167116522789,0.657142857142857,0.244523733854294,-0.334621429443359,0,0,0
"Legislator 90","UDI",9,11,8,11,0.514307737350464,0.512820512820513,0.279555290937424,-0.378316044807434,0,0,0
"Legislator 91","DC",13,7,7,10,0.523286700248718,0.621621621621622,0.293586224317551,-0.369682163000107,0,0,0
"Legislator 92","RN",16,9,9,8,0.5213982462883,0.571428571428571,-0.0463276021182537,0.0317531004548073,0,0,0
"Legislator 93","PPD",22,8,7,8,0.551674425601959,0.666666666666667,-0.136336162686348,-0.795597195625305,0,0,0
"Legislator 94","UDI",7,7,9,11,0.513682126998901,0.529411764705882,0.268631428480148,0.361740857362747,0,0,0
"Legislator 95","UDI",9,7,6,12,0.521885812282562,0.617647058823529,0.47904908657074,0.276851803064346,0,0,0
"Legislator 96","RN",10,10,12,9,0.494174122810364,0.463414634146341,0.20956264436245,-0.21328954398632,0,0,0
"Legislator 97","PS",17,5,1,9,0.599530756473541,0.8125,-0.173898756504059,0.984763503074646,0,0,0
"Legislator 98","PS",9,5,5,15,0.542222797870636,0.705882352941177,0.565379202365875,0.557944536209106,0,0,0
"Legislator 99","DC",13,12,4,8,0.525070130825043,0.567567567567568,-0.0947214514017105,0.0431321188807487,0,0,0
"Legislator 100","UDI",10,8,10,8,0.501135408878326,0.5,0.234323471784592,-0.220158204436302,0,0,0
"Legislator 101","IND",16,10,5,12,0.525501728057861,0.651162790697674,-0.111642256379128,0.395808726549149,0,0,0
"Legislator 102","IND",10,7,4,12,0.557412505149841,0.666666666666667,0.477289527654648,-0.878746092319489,0,0,0
"Legislator 103","PRSD",13,3,11,9,0.528760075569153,0.611111111111111,0.784251570701599,-0.158956199884415,0,0,0
"Legislator 104","UDI",11,7,10,15,0.507265329360962,0.604651162790698,0.244637131690979,0.179861515760422,0,0,0
"Legislator 105","PPD",18,9,8,11,0.532470881938934,0.630434782608696,0.37145784497261,-0.575133621692657,0,0,0
"Legislator 106","DC",14,11,6,8,0.505695104598999,0.564102564102564,0.0678584277629852,-0.106053739786148,0,0,0
"Legislator 107","PPD",12,9,10,8,0.515317678451538,0.512820512820513,0.200214833021164,0.393633395433426,0,0,0
"Legislator 108","RN",13,7,6,11,0.520937085151672,0.648648648648649,-0.000924759486224502,0.23496975004673,0,0,0
"Legislator 109","DC",13,11,6,8,0.504240274429321,0.552631578947368,0.0829489380121231,-0.164521858096123,0,0,0
"Legislator 110","RN",8,7,5,21,0.564446151256561,0.707317073170732,0.83933424949646,-0.543615698814392,0,0,0
"Legislator 111","PPD",15,9,9,6,0.508617222309113,0.538461538461538,0.304359346628189,-0.437352418899536,0,0,0
"Legislator 112","IND",13,10,7,9,0.51975554227829,0.564102564102564,0.27144867181778,-0.448492258787155,0,0,0
"Legislator 113","PPD",8,6,12,14,0.501299023628235,0.55,0.272057771682739,0.10130762308836,0,0,0
"Legislator 114","DC",16,10,3,12,0.528805494308472,0.682926829268293,-0.0802800133824348,0.107621818780899,0,0,0
"Legislator 115","DC",10,11,7,8,0.497517794370651,0.5,0.253795117139816,-0.170548319816589,0,0,0
"Legislator 116","UDI",11,12,5,10,0.513225197792053,0.552631578947368,0.299923688173294,-0.388512343168259,0,0,0
"Legislator 117","RN",12,7,8,13,0.51689487695694,0.625,0.445009380578995,-0.239434808492661,0,0,0
"Legislator 118","PS",13,7,9,14,0.510369420051575,0.627906976744186,0.295427918434143,-0.18102502822876,0,0,0
"Legislator 119","UDI",11,8,9,21,0.537337005138397,0.653061224489796,0.39820796251297,0.640959143638611,0,0,0
"Legislator 120","PPD",12,5,7,13,0.533912837505341,0.675675675675676,0.189627081155777,0.864571928977966,0,0,0
"Legislator 121","PS",6,11,5,14,0.518815398216248,0.555555555555556,0.493072986602783,-0.0695572271943092,0,0,0
"Legislator 122","PS",10,7,2,17,0.54385507106781,0.75,0.924688875675201,-0.338172346353531,0,0,0
"Legislator 123","RN",10,5,12,13,0.531480431556702,0.575,0.554240942001343,0.332917094230652,0,0,0
"Legislator 124","DC",12,11,5,9,0.510348081588745,0.567567567567568,0.137634009122849,-0.246193870902061,0,0,0
"Legislator 125","RN",10,9,7,13,0.50974714756012,0.58974358974359,0.342341065406799,-0.263116627931595,0,0,0
"Legislator 126","DC",8,13,11,6,0.495419442653656,0.368421052631579,0.268193006515503,-0.160782307386398,0,0,0
"Legislator 127","PRSD",14,8,7,11,0.503585577011108,0.625,0.0850159078836441,-0.266576379537582,0,0,0
"Legislator 128","PS",14,6,11,10,0.512108027935028,0.585365853658537,0.185983583331108,0.411038249731064,0,0,0
"Legislator 129","UDI",4,10,11,16,0.500223875045776,0.48780487804878,0.332091331481934,0.0663751438260078,0,0,0
"Legislator 130","RN",15,8,4,11,0.519849300384521,0.684210526315789,0.126820340752602,-0.643936097621918,0,0,0
"Legislator 131","DC",14,7,9,8,0.507296442985535,0.578947368421053,0.133279606699944,-0.275710016489029,0,0,0
"Legislator 132","DC",21,11,5,6,0.541695594787598,0.627906976744186,-0.339565306901932,-0.147505089640617,0,0,0
"Legislator 133","RN",15,9,7,7,0.506137728691101,0.578947368421053,0.203539580106735,-0.310854583978653,0,0,0
"Legislator 134","UDI",14,6,3,15,0.571178197860718,0.763157894736842,-0.0296134911477566,0.999561429023743,0,0,0
"Legislator 135","PS",14,3,5,17,0.594857096672058,0.794871794871795,0.00587076367810369,0.999982833862305,0,0,0
"Legislator 136","PPD",7,5,10,15,0.518634855747223,0.594594594594595,0.566208958625793,-0.0987970009446144,0,0,0
"Legislator 137","UDI",9,6,4,17,0.546234011650085,0.722222222222222,0.450409322977066,0.89282214641571,0,0,0
"Legislator 138","PS",14,12,4,11,0.498859316110611,0.609756097560976,0.13561238348484,-0.268252283334732,0,0,0
"Legislator 139","PPD",12,14,10,5,0.492670804262161,0.414634146341463,0.181397721171379,-0.243042096495628,0,0,0
"Legislator 140","UDI",6,7,9,13,0.512949705123901,0.542857142857143,0.339946269989014,0.460447579622269,0,0,0
"Legislator 141","UDI",13,7,2,12,0.56097799539566,0.735294117647059,-0.553784012794495,0.0404544956982136,0,0,0
"Legislator 142","PPD",16,8,5,13,0.536063194274902,0.69047619047619,-0.0339369177818298,0.599288463592529,0,0,0
"Legislator 143","PC",17,10,6,4,0.505463898181915,0.567567567567568,0.0103944903239608,-0.0699644610285759,0,0,0
"Legislator 144","PS",21,12,6,10,0.532198309898376,0.63265306122449,-0.957449972629547,0.288599342107773,0,0,0
"Legislator 145","DC",14,12,7,11,0.527743339538574,0.568181818181818,-0.0634757801890373,0.362429589033127,0,0,0
"Legislator 146","DC",16,7,4,9,0.57593047618866,0.694444444444444,0.00568713061511517,-0.999983906745911,0,0,0
"Legislator 147","RN",12,7,7,9,0.514050364494324,0.6,0.171711653470993,-0.415295422077179,0,0,0
"Legislator 148","PPD",14,7,8,6,0.515840828418732,0.571428571428571,0.0751137062907219,0.491767138242722,0,0,0
"Legislator 149","PC",12,8,10,11,0.509565651416779,0.560975609756098,0.219703808426857,-0.177720755338669,0,0,0
"Legislator 150","UDI",12,8,6,12,0.503981113433838,0.631578947368421,0.243038937449455,-0.0353488326072693,0,0,0
"Legislator 151","UDI",16,8,8,11,0.506860435009003,0.627906976744186,0.192090302705765,-0.117017045617104,0,0,0
"Legislator 152","PS",12,5,9,13,0.510345458984375,0.641025641025641,0.566771566867828,-0.0983293056488037,0,0,0
"Legislator 153","UDI",10,8,11,8,0.501561939716339,0.486486486486487,0.197939857840538,-0.275383293628693,0,0,0
"Legislator 154","IND",16,10,2,10,0.567797839641571,0.684210526315789,-0.152823030948639,-0.988253533840179,0,0,0
"Legislator 155","UDI",11,8,3,10,0.528524935245514,0.65625,-0.156496465206146,0.0168603844940662,0,0,0
"Legislator 156","RN",12,7,6,10,0.539475202560425,0.628571428571429,0.583681166172028,-0.720138907432556,0,0,0
"Legislator 157","DC",9,8,11,14,0.510493218898773,0.547619047619048,0.302224397659302,0.191337212920189,0,0,0
"Legislator 158","RN",13,6,6,15,0.55361008644104,0.7,-0.0497819259762764,0.998760163784027,0,0,0
"Legislator 159","RN",16,10,5,8,0.501015186309814,0.615384615384615,0.0604250244796276,-0.0333172753453255,0,0,0
"Legislator 160","RN",9,8,8,20,0.517404317855835,0.644444444444444,0.297124177217484,0.406618982553482,0,0,0
"Legislator 161","RN",11,13,5,12,0.534042775630951,0.560975609756098,-0.015789620578289,0.584353744983673,0,0,0
"Legislator 162","UDI",14,8,4,5,0.547009766101837,0.612903225806452,-0.47954398393631,0.0886101573705673,0,0,0
"Legislator 163","UDI",18,14,3,12,0.515290379524231,0.638297872340426,-0.00188820622861385,-0.262148946523666,0,0,0
"Legislator 164","DC",11,11,3,9,0.502956748008728,0.588235294117647,0.10770283639431,-0.10282139480114,0,0,0
"Legislator 165","PPD",7,8,5,16,0.511308670043945,0.638888888888889,0.279228061437607,0.0244025494903326,0,0,0
"Legislator 166","UDI",16,6,9,10,0.506859838962555,0.634146341463415,0.142164498567581,-0.249991670250893,0,0,0
"Legislator 167","PPD",12,7,5,9,0.537523627281189,0.636363636363636,-0.244521379470825,-0.089072659611702,0,0,0
"Legislator 168","DC",16,12,2,11,0.519869685173035,0.658536585365854,-0.0603413321077824,0.119587585330009,0,0,0
"Legislator 169","UDI",15,8,10,12,0.531166255474091,0.6,0.088214747607708,0.545256376266479,0,0,0
"Legislator 170","DC",8,8,10,16,0.519937038421631,0.571428571428571,0.569922089576721,0.00375662604346871,0,0,0
"Legislator 171","RN",5,8,9,17,0.517413914203644,0.564102564102564,0.363553702831268,0.430738985538483,0,0,0
"Legislator 172","PPD",8,7,5,11,0.544050931930542,0.612903225806452,0.795941889286041,0.0840465277433395,0,0,0
"Legislator 173","RN",15,9,4,10,0.563180029392242,0.657894736842105,0.350251853466034,-0.936655580997467,0,0,0
"Legislator 174","UDI",14,9,2,11,0.618815183639526,0.694444444444444,0.248342841863632,-0.968672215938568,0,0,0
"Legislator 175","DC",16,9,3,11,0.544012546539307,0.692307692307692,-0.358451336622238,-0.0425934121012688,0,0,0
"Legislator 176","RN",8,8,6,16,0.515182912349701,0.631578947368421,0.435440182685852,0.295679986476898,0,0,0
"Legislator 177","RN",5,6,8,19,0.552473127841949,0.631578947368421,0.84724235534668,-0.531206607818604,0,0,0
"Legislator 178","DC",8,6,8,16,0.538906395435333,0.631578947368421,0.740892648696899,-0.110292352735996,0,0,0
"Legislator 179","PRSD",8,8,7,15,0.517922401428223,0.605263157894737,0.643889427185059,-0.316744059324265,0,0,0
"Legislator 180","DC",11,6,8,14,0.536645889282227,0.641025641025641,0.110917180776596,0.906890213489532,0,0,0
"Legislator 181","RN",14,13,0,9,0.522790729999542,0.638888888888889,-0.126336693763733,-0.0522067099809647,0,0,0
"Legislator 182","RN",15,11,3,10,0.512087762355804,0.641025641025641,0.0458741635084152,-0.197399467229843,0,0,0
"Legislator 183","DC",10,7,6,16,0.561074256896973,0.666666666666667,0.463721662759781,0.885980844497681,0,0,0
"Legislator 184","DC",12,8,7,8,0.509711503982544,0.571428571428571,0.214654117822647,-0.438712328672409,0,0,0
"Legislator 185","PPD",13,7,6,12,0.528265058994293,0.657894736842105,0.250915855169296,0.830296397209167,0,0,0
"Legislator 186","UDI",9,9,12,7,0.495590537786484,0.432432432432432,0.206038936972618,-0.0180526413023472,0,0,0
"Legislator 187","DC",8,12,12,11,0.502802908420563,0.441860465116279,0.301600933074951,0.0747016370296478,0,0,0
"Legislator 188","DC",9,8,4,14,0.537256002426147,0.657142857142857,0.254485994577408,0.820335626602173,0,0,0
"Legislator 189","DC",15,8,8,8,0.506013572216034,0.58974358974359,0.0739559084177017,0.0460691712796688,0,0,0
"Legislator 190","RN",13,11,8,9,0.522046089172363,0.536585365853659,-0.0706139281392097,0.276795774698257,0,0,0
"Legislator 191","DC",13,7,6,9,0.519473969936371,0.628571428571429,-0.0146086914464831,-0.0917244777083397,0,0,0
"Legislator 192","DC",13,12,6,9,0.516350150108337,0.55,0.0352627448737621,-0.0585316084325314,0,0,0
"Legislator 193","DC",14,7,8,10,0.519940137863159,0.615384615384615,0.0609728172421455,0.377935826778412,0,0,0
"Legislator 194","DC",12,10,4,12,0.512280702590942,0.631578947368421,-0.00519295828416944,0.08806262165308,0,0,0
"Legislator 195","PS",18,8,4,12,0.51424241065979,0.714285714285714,-0.0272240694612265,-0.0973409414291382,0,0,0
"Legislator 196","DC",17,8,5,9,0.547896504402161,0.666666666666667,0.153631418943405,-0.988128185272217,0,0,0
"Legislator 197","PS",16,11,5,6,0.516577422618866,0.578947368421053,0.0199391078203917,-0.0694194957613945,0,0,0
"Legislator 198","PS",10,6,5,18,0.562280297279358,0.717948717948718,0.745652556419373,-0.666334986686707,0,0,0
"Legislator 199","RN",10,11,10,11,0.508199036121368,0.5,0.235062792897224,0.180386170744896,0,0,0
"Legislator 200","DC",15,7,10,9,0.5223588347435,0.585365853658537,0.431252211332321,-0.403279215097427,0,0,0
"Legislator 201","PRSD",6,8,6,16,0.522509038448334,0.611111111111111,0.637921810150146,0.0652548149228096,0,0,0
"Legislator 202","DC",12,8,6,10,0.50841873884201,0.611111111111111,0.212353050708771,-0.365943223237991,0,0,0
"Legislator 203","DC",9,2,9,12,0.577520072460175,0.65625,0.298226594924927,0.954495072364807,0,0,0
"Legislator 204","DC",11,11,7,10,0.519273519515991,0.538461538461538,0.489402711391449,-0.443622469902039,0,0,0
"Legislator 205","DC",9,5,5,16,0.554260194301605,0.714285714285714,0.0258990041911602,0.99301552772522,0,0,0
"Legislator 206","IND",13,8,8,8,0.51866340637207,0.567567567567568,0.262448728084564,-0.688283622264862,0,0,0
"Legislator 207","RN",12,12,4,6,0.51055920124054,0.529411764705882,0.0123295178636909,-0.22447681427002,0,0,0
"Legislator 208","PPD",15,7,11,6,0.499401956796646,0.538461538461538,0.173061937093735,-0.165476888418198,0,0,0
"Legislator 209","DC",5,7,12,14,0.514549970626831,0.5,0.432168424129486,-0.0270002242177725,0,0,0
"Legislator 210","IND",20,7,6,8,0.570305943489075,0.682926829268293,-0.677888870239258,0.73516434431076,0,0,0
"Legislator 211","RN",12,7,7,10,0.519318461418152,0.611111111111111,0.169888854026794,0.317563652992249,0,0,0
"Legislator 212","PS",15,11,10,7,0.498674631118774,0.511627906976744,0.171801701188087,0.0827990844845772,0,0,0
"Legislator 213","DC",19,13,4,11,0.533305406570435,0.638297872340426,-0.929158210754395,0.36968258023262,0,0,0
"Legislator 214","UDI",14,5,10,17,0.558542013168335,0.673913043478261,0.315193057060242,0.94902765750885,0,0,0
"Legislator 215","RN",17,11,5,6,0.511453807353973,0.58974358974359,-0.0680270045995712,0.0976542681455612,0,0,0
"Legislator 216","DC",14,11,4,11,0.561234712600708,0.625,0.481244623661041,-0.876586318016052,0,0,0
"Legislator 217","DC",15,9,5,9,0.536536633968353,0.631578947368421,-0.0912347733974457,0.297150760889053,0,0,0
"Legislator 218","PS",9,12,6,7,0.510223805904388,0.470588235294118,0.342676877975464,-0.344947218894958,0,0,0
"Legislator 219","RN",10,10,11,11,0.509173631668091,0.5,0.285518437623978,0.359929144382477,0,0,0
"Legislator 220","DC",17,8,6,7,0.526566386222839,0.631578947368421,-0.00174964137841016,0.422575682401657,0,0,0
"Legislator 221","RN",12,10,2,9,0.54343843460083,0.636363636363636,0.411877125501633,-0.911239326000214,0,0,0
"Legislator 222","RN",6,10,15,13,0.493433147668839,0.431818181818182,0.300863534212112,-0.0758571773767471,0,0,0
"Legislator 223","DC",9,10,5,10,0.516461312770844,0.558823529411765,-0.0652165785431862,0.0930378586053848,0,0,0
"Legislator 224","PPD",15,8,3,8,0.539516687393188,0.676470588235294,-0.168342456221581,0.115268021821976,0,0,0
"Legislator 225","PPD",17,12,4,11,0.549700438976288,0.636363636363636,0.172760471701622,-0.984963834285736,0,0,0
"Legislator 226","RN",15,7,8,8,0.535342991352081,0.605263157894737,0.435461491346359,-0.900207340717316,0,0,0
"Legislator 227","PS",16,8,5,11,0.51969838142395,0.675,0.0393670089542866,-0.36910405755043,0,0,0
"Legislator 228","RN",10,10,4,13,0.522575616836548,0.621621621621622,0.3696608543396,-0.579709708690643,0,0,0
"Legislator 229","RN",6,8,11,13,0.50631582736969,0.5,0.411209106445312,0.0443809814751148,0,0,0
"Legislator 230","PS",10,3,12,13,0.503785729408264,0.605263157894737,0.20894455909729,0.393367201089859,0,0,0
"Legislator 231","RN",14,10,5,11,0.516229867935181,0.625,0.332032233476639,-0.414403200149536,0,0,0
"Legislator 232","DC",14,6,8,9,0.503832578659058,0.621621621621622,0.187232151627541,0.419897586107254,0,0,0
"Legislator 233","DC",9,3,11,15,0.536309659481049,0.631578947368421,0.723854243755341,-0.16467572748661,0,0,0
"Legislator 234","DC",13,7,6,13,0.541710913181305,0.666666666666667,0.370094060897827,-0.928994297981262,0,0,0
"Legislator 235","RN",10,4,4,14,0.536544322967529,0.75,0.195741087198257,-0.743827521800995,0,0,0
"Legislator 236","RN",8,7,10,14,0.508775889873505,0.564102564102564,0.326607078313828,0.102166093885899,0,0,0
"Legislator 237","DC",10,11,7,6,0.504313170909882,0.470588235294118,0.122870497405529,0.367451399564743,0,0,0
"Legislator 238","RN",16,7,10,9,0.513207197189331,0.595238095238095,0.0111649604514241,0.291396200656891,0,0,0
"Legislator 239","DC",17,7,2,11,0.586483418941498,0.756756756756757,-0.689827740192413,-0.286333292722702,0,0,0
"Legislator 240","PPD",7,7,10,19,0.537236452102661,0.604651162790698,0.513129770755768,0.80100816488266,0,0,0
"Legislator 241","DC",12,8,7,9,0.52783465385437,0.583333333333333,0.379250437021255,-0.728584110736847,0,0,0
"Legislator 242","RN",11,11,2,12,0.519286274909973,0.638888888888889,0.429759919643402,-0.312258839607239,0,0,0
"Legislator 243","RN",9,3,6,15,0.554550230503082,0.727272727272727,0.719943761825562,0.611201524734497,0,0,0
"Legislator 244","DC",11,7,11,11,0.496854066848755,0.55,0.35782191157341,0.113856583833694,0,0,0
"Legislator 245","PRSD",12,6,8,13,0.50871479511261,0.641025641025641,0.198627471923828,0.596263289451599,0,0,0
"Legislator 246","DC",11,5,12,11,0.519137442111969,0.564102564102564,0.406909018754959,0.578973531723022,0,0,0
"Legislator 247","DC",8,5,11,11,0.520265936851501,0.542857142857143,0.686942994594574,0.0814802423119545,0,0,0
"Legislator 248","PRSD",10,4,12,10,0.525970041751862,0.555555555555556,0.492410153150558,0.395159244537354,0,0,0
"Legislator 249","PRSD",9,10,9,12,0.510453939437866,0.525,0.228424146771431,0.433529287576675,0,0,0
"Legislator 250","UDI",13,3,9,11,0.518560469150543,0.666666666666667,0.603592693805695,-0.174177721142769,0,0,0
"Legislator 251","IND",16,9,7,6,0.50758570432663,0.578947368421053,0.170873999595642,0.15506049990654,0,0,0
"Legislator 252","DC",13,8,7,13,0.527310073375702,0.634146341463415,0.0106728924438357,0.43910950422287,0,0,0
"Legislator 253","DC",9,4,8,15,0.559123575687408,0.666666666666667,0.443919003009796,0.896066963672638,0,0,0
"Legislator 254","PS",10,5,7,9,0.507922649383545,0.612903225806452,0.06162378937006,0.0834403112530708,0,0,0
"Legislator 255","PPD",11,11,9,2,0.503087759017944,0.393939393939394,0.0867473632097244,-0.00655485410243273,0,0,0
"Legislator 256","PS",12,12,3,9,0.506203591823578,0.583333333333333,0.408290654420853,-0.453243792057037,0,0,0
"Legislator 257","DC",13,6,8,9,0.502859055995941,0.611111111111111,0.318258255720139,-0.251451104879379,0,0,0
"Legislator 258","RN",12,5,7,17,0.559306442737579,0.707317073170732,0.749857187271118,-0.651903510093689,0,0,0
"Legislator 259","PPD",15,5,9,10,0.506579518318176,0.641025641025641,0.139244943857193,0.294609665870667,0,0,0
"Legislator 260","RN",8,4,3,20,0.601101219654083,0.8,0.996464848518372,0.084010623395443,0,0,0
"Legislator 261","PPD",5,12,12,12,0.494629591703415,0.414634146341463,0.282074421644211,-0.0656799376010895,0,0,0
"Legislator 262","RN",14,13,4,6,0.508012413978577,0.540540540540541,0.0859524831175804,-0.0963719710707664,0,0,0
"Legislator 263","PS",9,7,11,12,0.496309697628021,0.538461538461538,0.350083470344543,-0.0909570828080177,0,0,0
"Legislator 264","DC",11,13,3,14,0.518429338932037,0.609756097560976,0.360262036323547,-0.562839806079865,0,0,0
"Legislator 265","PS",11,8,3,8,0.507864415645599,0.633333333333333,0.274346172809601,-0.422114461660385,0,0,0
"Legislator 266","PRSD",10,10,8,14,0.53145706653595,0.571428571428571,0.492656677961349,0.86364209651947,0,0,0
"Legislator 267","RN",13,7,6,9,0.535603046417236,0.628571428571429,0.127916589379311,0.60322105884552,0,0,0
"Legislator 268","DC",11,8,7,14,0.536749482154846,0.625,0.0399954728782177,0.624203562736511,0,0,0
"Legislator 269","RN",13,6,5,14,0.563321948051453,0.710526315789474,-0.156487166881561,0.971693813800812,0,0,0
"Legislator 270","DC",19,7,5,5,0.540966868400574,0.666666666666667,-0.138738214969635,-0.486212164163589,0,0,0
"Legislator 271","Other",11,10,5,15,0.520726203918457,0.634146341463415,0.269852340221405,0.736810326576233,0,0,0
"Legislator 272","DC",16,7,4,16,0.530900716781616,0.744186046511628,0.0571849197149277,0.420981824398041,0,0,0
"Legislator 273","DC",12,7,10,11,0.508045256137848,0.575,0.223520711064339,-0.120775178074837,0,0,0
"Legislator 274","PS",17,8,7,10,0.523544609546661,0.642857142857143,-0.199803158640862,0.128378286957741,0,0,0
"Legislator 275","RN",11,3,9,14,0.512598514556885,0.675675675675676,0.342978149652481,0.0366641134023666,0,0,0
"Legislator 276","DC",18,9,3,7,0.522018015384674,0.675675675675676,-0.237346172332764,0.213856413960457,0,0,0
"Legislator 277","PRSD",6,6,7,18,0.556295216083527,0.648648648648649,0.655584514141083,0.659929752349854,0,0,0
"Legislator 278","RN",11,9,6,6,0.511623024940491,0.53125,0.344796448945999,-0.394521147012711,0,0,0
"Legislator 279","DC",13,4,9,13,0.539568245410919,0.666666666666667,0.780948460102081,-0.278814703226089,0,0,0
"Legislator 280","PS",18,6,5,10,0.562159419059753,0.717948717948718,-0.136339604854584,-0.816762268543243,0,0,0
"Legislator 281","UDI",12,9,8,9,0.504176795482635,0.552631578947368,0.14400027692318,-0.0115262689068913,0,0,0
"Legislator 282","RN",11,9,10,10,0.526016294956207,0.525,0.171029165387154,0.615472316741943,0,0,0
"Legislator 283","IND",11,6,4,10,0.552492201328278,0.67741935483871,0.359083324670792,-0.933305561542511,0,0,0
"Legislator 284","IND",16,8,6,9,0.538683533668518,0.641025641025641,-0.0981734395027161,-0.50539493560791,0,0,0
"Legislator 285","UDI",11,5,10,14,0.524554371833801,0.625,0.490724354982376,0.739018857479095,0,0,0
"Legislator 286","PPD",11,7,5,10,0.50950425863266,0.636363636363636,0.118247106671333,0.409182012081146,0,0,0
"Legislator 287","DC",12,17,3,9,0.495437383651733,0.51219512195122,0.100274927914143,-0.17701543867588,0,0,0
"Legislator 288","RN",18,7,7,9,0.518346071243286,0.658536585365854,-0.0480590686202049,0.340166866779327,0,0,0
"Legislator 289","PRSD",19,4,5,10,0.54195249080658,0.763157894736842,-0.15849532186985,0.708664238452911,0,0,0
"Legislator 290","PS",19,7,5,4,0.536855161190033,0.657142857142857,-0.143190324306488,-0.452889829874039,0,0,0
"Legislator 291","PPD",15,7,7,12,0.501552820205688,0.658536585365854,0.180071845650673,0.130877822637558,0,0,0
"Legislator 292","UDI",15,11,9,7,0.502236306667328,0.523809523809524,0.111352853477001,-0.295060813426971,0,0,0
"Legislator 293","DC",13,8,6,11,0.52088987827301,0.631578947368421,0.181402295827866,0.686587870121002,0,0,0
"Legislator 294","UDI",11,10,6,8,0.51780503988266,0.542857142857143,0.148050487041473,-0.339539617300034,0,0,0
"Legislator 295","DC",7,11,7,15,0.522202372550964,0.55,0.53503429889679,-0.203238651156425,0,0,0
"Legislator 296","PS",11,8,4,12,0.50786304473877,0.657142857142857,0.0631837099790573,0.209649130702019,0,0,0
"Legislator 297","IND",15,3,7,10,0.565933406352997,0.714285714285714,-0.417990863323212,0.40498822927475,0,0,0
"Legislator 298","RN",8,9,6,22,0.555195450782776,0.666666666666667,0.770652890205383,0.635186016559601,0,0,0
"Legislator 299","UDI",7,8,11,12,0.52100658416748,0.5,0.432167202234268,0.286806523799896,0,0,0
"Legislator 300","PPD",8,7,8,16,0.519465804100037,0.615384615384615,0.320208609104156,0.458868086338043,0,0,0
"Legislator 301","PPD",16,8,3,11,0.538260638713837,0.710526315789474,0.166872724890709,-0.985978484153748,0,0,0
"Legislator 302","DC",9,6,7,13,0.531683683395386,0.628571428571429,0.516444027423859,-0.316159188747406,0,0,0
"Legislator 303","DC",19,9,5,9,0.530187726020813,0.666666666666667,-0.136002540588379,-0.525994479656219,0,0,0
"Legislator 304","UDI",7,12,3,10,0.512241065502167,0.53125,0.106046907603741,0.286392748355865,0,0,0
"Legislator 305","DC",12,8,13,10,0.504746198654175,0.511627906976744,0.491772502660751,-0.28690841794014,0,0,0
"Legislator 306","RN",3,9,9,14,0.507802307605743,0.485714285714286,0.424427807331085,0.289041072130203,0,0,0
"Legislator 307","PS",9,8,8,12,0.502639174461365,0.567567567567568,0.274642467498779,-0.0178019814193249,0,0,0
"Legislator 308","PPD",9,9,9,17,0.521937489509583,0.590909090909091,0.486437231302261,-0.0536416843533516,0,0,0
"Legislator 309","DC",21,12,7,6,0.511891663074493,0.58695652173913,-0.0676544830203056,-0.0442874506115913,0,0,0
"Legislator 310","PPD",16,10,9,8,0.497925102710724,0.558139534883721,0.153791025280952,-0.156641215085983,0,0,0
"Legislator 311","DC",6,7,10,15,0.503734946250916,0.552631578947368,0.243815407156944,0.0401413477957249,0,0,0
"Legislator 312","RN",14,13,7,10,0.511293351650238,0.545454545454545,0.260697096586227,-0.346595585346222,0,0,0
"Legislator 313","UDI",15,10,6,9,0.512993037700653,0.6,-0.031015457585454,-0.0984218865633011,0,0,0
"Legislator 314","RN",11,10,7,11,0.51025390625,0.564102564102564,0.250607997179031,0.505997002124786,0,0,0
"Legislator 315","DC",14,13,2,9,0.512509107589722,0.605263157894737,0.115659885108471,-0.337146818637848,0,0,0
"Legislator 316","DC",14,7,10,9,0.537336826324463,0.575,-0.0437302105128765,0.578456044197083,0,0,0
"Legislator 317","DC",8,10,8,11,0.505278348922729,0.513513513513513,0.00710158934816718,0.112334787845612,0,0,0
"Legislator 318","DC",14,10,2,11,0.528896629810333,0.675675675675676,-0.0671408101916313,0.485999584197998,0,0,0
"Legislator 319","UDI",12,5,12,12,0.522810459136963,0.585365853658537,0.365612655878067,0.541523039340973,0,0,0
"Legislator 320","UDI",18,6,6,9,0.504356026649475,0.692307692307692,0.195522487163544,-0.693977832794189,0,0,0
"Legislator 321","PRSD",15,9,8,9,0.532623410224915,0.585365853658537,-0.0107186678797007,0.534745216369629,0,0,0
"Legislator 322","DC",8,6,10,12,0.520947575569153,0.555555555555556,0.303120940923691,0.303996384143829,0,0,0
"Legislator 323","PS",11,10,5,12,0.5072141289711,0.605263157894737,0.305406004190445,-0.260204136371613,0,0,0
"Legislator 324","RN",8,9,12,9,0.494358271360397,0.447368421052632,0.259894549846649,0.117601647973061,0,0,0
"Legislator 325","UCCP",16,10,6,6,0.521295011043549,0.578947368421053,-0.00879306346178055,-0.501914620399475,0,0,0
"Legislator 326","PPD",14,5,5,8,0.524243712425232,0.6875,0.125507563352585,-0.862882196903229,0,0,0
"Legislator 327","UDI",16,9,6,8,0.542681634426117,0.615384615384615,0.127288982272148,-0.947612106800079,0,0,0
"Legislator 328","DC",12,9,9,8,0.504520118236542,0.526315789473684,0.203841507434845,-0.0839085504412651,0,0,0
"Legislator 329","PPD",20,10,3,10,0.560117900371552,0.697674418604651,-0.847285985946655,0.531137049198151,0,0,0
"Legislator 330","IND",16,13,6,10,0.54619288444519,0.577777777777778,-0.327678769826889,0.232922896742821,0,0,0
"Legislator 331","PPD",19,8,4,7,0.543104410171509,0.684210526315789,0.138311877846718,-0.990388691425323,0,0,0
"Legislator 332","PS",7,6,7,16,0.514208018779755,0.638888888888889,0.41544908285141,0.00949848163872957,0,0,0
"Legislator 333","IND",13,12,6,10,0.516878962516785,0.560975609756098,0.255982846021652,-0.388442903757095,0,0,0
"Legislator 334","UDI",14,7,10,7,0.499425858259201,0.552631578947368,0.0920838192105293,-0.171853199601173,0,0,0
"Legislator 335","UDI",11,1,10,15,0.532542049884796,0.702702702702703,0.520714521408081,0.148841083049774,0,0,0
"Legislator 336","UDI",13,10,5,11,0.534013748168945,0.615384615384615,-0.0192588344216347,-0.650258898735046,0,0,0
"Legislator 337","UDI",13,4,8,14,0.52739143371582,0.692307692307692,0.548469364643097,0.43151929974556,0,0,0
"Legislator 338","PC",11,12,7,10,0.509732484817505,0.525,0.314529567956924,-0.303819805383682,0,0,0
"Legislator 339","PPD",17,10,5,6,0.546032130718231,0.605263157894737,-0.268258988857269,0.232654899358749,0,0,0
"Legislator 340","DC",18,8,1,9,0.562243640422821,0.75,0.171087250113487,-0.985255837440491,0,0,0
"Legislator 341","DC",11,9,7,10,0.506918370723724,0.567567567567568,0.182225495576859,0.0250075329095125,0,0,0
"Legislator 342","PRSD",13,8,4,11,0.52630478143692,0.666666666666667,0.484542697668076,-0.757866859436035,0,0,0
"Legislator 343","RN",14,10,8,7,0.500579655170441,0.538461538461538,0.0918054655194283,0.0706115514039993,0,0,0
"Legislator 344","DC",13,6,10,9,0.5261390209198,0.578947368421053,-0.0595296658575535,0.528662323951721,0,0,0
"Legislator 345","UDI",10,6,13,10,0.515526831150055,0.512820512820513,0.513338208198547,0.0297413468360901,0,0,0
"Legislator 346","PC",12,7,13,8,0.498481512069702,0.5,0.199952691793442,-0.108535647392273,0,0,0
"Legislator 347","PS",12,5,7,12,0.554977118968964,0.666666666666667,0.592060506343842,-0.594939172267914,0,0,0
"Legislator 348","UDI",8,6,6,18,0.54692804813385,0.684210526315789,0.592340230941772,0.619901359081268,0,0,0
"Legislator 349","PPD",10,12,9,8,0.504256784915924,0.461538461538462,0.107665680348873,-0.2645603120327,0,0,0
"Legislator 350","PC",16,5,1,12,0.607128441333771,0.823529411764706,-0.454724013805389,-0.890632331371307,0,0,0
"Legislator 351","PS",11,13,6,9,0.502613067626953,0.512820512820513,0.108679205179214,0.144579082727432,0,0,0
"Legislator 352","REVD",16,6,5,10,0.581107318401337,0.702702702702703,-0.294023185968399,0.657110452651978,0,0,0
"Legislator 353","EVOP",12,9,7,13,0.522443473339081,0.609756097560976,0.149168878793716,0.51201331615448,0,0,0
"Legislator 354","DC",16,11,2,10,0.512824833393097,0.666666666666667,0.0326959080994129,-0.150007307529449,0,0,0
"Legislator 355","DC",15,6,8,9,0.516907334327698,0.631578947368421,0.27819150686264,-0.752220511436462,0,0,0
"Legislator 356","PS",16,8,9,13,0.514801800251007,0.630434782608696,0.447247982025146,-0.536219954490662,0,0,0
"Legislator 357","UDI",14,3,3,22,0.640468299388885,0.857142857142857,0.98533970117569,-0.170603513717651,0,0,0
"Legislator 358","PS",10,13,3,13,0.50318318605423,0.58974358974359,0.0660543069243431,-0.0618178062140942,0,0,0
"Legislator 359","UDI",18,8,4,7,0.533634185791016,0.675675675675676,-0.196748748421669,-0.193145617842674,0,0,0
"Legislator 360","DC",7,6,11,12,0.529021322727203,0.527777777777778,0.650148570537567,-0.0136943198740482,0,0,0
"Legislator 361","DC",14,11,4,9,0.524349510669708,0.605263157894737,0.109936989843845,-0.700299620628357,0,0,0
"Legislator 362","IND",11,11,3,9,0.518431544303894,0.588235294117647,0.0695197060704231,-0.244270130991936,0,0,0
"Legislator 363","RN",9,7,10,15,0.499744862318039,0.585365853658537,0.389733076095581,0.0292114932090044,0,0,0
"Legislator 364","RN",11,13,6,13,0.498578697443008,0.558139534883721,0.177851408720016,0.0651361495256424,0,0,0
"Legislator 365","RN",13,8,3,18,0.576438009738922,0.738095238095238,-0.458454042673111,0.888718128204346,0,0,0
"Legislator 366","UDI",12,6,10,12,0.52310311794281,0.6,0.257697850465775,0.618205010890961,0,0,0
"Legislator 367","IND",14,10,3,6,0.521450936794281,0.606060606060606,-0.184339135885239,-0.0371935814619064,0,0,0
"Legislator 368","IND",12,9,7,8,0.520497560501099,0.555555555555556,0.10279493033886,-0.635572075843811,0,0,0
"Legislator 369","PPD",13,6,8,11,0.509052574634552,0.631578947368421,0.181770369410515,0.382894963026047,0,0,0
"Legislator 370","Other",22,6,3,7,0.603493452072144,0.763157894736842,-0.720316469669342,-0.693645715713501,0,0,0
"Legislator 371","Other",15,6,6,10,0.509239315986633,0.675675675675676,0.250771790742874,-0.337185591459274,0,0,0
"Legislator 372","Other",14,13,5,6,0.492116928100586,0.526315789473684,0.138987153768539,0.0205216854810715,0,0,0
"Legislator 373","Other",8,6,9,17,0.522102057933807,0.625,0.568234503269196,-0.134221583604813,0,0,0
"Legislator 374","Other",15,8,6,11,0.517048895359039,0.65,0.000964249426033348,-0.550428748130798,0,0,0
"Legislator 375","Other",13,7,10,13,0.521295189857483,0.604651162790698,0.161289572715759,0.589880883693695,0,0,0
"Legislator 376","Other",20,5,5,6,0.532841563224792,0.722222222222222,-0.17464192211628,-0.388779520988464,0,0,0
"Legislator 377","Other",17,7,6,7,0.543367803096771,0.648648648648649,0.0847539380192757,-0.870852649211884,0,0,0
"Legislator 378","Other",13,8,1,7,0.558332920074463,0.689655172413793,-0.852704107761383,-0.435937970876694,0,0,0
"Legislator 379","Other",12,6,6,18,0.553863525390625,0.714285714285714,0.503088653087616,0.864234864711761,0,0,0
"Legislator 380","Other",12,6,11,12,0.501432776451111,0.585365853658537,0.322126716375351,0.118415929377079,0,0,0
"Legislator 381","Other",6,7,10,15,0.512413442134857,0.552631578947368,0.353004634380341,-0.0472774133086205,0,0,0
"Legislator 382","Other",9,4,6,14,0.5328449010849,0.696969696969697,0.559148192405701,-0.273485243320465,0,0,0
"Legislator 383","Other",7,9,7,14,0.503385663032532,0.567567567567568,0.294637084007263,-0.0688095241785049,0,0,0
"Legislator 384","Other",10,7,3,17,0.531575858592987,0.72972972972973,0.0494316220283508,0.600102365016937,0,0,0
"Legislator 385","Other",15,7,7,9,0.530113995075226,0.631578947368421,0.0439579151570797,-0.761647343635559,0,0,0
"Legislator 386","Other",8,6,11,16,0.508155643939972,0.585365853658537,0.405991286039352,0.2316684871912,0,0,0
"Legislator 387","Other",9,12,7,11,0.512260615825653,0.512820512820513,0.160884007811546,0.218414813280106,0,0,0
"Legislator 388","Other",7,6,8,19,0.5253946185112,0.65,0.462652534246445,0.513365030288696,0,0,0
"Legislator 389","Other",8,8,10,13,0.508609652519226,0.538461538461538,0.313570827245712,0.435805201530457,0,0,0
"Legislator 390","Other",11,8,8,12,0.501960337162018,0.58974358974359,0.218509286642075,0.13021220266819,0,0,0
"Legislator 391","Other",8,8,10,18,0.523255825042725,0.590909090909091,0.649588406085968,0.424285978078842,0,0,0
"Legislator 392","Other",6,7,9,22,0.541432857513428,0.636363636363636,0.519560217857361,0.527478814125061,0,0,0
"Legislator 393","Other",17,10,5,8,0.514631986618042,0.625,0.0670746713876724,-0.333067893981934,0,0,0
"Legislator 394","Other",13,9,7,15,0.517450928688049,0.636363636363636,0.23556786775589,0.225930824875832,0,0,0
"Legislator 395","Other",7,6,12,17,0.50148868560791,0.571428571428571,0.36974760890007,0.0746223777532578,0,0,0
"Legislator 396","Other",17,6,6,9,0.527087330818176,0.684210526315789,0.553197145462036,-0.599202692508698,0,0,0
"Legislator 397","Other",21,3,6,7,0.592057943344116,0.756756756756757,-0.641585290431976,-0.0955468937754631,0,0,0
"Legislator 398","Other",13,11,2,6,0.522024571895599,0.59375,-0.0881114453077316,-0.405778229236603,0,0,0
"Legislator 399","Other",8,5,6,16,0.53374195098877,0.685714285714286,0.282730728387833,0.95919930934906,0,0,0
"Legislator 400","Other",9,11,5,12,0.515446662902832,0.567567567567568,0.00999519508332014,0.268750011920929,0,0,0
"Legislator 401","Other",18,7,8,9,0.532593548297882,0.642857142857143,-0.305455237627029,0.523954272270203,0,0,0
"Legislator 402","Other",15,8,4,9,0.519672751426697,0.666666666666667,0.166244596242905,-0.551150023937225,0,0,0
"Legislator 403","Other",19,5,6,9,0.583851873874664,0.717948717948718,-0.431539118289948,0.75056666135788,0,0,0
"Legislator 404","Other",15,5,5,10,0.509151101112366,0.714285714285714,0.0259011778980494,0.0905896127223969,0,0,0
"Legislator 405","Other",10,6,9,15,0.51799738407135,0.625,0.329950332641602,0.494818538427353,0,0,0
"Legislator 406","Other",6,9,12,20,0.501862168312073,0.553191489361702,0.346553534269333,0.22729854285717,0,0,0
"Legislator 407","Other",7,3,6,20,0.544308304786682,0.75,0.573524832725525,0.507806479930878,0,0,0
"Legislator 408","Other",15,7,10,13,0.52617609500885,0.622222222222222,0.188346818089485,0.5138179063797,0,0,0
"Legislator 409","Other",12,14,4,11,0.513908803462982,0.560975609756098,0.176374971866608,-0.388539791107178,0,0,0
"Legislator 410","Other",10,7,8,8,0.507480263710022,0.545454545454545,0.122367054224014,-0.334769129753113,0,0,0
"Legislator 411","Other",6,3,10,16,0.519694447517395,0.628571428571429,0.39667996764183,0.550149977207184,0,0,0
"Legislator 412","Other",7,6,7,19,0.592052280902863,0.666666666666667,0.467054516077042,0.884228527545929,0,0,0
"Legislator 413","Other",16,4,9,17,0.554276347160339,0.717391304347826,0.364353895187378,0.931260645389557,0,0,0
"Legislator 414","Other",8,2,10,14,0.5102219581604,0.647058823529412,0.532037079334259,0.190735727548599,0,0,0
"Legislator 415","Other",14,9,6,9,0.521575808525085,0.605263157894737,-0.0806401148438454,0.216088727116585,0,0,0
"Legislator 416","Other",14,8,5,7,0.51172548532486,0.617647058823529,0.265783667564392,-0.323949694633484,0,0,0
"Legislator 417","Other",14,7,10,7,0.525037229061127,0.552631578947368,-0.0647283643484116,0.273454755544662,0,0,0
"Legislator 418","Other",13,11,1,10,0.531599819660187,0.657142857142857,-0.0209775138646364,0.0530045926570892,0,0,0
"Legislator 419","Other",16,9,3,13,0.543775081634521,0.707317073170732,0.179954543709755,-0.927912294864655,0,0,0
"Legislator 420","Other",13,8,9,12,0.510128796100616,0.595238095238095,0.180695250630379,-0.107212997972965,0,0,0
"Legislator 421","Other",9,5,11,12,0.497102051973343,0.567567567567568,0.417329698801041,-0.0131291756406426,0,0,0
"Legislator 422","Other",16,8,5,7,0.51490980386734,0.638888888888889,0.333606243133545,-0.559076726436615,0,0,0
"Legislator 423","Other",9,8,8,14,0.52608335018158,0.58974358974359,0.258495390415192,0.533752381801605,0,0,0
"Legislator 424","Other",9,9,3,18,0.55006617307663,0.692307692307692,0.976668477058411,-0.0864219516515732,0,0,0
"Legislator 425","Other",16,13,6,12,0.520587861537933,0.595744680851064,-0.11358355730772,0.339709758758545,0,0,0
"Legislator 426","Other",14,7,7,9,0.518237173557281,0.621621621621622,0.50460410118103,-0.654689252376556,0,0,0
"Legislator 427","Other",14,10,10,11,0.518025577068329,0.555555555555556,0.383893072605133,-0.575230896472931,0,0,0
"Legislator 428","PS",5,5,7,17,0.554557025432587,0.647058823529412,0.986284255981445,-0.09129448980093,0,0,0
"Legislator 429","Other",9,10,7,11,0.501619517803192,0.540540540540541,0.19329808652401,0.0748921260237694,0,0,0
"Legislator 430","PS",15,8,12,6,0.513490259647369,0.51219512195122,0.16595683991909,0.546635627746582,0,0,0
"Legislator 431","Other",9,5,11,12,0.524451851844788,0.567567567567568,0.359241425991058,0.329787939786911,0,0,0
"Legislator 432","PS",15,10,4,11,0.52989786863327,0.65,0.0297354515641928,0.281055241823196,0,0,0
"Legislator 433","Other",12,10,9,4,0.492237657308578,0.457142857142857,0.148273140192032,0.014601961709559,0,0,0
"Legislator 434","Other",11,5,6,15,0.566409170627594,0.702702702702703,0.810055553913116,-0.586353182792664,0,0,0
"Legislator 435","Other",6,6,7,12,0.51128089427948,0.580645161290323,0.547705352306366,-0.180774077773094,0,0,0
"Legislator 436","Other",14,10,5,6,0.499256879091263,0.571428571428571,0.0102027785032988,-0.0783635899424553,0,0,0
"Legislator 437","Other",14,13,5,8,0.536654353141785,0.55,-0.984056115150452,-0.177857756614685,0,0,0
"Legislator 438","Other",14,11,1,8,0.531487882137299,0.647058823529412,0.256059110164642,-0.493715316057205,0,0,0
"Legislator 439","Other",7,7,6,19,0.512997508049011,0.666666666666667,0.419217079877853,0.432356745004654,0,0,0
"Legislator 440","Other",10,11,6,6,0.503771364688873,0.484848484848485,0.1434615701437,-0.478472083806992,0,0,0
"Legislator 441","Other",20,6,4,6,0.543425858020782,0.722222222222222,0.0510318130254745,-0.99869704246521,0,0,0
"Legislator 442","Other",20,7,7,10,0.523763239383698,0.681818181818182,0.292505919933319,-0.656621158123016,0,0,0
"Legislator 443","Other",10,8,13,12,0.497678160667419,0.511627906976744,0.278910160064697,0.139576569199562,0,0,0
"Legislator 444","Other",7,6,11,18,0.52465558052063,0.595238095238095,0.562736213207245,-0.118805430829525,0,0,0
"Legislator 445","Other",8,5,11,15,0.51233696937561,0.58974358974359,0.32655143737793,0.448360115289688,0,0,0
"Legislator 446","Other",16,7,4,7,0.569713711738586,0.676470588235294,-0.355514705181122,0.934670627117157,0,0,0
"Legislator 447","Other",18,7,7,13,0.514045596122742,0.688888888888889,0.0358739867806435,0.0668400600552559,0,0,0
"Legislator 448","Other",10,6,12,10,0.523558080196381,0.526315789473684,0.670596241950989,-0.226826250553131,0,0,0
"Legislator 449","Other",10,13,8,8,0.500269532203674,0.461538461538462,0.155697122216225,-0.10781717300415,0,0,0
"Legislator 450","PL",13,10,9,7,0.499140620231628,0.512820512820513,0.0195692721754313,0.262302607297897,0,0,0
"Legislator 451","Other",10,6,10,13,0.513218343257904,0.58974358974359,0.568182766437531,-0.0257856287062168,0,0,0
"Legislator 452","RN",6,6,6,23,0.553829669952393,0.707317073170732,0.976250171661377,-0.190133035182953,0,0,0
"Legislator 453","PS",9,7,14,11,0.503813147544861,0.48780487804878,0.445355087518692,0.0734435692429543,0,0,0
"Legislator 454","Other",9,8,5,13,0.521555960178375,0.628571428571429,0.124555230140686,0.431879699230194,0,0,0
"Legislator 455","Other",10,11,6,12,0.508018314838409,0.564102564102564,0.201930031180382,0.175968363881111,0,0,0
